# www.meshy.ai
mtllib Meshy_AI__0920153324_texture.mtl
o Meshy_AI__0920153324_texture
v 0.056152 0.041260 0.064941
v 0.056641 0.072266 0.063477
v 0.040771 0.070312 0.077637
v 0.068848 0.016724 0.048584
v 0.066406 0.044434 0.046631
v 0.040283 0.040039 0.078125
v 0.056641 0.013550 0.066406
v 0.104004 -0.093262 0.005524
v 0.083984 -0.050781 -0.007660
v 0.095215 -0.089355 -0.020630
v 0.105469 -0.093750 0.032715
v 0.100586 -0.099609 0.031250
v 0.101562 -0.084473 -0.022949
v 0.109375 -0.088379 0.004059
v 0.084961 -0.058838 0.035889
v 0.089355 -0.054443 0.014404
v -0.022827 0.283203 0.076172
v -0.019287 0.281250 0.072266
v -0.015747 0.277344 0.081055
v -0.026367 0.292969 0.076660
v -0.026123 0.283203 0.065918
v -0.021484 0.281250 0.066406
v -0.017334 0.281250 0.086426
v -0.020386 0.291016 0.087891
v -0.056885 -0.003769 0.064941
v -0.044189 -0.007446 0.086426
v -0.062988 -0.004425 0.071777
v -0.068848 -0.000572 0.047363
v -0.076172 -0.023438 0.046631
v -0.062500 -0.028442 0.064941
v -0.038330 -0.006348 0.078613
v 0.057861 0.388672 -0.056641
v 0.041748 0.392578 -0.068848
v 0.053955 0.416016 -0.077148
v 0.066406 0.357422 -0.057129
v 0.043701 0.371094 -0.068359
v 0.073242 0.408203 -0.044434
v 0.078125 0.382812 -0.037109
v 0.065918 -0.361328 0.032471
v 0.092285 -0.361328 0.016235
v 0.064453 -0.330078 0.033447
v 0.042725 -0.332031 0.030029
v 0.045166 -0.363281 0.030518
v 0.083984 -0.359375 0.011963
v 0.050049 -0.361328 0.020752
v 0.064941 -0.361328 0.022339
v -0.183594 0.171875 0.000492
v -0.174805 0.171875 0.028076
v -0.160156 0.197266 0.004700
v -0.196289 0.146484 0.027710
v -0.198242 0.150391 0.004242
v -0.192383 0.143555 -0.019043
v -0.174805 0.162109 -0.023560
v -0.161133 0.194336 -0.013306
v -0.294922 -0.044922 0.091797
v -0.292969 -0.038086 0.087402
v -0.298828 -0.041748 0.094238
v -0.298828 -0.047363 0.096680
v -0.296875 -0.049072 0.096680
v -0.298828 -0.051025 0.092773
v -0.294922 -0.045410 0.086914
v 0.048584 0.316406 0.041504
v 0.045654 0.328125 0.040527
v 0.048096 0.326172 0.042236
v 0.051025 0.316406 0.046875
v 0.049316 0.308594 0.044678
v 0.045654 0.308594 0.041504
v 0.039062 0.314453 0.045898
v 0.119629 -0.474609 0.037109
v 0.136719 -0.484375 0.053711
v 0.123047 -0.484375 0.032227
v 0.104980 -0.462891 0.043701
v 0.115723 -0.468750 0.053955
v 0.109375 -0.470703 0.027954
v 0.001198 0.122070 -0.042480
v 0.000816 0.100586 -0.033203
v -0.021118 0.100586 -0.032471
v -0.035156 0.122559 -0.039795
v 0.028198 0.100586 -0.031494
v 0.031982 0.122070 -0.040771
v 0.000900 0.143555 -0.053955
v -0.045898 -0.208984 -0.017212
v -0.024414 -0.227539 -0.012268
v -0.046631 -0.223633 -0.021973
v -0.045166 -0.190430 -0.014526
v -0.023682 -0.210938 -0.009216
v -0.068848 -0.208008 -0.010803
v -0.067871 -0.192383 -0.007080
v 0.078125 0.236328 0.078125
v 0.052002 0.226562 0.048828
v 0.080566 0.233398 0.054932
v 0.074219 0.242188 0.098145
v 0.046143 0.219727 0.079590
v 0.106934 0.251953 0.068848
v 0.095703 0.261719 0.097656
v 0.021729 0.026733 -0.029785
v 0.037354 0.051025 -0.020752
v 0.041016 0.026733 -0.024170
v 0.023438 0.027954 -0.037354
v 0.000519 0.026855 -0.030273
v 0.021240 0.050781 -0.024658
v -0.058105 0.390625 0.045410
v -0.057373 0.375000 0.044434
v -0.053955 0.382812 0.060547
v -0.062500 0.398438 0.026978
v -0.060791 0.380859 0.030884
v -0.057861 0.416016 0.037598
v -0.052734 0.400391 0.060059
v -0.055420 0.410156 0.051025
v -0.059326 0.378906 0.040283
v -0.312500 0.014038 0.040283
v -0.322266 0.002136 0.041992
v -0.308594 0.013794 0.051025
v -0.300781 0.022339 0.030396
v -0.320312 0.001228 0.028809
v -0.300781 0.025146 0.042480
v 0.015564 0.439453 0.150391
v 0.018433 0.457031 0.112793
v 0.033691 0.425781 0.138672
v 0.038574 0.431641 0.140625
v 0.019287 0.447266 0.156250
v 0.000290 0.445312 0.156250
v 0.001366 0.462891 0.117676
v 0.347656 -0.063477 0.021729
v 0.345703 -0.055908 0.022583
v 0.347656 -0.063477 0.014648
v 0.351562 -0.053955 0.023682
v 0.353516 -0.063477 0.023438
v 0.351562 -0.069336 0.021606
v 0.351562 -0.070312 0.014465
v -0.016602 0.287109 0.063477
v -0.010559 0.283203 0.069824
v -0.044678 -0.361328 0.030640
v -0.024780 -0.333984 0.012451
v -0.042725 -0.332031 0.030273
v -0.049316 -0.361328 0.020630
v -0.028564 -0.363281 0.012146
v -0.066406 -0.361328 0.031738
v 0.263672 0.114746 0.005676
v 0.255859 0.110840 0.028320
v 0.261719 0.091797 0.016479
v 0.248047 0.128906 0.002258
v 0.244141 0.125000 0.027100
v 0.257812 0.081543 -0.002151
v 0.255859 0.104492 -0.020630
v 0.102539 -0.016235 0.043213
v 0.098145 0.000797 0.043945
v 0.107422 -0.015625 0.046143
v 0.110352 -0.035400 0.045410
v 0.107910 -0.037842 0.043701
v 0.093750 -0.036865 0.038330
v 0.087891 -0.017090 0.039551
v -0.044434 0.371094 -0.068848
v -0.054199 0.333984 -0.079102
v -0.066406 0.357422 -0.057129
v -0.041992 0.392578 -0.068848
v -0.024048 0.392578 -0.079102
v -0.025879 0.359375 -0.076172
v -0.058350 0.388672 -0.056641
v -0.087891 -0.296875 0.016846
v -0.062988 -0.296875 0.036377
v -0.077148 -0.287109 0.014160
v -0.082520 -0.281250 -0.004883
v -0.092285 -0.294922 -0.011230
v -0.061035 -0.314453 0.023682
v -0.081543 -0.314453 0.010803
v 0.026001 0.239258 -0.093750
v 0.032715 0.227539 -0.050537
v 0.016724 0.224609 -0.058594
v 0.036377 0.255859 -0.117676
v 0.053467 0.243164 -0.083984
v 0.000191 0.255859 -0.120605
v 0.000320 0.222656 -0.062012
v 0.000393 0.238281 -0.097656
v 0.328125 -0.033691 0.070312
v 0.330078 -0.036621 0.070801
v 0.335938 -0.031982 0.071289
v 0.332031 -0.026855 0.070312
v 0.328125 -0.036621 0.064941
v 0.332031 -0.040771 0.066406
v 0.322266 -0.026855 0.068359
v -0.023926 0.423828 -0.031982
v 0.000076 0.423828 -0.035645
v -0.000366 0.400391 -0.044922
v -0.037842 0.435547 -0.011047
v -0.020264 0.441406 -0.016235
v -0.024780 0.402344 -0.041260
v -0.041992 0.419922 -0.022583
v -0.099609 -0.036865 -0.017822
v -0.083008 -0.041504 -0.009460
v -0.105469 -0.037598 -0.001389
v -0.077637 -0.041016 -0.026855
v -0.109375 -0.034668 -0.005737
v -0.103027 -0.033691 -0.020264
v -0.089844 -0.038086 -0.032715
v 0.040527 0.318359 0.072266
v 0.041260 0.330078 0.085938
v 0.036133 0.322266 0.088867
v 0.036377 0.310547 0.070312
v 0.039795 0.310547 0.059326
v 0.034668 0.312500 0.080078
v 0.044922 0.324219 0.060791
v 0.044922 0.328125 0.071289
v 0.045654 -0.445312 0.007202
v 0.040039 -0.464844 -0.010071
v 0.045898 -0.464844 0.009399
v 0.053467 -0.427734 0.015442
v 0.043457 -0.429688 0.000881
v 0.053467 -0.449219 0.020020
v 0.056641 -0.443359 0.020508
v 0.042236 -0.449219 -0.010132
v 0.053955 -0.464844 0.024780
v -0.269531 0.043457 0.045166
v -0.289062 0.034180 0.044922
v -0.281250 0.026245 0.048828
v -0.279297 0.051025 0.040039
v -0.275391 0.020020 0.042236
v -0.261719 0.034424 0.037842
v -0.355469 -0.054932 0.063477
v -0.359375 -0.067383 0.066895
v -0.349609 -0.052734 0.063477
v -0.361328 -0.066895 0.062988
v -0.353516 -0.049072 0.062988
v -0.361328 -0.054443 0.059082
v -0.000206 0.322266 -0.017090
v -0.016235 0.322266 -0.013489
v 0.000015 0.341797 -0.033691
v 0.016357 0.320312 -0.013245
v 0.000324 0.310547 -0.010071
v 0.121582 -0.498047 0.119629
v 0.121582 -0.480469 0.122559
v 0.102539 -0.480469 0.121094
v 0.103027 -0.496094 0.119629
v 0.135742 -0.498047 0.108398
v 0.135742 -0.480469 0.110352
v -0.070801 0.047119 0.025757
v -0.068848 0.022705 0.005768
v -0.072266 0.019653 0.026001
v -0.066406 0.074219 0.045410
v -0.071777 0.076660 0.025146
v -0.065918 0.044189 0.046631
v -0.065918 0.048584 0.005798
v -0.042480 -0.328125 -0.041260
v -0.038574 -0.330078 -0.052734
v -0.056396 -0.328125 -0.048828
v -0.052734 -0.316406 -0.052979
v -0.025879 -0.320312 -0.032471
v -0.031250 -0.332031 -0.027588
v -0.023071 -0.332031 -0.034424
v 0.180664 0.165039 0.029297
v 0.141602 0.171875 0.042725
v 0.163086 0.149414 0.045410
v 0.186523 0.125977 0.042480
v 0.158203 0.189453 0.026855
v 0.199219 0.149414 0.004791
v 0.186523 0.166992 0.002258
v 0.200195 0.141602 0.031982
v 0.076172 0.005157 0.003281
v 0.080566 0.021118 0.026367
v 0.082031 0.003479 0.026367
v 0.070312 0.005859 0.005127
v 0.064453 0.008423 -0.017090
v 0.075195 0.023438 0.003372
v -0.031738 0.363281 0.088867
v -0.034424 0.363281 0.085449
v -0.037354 0.365234 0.084961
v -0.038818 0.357422 0.084473
v -0.032227 0.357422 0.088867
v -0.025635 0.361328 0.091309
v -0.025879 0.363281 0.086914
v -0.084473 -0.408203 -0.013000
v -0.085449 -0.421875 -0.014709
v -0.083984 -0.408203 0.006683
v -0.083496 -0.388672 -0.015869
v -0.073242 -0.410156 -0.032471
v -0.081543 -0.386719 0.007080
v 0.024292 0.123047 0.100586
v 0.032715 0.127930 0.108398
v 0.033691 0.123047 0.109375
v 0.010681 0.122559 0.092773
v 0.023804 0.129883 0.103027
v 0.031494 0.117676 0.108398
v 0.024414 0.115723 0.104004
v 0.353516 -0.052002 0.015869
v 0.357422 -0.061523 0.016357
v 0.353516 -0.062012 0.013306
v 0.347656 -0.052002 0.013977
v 0.349609 -0.043457 0.015747
v 0.353516 -0.053467 0.020630
v 0.351562 -0.047119 0.021729
v -0.010071 0.363281 0.090332
v -0.010010 0.369141 0.091309
v -0.012817 0.365234 0.087891
v -0.011841 0.359375 0.094727
v -0.007477 0.365234 0.093262
v -0.016357 0.361328 0.090820
v -0.039795 0.024048 0.108398
v -0.032715 0.023926 0.104492
v -0.040771 0.024780 0.104492
v -0.046875 0.019897 0.109375
v -0.038086 0.006226 0.107910
v -0.030273 0.023071 0.108887
v 0.058594 0.417969 0.017334
v 0.047607 0.431641 0.003769
v 0.048584 0.435547 0.020508
v 0.062256 0.396484 0.027466
v 0.063965 0.394531 0.005493
v 0.058105 0.416016 0.038330
v 0.057861 0.416016 0.001633
v 0.013123 -0.159180 0.032959
v 0.015076 -0.193359 0.021362
v 0.027832 -0.192383 0.044434
v 0.024658 -0.159180 0.049316
v 0.004456 -0.117676 0.017700
v 0.011475 -0.159180 0.017700
v 0.006653 -0.118164 0.039062
v -0.145508 0.226562 -0.033691
v -0.160156 0.239258 -0.012573
v -0.145508 0.228516 -0.038330
v -0.159180 0.234375 -0.010559
v -0.125977 0.214844 -0.055908
v -0.127930 0.220703 -0.033203
v -0.138672 0.225586 -0.007660
v -0.353516 -0.068359 0.066895
v -0.365234 -0.075195 0.065430
v -0.361328 -0.076660 0.067871
v 0.020386 0.279297 -0.013916
v 0.000851 0.253906 0.012878
v 0.029053 0.273438 -0.000259
v 0.000160 0.267578 -0.009705
v 0.025513 0.257812 -0.012085
v 0.013733 0.259766 -0.023560
v 0.000587 0.285156 -0.023560
v 0.283203 0.026123 0.048340
v 0.277344 0.019897 0.041504
v 0.285156 0.011230 0.049561
v 0.296875 0.023926 0.049561
v 0.292969 0.034180 0.044189
v 0.269531 0.043701 0.044434
v -0.011963 0.462891 -0.142578
v -0.005829 0.451172 -0.158203
v -0.021973 0.445312 -0.144531
v -0.000603 0.480469 -0.121094
v -0.000252 0.466797 -0.142578
v -0.030518 0.455078 -0.126953
v -0.021240 0.472656 -0.119141
v -0.059082 0.006927 0.023193
v -0.066895 -0.018677 0.021973
v -0.050781 0.003174 0.050537
v -0.052490 0.008057 -0.000149
v 0.082520 0.357422 0.103027
v 0.064941 0.378906 0.107910
v 0.077148 0.355469 0.102051
v 0.100098 0.351562 0.071289
v 0.081055 0.388672 0.079590
v 0.094238 0.335938 0.099609
v 0.071289 0.382812 0.111328
v 0.059814 -0.361328 -0.044922
v 0.073242 -0.361328 -0.041504
v 0.073730 -0.386719 -0.035645
v 0.053955 -0.388672 -0.038086
v 0.059814 -0.361328 -0.053223
v 0.077637 -0.359375 -0.048096
v 0.047852 -0.363281 -0.041504
v -0.070801 0.193359 0.070312
v -0.098145 0.187500 0.055664
v -0.076172 0.177734 0.068848
v -0.090332 0.198242 0.064453
v -0.075684 0.195312 0.093750
v -0.048828 0.185547 0.080566
v -0.289062 0.012024 0.024292
v -0.283203 0.008545 0.035889
v -0.294922 -0.001144 0.025635
v -0.279297 0.019897 0.022461
v -0.277344 0.016113 0.032227
v -0.302734 0.004242 0.020264
v -0.298828 0.019897 0.023560
v -0.285156 0.023926 0.018555
v -0.291016 0.024170 0.021362
v 0.012329 0.371094 0.096191
v 0.019531 0.373047 0.094727
v 0.018433 0.373047 0.101074
v 0.013062 0.371094 0.091797
v 0.007294 0.367188 0.096191
v 0.010254 0.367188 0.090820
v 0.009583 0.371094 0.099609
v 0.363281 -0.078613 0.040771
v 0.359375 -0.068848 0.040039
v 0.363281 -0.076660 0.037354
v 0.363281 -0.076660 0.046387
v 0.367188 -0.086426 0.045654
v 0.369141 -0.087891 0.039062
v 0.367188 -0.087891 0.042969
v -0.016235 0.203125 0.097656
v -0.004333 0.182617 0.094727
v -0.011230 0.190430 0.080566
v -0.030151 0.219727 0.096680
v -0.020264 0.200195 0.098145
v -0.028320 0.216797 0.077637
v -0.008362 0.179688 0.093750
v -0.081055 -0.443359 0.028076
v -0.089355 -0.445312 0.024414
v -0.089844 -0.441406 0.026245
v -0.074219 -0.443359 0.031494
v -0.071777 -0.443359 0.029663
v 0.092773 0.169922 -0.040771
v 0.089844 0.149414 -0.023071
v 0.078125 0.154297 -0.041748
v 0.100098 0.170898 -0.036377
v 0.096191 0.152344 -0.021484
v 0.082031 0.182617 -0.059326
v 0.098145 0.192383 -0.053711
v 0.004425 -0.042236 0.092285
v 0.024048 0.005005 0.063477
v 0.038330 -0.036621 0.073242
v 0.006653 0.004242 0.077637
v 0.007202 -0.040771 0.098145
v -0.000137 -0.012451 0.095215
v 0.015747 -0.081543 0.095215
v 0.017456 -0.079590 0.101074
v -0.136719 0.324219 0.013916
v -0.133789 0.324219 -0.018677
v -0.141602 0.302734 -0.020996
v -0.133789 0.320312 0.043457
v -0.112305 0.341797 0.014954
v -0.116211 0.337891 -0.015503
v -0.145508 0.298828 0.011230
v -0.341797 -0.036621 0.071777
v -0.341797 -0.040527 0.067383
v -0.347656 -0.046143 0.078125
v -0.337891 -0.037598 0.076660
v -0.337891 -0.028687 0.068848
v -0.337891 -0.031738 0.064453
v -0.333984 -0.031128 0.072754
v 0.024048 0.423828 -0.031494
v -0.000122 0.443359 -0.018555
v 0.020508 0.441406 -0.015991
v 0.077148 -0.265625 0.019653
v 0.074707 -0.249023 0.024536
v 0.057373 -0.267578 0.032959
v 0.082520 -0.261719 0.002090
v 0.059326 -0.287109 0.026855
v 0.077148 -0.285156 0.014465
v -0.079102 0.249023 -0.068359
v -0.106934 0.255859 -0.043945
v -0.095215 0.267578 -0.083984
v -0.062012 0.241211 -0.025513
v -0.065430 0.259766 -0.102051
v -0.048340 0.235352 -0.040771
v -0.052979 0.243164 -0.083496
v -0.042969 -0.480469 0.010498
v -0.056641 -0.478516 0.027100
v -0.053711 -0.500000 0.026733
v -0.045654 -0.464844 0.009949
v -0.052734 -0.466797 0.024902
v -0.040039 -0.464844 -0.009888
v -0.040039 -0.500000 0.010803
v -0.035400 -0.482422 -0.010864
v 0.033936 0.068359 0.110352
v 0.023193 0.068359 0.100586
v 0.032227 0.072754 0.110840
v 0.031982 0.063477 0.109863
v 0.030884 0.073242 0.112305
v 0.032471 0.068359 0.114746
v 0.052734 -0.017334 -0.016113
v 0.064941 -0.049316 -0.029907
v 0.067383 -0.019775 0.013306
v -0.045166 0.332031 0.076172
v -0.048340 0.335938 0.062988
v -0.045166 0.324219 0.062256
v -0.040039 0.320312 0.073242
v -0.039551 0.330078 0.086914
v -0.047852 0.341797 0.077637
v -0.040771 0.341797 0.086914
v -0.070801 -0.238281 -0.019897
v -0.082031 -0.261719 0.001846
v -0.080078 -0.236328 0.006836
v -0.048340 -0.255859 -0.030884
v -0.072266 -0.259766 -0.025269
v -0.069336 -0.222656 -0.014771
v 0.031738 0.292969 0.060303
v 0.027344 0.283203 0.066406
v 0.026367 0.285156 0.060303
v 0.029053 0.291016 0.056885
v 0.033447 0.304688 0.070801
v 0.027466 0.294922 0.077148
v 0.033447 0.302734 0.057373
v 0.347656 -0.029907 0.034912
v 0.345703 -0.032227 0.031128
v 0.339844 -0.019287 0.031982
v 0.351562 -0.037354 0.036133
v 0.345703 -0.030762 0.041016
v 0.341797 -0.025757 0.043701
v -0.006165 0.382812 0.104980
v -0.012939 0.373047 0.104004
v -0.005554 0.376953 0.105469
v 0.000107 0.375000 0.103027
v 0.000328 0.384766 0.104980
v -0.012634 0.398438 0.101562
v -0.017090 0.378906 0.105469
v -0.000008 0.398438 0.102051
v -0.078125 -0.000441 0.043701
v -0.070312 0.016846 0.057129
v -0.073242 -0.000587 0.058838
v -0.082520 0.000633 0.039062
v -0.075684 0.018188 0.041504
v -0.083008 -0.019653 0.043213
v -0.087891 -0.017090 0.038818
v 0.062988 0.320312 -0.095215
v 0.029541 0.333984 -0.087891
v 0.054199 0.333984 -0.079102
v 0.069336 0.304688 -0.107910
v 0.033447 0.320312 -0.105469
v 0.091309 0.320312 -0.079590
v 0.100098 0.304688 -0.087891
v 0.065430 -0.447266 0.034912
v 0.065430 -0.453125 0.036133
v 0.066406 -0.453125 0.040771
v 0.072754 -0.441406 0.029785
v 0.064941 -0.445312 0.030273
v 0.077637 -0.443359 0.035400
v -0.188477 0.083984 -0.011597
v -0.195312 0.090820 -0.020020
v -0.180664 0.094238 -0.014099
v -0.175781 0.085449 0.011169
v -0.198242 0.065918 -0.013367
v -0.180664 0.073242 0.011536
v -0.363281 -0.091309 0.065918
v -0.361328 -0.078613 0.059326
v -0.355469 -0.080566 0.063477
v -0.365234 -0.094727 0.066406
v -0.367188 -0.092285 0.065430
v -0.361328 -0.090332 0.070801
v -0.365234 -0.094238 0.069824
v 0.048096 0.234375 -0.041016
v 0.302734 -0.042236 0.093262
v 0.300781 -0.035889 0.088867
v 0.296875 -0.038330 0.086914
v 0.306641 -0.039307 0.089844
v 0.302734 -0.048340 0.096680
v 0.306641 -0.047852 0.094238
v 0.296875 -0.045410 0.091309
v -0.054688 0.349609 0.041260
v -0.052979 0.343750 0.049805
v -0.056152 0.361328 0.047119
v -0.056152 0.355469 0.026123
v -0.056641 0.345703 0.030273
v -0.055420 0.339844 0.041992
v -0.058350 0.339844 0.037354
v -0.022705 0.028076 -0.037109
v -0.040039 0.026733 -0.024292
v -0.020874 0.027100 -0.030029
v 0.000504 0.028564 -0.039551
v -0.023804 0.010498 -0.040283
v -0.043945 0.027100 -0.030640
v 0.000423 0.010376 -0.041748
v 0.083984 0.398438 0.051758
v 0.093750 0.371094 0.047607
v 0.084961 0.400391 0.019043
v 0.076172 0.427734 0.058838
v 0.071777 -0.107422 -0.008606
v 0.040527 -0.080566 -0.027344
v 0.071289 -0.073730 -0.010803
v 0.042725 -0.119629 -0.021240
v 0.083008 -0.104492 0.020996
v 0.080566 -0.147461 0.018433
v 0.069824 -0.148438 -0.004974
v -0.031494 0.302734 0.071289
v -0.030518 0.291016 0.060059
v -0.023804 0.302734 0.086914
v -0.335938 -0.039795 0.039307
v -0.341797 -0.035400 0.042969
v -0.343750 -0.041016 0.043457
v -0.332031 -0.039307 0.026123
v -0.324219 -0.031982 0.040039
v -0.341797 -0.044189 0.039062
v -0.337891 -0.036865 0.030396
v -0.345703 -0.044189 0.032227
v 0.010376 0.324219 0.104980
v 0.015869 0.320312 0.101074
v 0.018677 0.330078 0.100098
v 0.006256 0.326172 0.106934
v 0.004974 0.320312 0.109863
v 0.009827 0.332031 0.104492
v 0.009338 0.316406 0.107910
v -0.021240 0.100586 0.088379
v -0.020630 0.070312 0.085938
v 0.000031 0.100098 0.090820
v -0.000038 0.128906 0.095215
v -0.022339 0.129883 0.091797
v -0.042236 0.100586 0.079102
v -0.040283 0.070801 0.077148
v -0.062500 -0.112305 0.083496
v -0.045166 -0.073242 0.081543
v -0.030029 -0.120605 0.098633
v -0.063477 -0.109375 0.088867
v -0.084473 -0.107422 0.064453
v -0.030762 -0.116699 0.103027
v 0.065918 0.239258 0.030029
v 0.113770 0.249023 0.032227
v 0.068848 0.244141 -0.001358
v 0.019775 0.008850 0.086426
v 0.020996 0.008179 0.092285
v 0.039307 0.009949 0.079102
v 0.000206 0.008240 0.102539
v 0.000244 0.039795 0.088867
v 0.000065 0.008484 0.087891
v 0.020386 0.039795 0.086426
v -0.091309 0.371094 -0.010437
v -0.083008 0.402344 -0.012329
v -0.079102 0.382812 -0.037354
v -0.095215 0.371094 0.019165
v -0.084961 0.400391 0.019653
v -0.097168 0.345703 -0.042236
v -0.102539 0.349609 -0.014648
v -0.371094 -0.085938 0.039307
v -0.367188 -0.087891 0.038574
v -0.371094 -0.089844 0.040283
v -0.371094 -0.083984 0.043701
v -0.367188 -0.073242 0.041504
v -0.365234 -0.074707 0.037842
v -0.363281 -0.077148 0.037598
v 0.001984 0.129883 0.099609
v 0.007721 0.129883 0.095703
v -0.000954 0.130859 0.094238
v -0.007355 0.129883 0.099609
v -0.001915 0.123535 0.098145
v 0.002762 0.120605 0.100586
v 0.009644 0.123535 0.099121
v 0.014038 0.130859 0.101562
v 0.105469 -0.013184 -0.004669
v 0.103027 -0.014038 -0.000011
v 0.109375 -0.034912 -0.005219
v 0.103516 -0.033936 -0.020264
v 0.098633 -0.012939 -0.019165
v 0.102051 0.005341 -0.003387
v 0.099121 0.004944 0.000889
v -0.024536 0.367188 0.091797
v -0.031006 0.367188 0.088379
v -0.038330 0.365234 0.082031
v -0.035156 -0.037598 0.079102
v -0.072266 -0.065430 0.061035
v -0.003326 -0.042480 0.092773
v -0.014221 -0.080078 0.096191
v -0.056396 -0.028198 0.055664
v -0.024902 0.005066 0.064453
v -0.007416 0.004150 0.075684
v 0.134766 0.302734 -0.006866
v 0.107422 0.330078 -0.003784
v 0.099609 0.328125 -0.039062
v 0.131836 0.300781 0.030396
v 0.122070 0.300781 -0.051758
v 0.122070 0.281250 -0.049561
v 0.136719 0.279297 -0.004852
v 0.057861 -0.478516 0.027954
v 0.042969 -0.480469 0.010376
v 0.054932 -0.500000 0.028931
v 0.059570 -0.466797 0.030151
v 0.062256 -0.500000 0.050049
v 0.068359 -0.474609 0.046875
v -0.157227 0.140625 -0.035400
v -0.152344 0.189453 -0.030151
v -0.127930 0.165039 -0.040283
v -0.177734 0.122559 -0.028076
v -0.119629 0.138672 -0.020020
v -0.145508 0.121094 -0.018311
v -0.271484 0.022827 0.047363
v -0.279297 0.031006 0.031738
v -0.271484 0.016235 0.032471
v -0.279297 0.033936 0.053223
v -0.238281 0.077148 0.046631
v -0.222656 0.059570 0.036621
v 0.022827 0.441406 -0.123047
v 0.000092 0.472656 -0.117188
v 0.009644 0.451172 -0.133789
v 0.016357 0.429688 -0.111328
v 0.033691 0.439453 -0.106934
v 0.022583 0.470703 -0.102051
v 0.009338 0.433594 -0.130859
v 0.359375 -0.077637 0.085449
v 0.357422 -0.080078 0.087891
v 0.357422 -0.079102 0.085449
v 0.359375 -0.076172 0.089844
v 0.353516 -0.071777 0.080566
v 0.357422 -0.070312 0.082520
v 0.023682 0.257812 0.028687
v 0.028320 0.263672 0.017700
v -0.013428 0.253906 0.036621
v 0.000160 0.250000 0.041260
v 0.014404 0.251953 0.037354
v -0.026978 0.263672 0.017700
v -0.022461 0.257812 0.028198
v -0.027954 0.273438 -0.000460
v -0.041260 -0.414062 -0.017578
v -0.041992 -0.412109 -0.001404
v -0.041992 -0.433594 -0.013550
v -0.052490 -0.412109 -0.034180
v -0.040771 -0.390625 -0.020996
v -0.050537 -0.435547 -0.029785
v -0.040527 -0.390625 -0.002838
v 0.145508 0.130859 0.041504
v 0.120117 0.135742 0.010010
v 0.143555 0.113281 0.010559
v 0.121582 0.155273 0.035645
v 0.163086 0.110840 0.035889
v 0.066895 -0.023071 0.034180
v 0.039795 0.006256 0.051758
v 0.046875 0.007050 0.033447
v 0.055664 -0.028442 0.057129
v -0.032959 0.349609 0.089355
v -0.024170 0.357422 0.091309
v -0.031494 0.343750 0.091309
v -0.022217 0.351562 0.094238
v -0.042725 0.353516 0.083984
v -0.347656 -0.043701 0.017090
v -0.343750 -0.045654 0.014038
v -0.345703 -0.051025 0.014038
v -0.339844 -0.033936 0.017090
v -0.349609 -0.048096 0.016602
v -0.349609 -0.047119 0.021240
v -0.345703 -0.039551 0.021606
v 0.017090 0.363281 0.090332
v 0.023682 0.357422 0.091309
v 0.026001 0.363281 0.090820
v 0.019043 0.363281 0.086914
v 0.012634 0.365234 0.087402
v 0.009949 0.365234 0.089844
v 0.016968 0.359375 0.092285
v 0.012634 0.361328 0.093262
v 0.088867 -0.361328 -0.007568
v 0.082031 -0.386719 0.007385
v 0.083496 -0.388672 -0.015991
v 0.093262 -0.359375 -0.031250
v 0.100098 -0.359375 -0.010132
v 0.085449 -0.361328 -0.027100
v -0.025513 0.129883 0.102539
v -0.015747 0.129883 0.101562
v -0.009277 0.129883 0.095703
v -0.033691 0.126953 0.108398
v -0.032715 0.127930 0.111328
v -0.011230 0.123047 0.092773
v -0.025635 0.123047 0.100586
v -0.024902 0.128906 0.107422
v -0.002380 -0.091309 0.044678
v 0.000477 -0.080566 0.049316
v -0.002808 -0.079102 0.060303
v -0.016479 -0.092285 0.062988
v -0.019043 -0.116699 0.058105
v 0.000397 -0.089355 0.023071
v -0.005127 -0.119141 0.038818
v -0.002655 -0.094727 0.022217
v 0.160156 0.239258 -0.012573
v 0.121094 0.243164 0.015076
v 0.162109 0.242188 0.012207
v 0.159180 0.234375 -0.010742
v 0.145508 0.227539 -0.033203
v 0.146484 0.228516 -0.037842
v 0.118652 0.244141 -0.014832
v 0.038574 0.006836 0.107910
v 0.029541 0.000256 0.107422
v 0.040771 0.000454 0.107910
v 0.040283 0.003830 0.103027
v 0.033936 0.009888 0.103516
v 0.032227 0.010254 0.107910
v -0.051025 0.458984 0.047607
v -0.047119 0.449219 0.073730
v -0.066895 0.433594 0.012024
v -0.027100 0.484375 0.029785
v -0.023193 0.472656 0.078613
v -0.053223 0.462891 0.011414
v -0.134766 -0.496094 0.108887
v -0.102539 -0.498047 0.119629
v -0.121094 -0.498047 0.119141
v -0.135742 -0.480469 0.111328
v -0.141602 -0.482422 0.092285
v -0.141602 -0.498047 0.089844
v 0.071289 0.076660 0.025269
v 0.074707 0.102051 0.045410
v 0.066895 0.074707 0.044678
v 0.081055 0.101562 0.022827
v 0.070312 0.047607 0.025513
v 0.067383 0.077148 0.001328
v 0.065918 0.049561 0.005646
v 0.337891 -0.047119 0.070312
v 0.339844 -0.052246 0.080078
v 0.335938 -0.043457 0.075195
v 0.341797 -0.045654 0.065918
v 0.345703 -0.053955 0.071777
v 0.341797 -0.054688 0.074707
v -0.021729 0.341797 -0.029663
v -0.042480 0.365234 -0.029419
v -0.024536 0.371094 -0.041504
v -0.034424 0.324219 -0.002228
v -0.036377 0.339844 -0.019287
v -0.094727 0.023560 0.001862
v -0.095215 0.026733 -0.004211
v -0.097656 0.024170 -0.004364
v -0.079590 0.000877 0.008484
v -0.075684 0.019897 0.010681
v -0.102051 0.005798 -0.003937
v -0.098633 0.004944 0.000622
v -0.093750 0.026367 -0.000542
v 0.032471 0.371094 0.089844
v 0.036133 0.369141 0.092285
v 0.031982 0.373047 0.096191
v 0.026123 0.373047 0.092285
v 0.026123 0.367188 0.090820
v 0.040039 0.367188 0.088867
v 0.037109 0.369141 0.086914
v 0.024414 -0.302734 -0.032715
v 0.028320 -0.318359 -0.001274
v 0.017090 -0.304688 0.001877
v 0.049561 -0.281250 -0.036133
v 0.050537 -0.298828 -0.049805
v 0.033691 -0.316406 -0.027466
v 0.027954 -0.285156 -0.024292
v -0.213867 0.134766 0.022583
v -0.202148 0.125977 0.037109
v -0.207031 0.141602 0.021606
v -0.208984 0.143555 0.003204
v -0.215820 0.136719 0.002289
v -0.223633 0.129883 0.020020
v -0.214844 0.123047 0.035156
v -0.357422 -0.049316 0.034424
v -0.357422 -0.047607 0.038086
v -0.347656 -0.039795 0.032227
v -0.361328 -0.054932 0.035156
v -0.361328 -0.053955 0.039062
v -0.355469 -0.053955 0.033936
v 0.000221 0.322266 0.107422
v 0.000141 0.316406 0.109863
v 0.000263 0.328125 0.108887
v -0.004578 0.318359 0.109375
v -0.006409 0.324219 0.106445
v -0.086426 0.132812 0.046387
v -0.082520 0.149414 0.061768
v -0.093750 0.147461 0.038574
v -0.092773 0.127930 0.015564
v -0.073730 0.102539 0.046387
v -0.067871 0.128906 0.066895
v -0.095703 0.139648 0.011597
v 0.141602 0.226562 0.054199
v 0.155273 0.236328 0.035645
v 0.089844 0.250000 0.011963
v 0.110352 0.227539 0.054932
v 0.067871 0.015869 0.072266
v 0.072754 0.019287 0.058838
v 0.073242 0.000824 0.064453
v 0.069824 0.019043 0.073242
v 0.074219 -0.002197 0.071777
v 0.069824 0.016357 0.074219
v -0.057373 0.427734 -0.056396
v -0.040527 0.427734 -0.083008
v -0.041260 0.458984 -0.079590
v -0.037598 0.398438 -0.069336
v -0.064453 0.427734 -0.031982
v -0.062012 0.390625 -0.048828
v -0.051758 0.464844 -0.035645
v -0.095703 -0.455078 0.034180
v -0.088379 -0.455078 0.041748
v -0.097656 -0.453125 0.035400
v -0.102051 -0.460938 0.021973
v -0.104004 -0.462891 0.043213
v -0.103516 -0.455078 0.028320
v -0.086914 -0.455078 0.039307
v 0.053467 0.078125 -0.015076
v 0.021851 0.078613 -0.025146
v 0.053711 0.050293 -0.011719
v 0.057861 0.100098 -0.023071
v 0.076172 0.100098 -0.005951
v 0.347656 -0.053223 0.083496
v 0.345703 -0.064453 0.085938
v 0.351562 -0.065430 0.089355
v 0.355469 -0.062500 0.084961
v 0.351562 -0.052490 0.080078
v 0.345703 -0.048096 0.080566
v -0.029907 0.304688 0.053467
v -0.038330 0.304688 0.053955
v -0.034180 0.308594 0.050537
v -0.025513 0.306641 0.044678
v -0.019775 0.296875 0.055908
v -0.027954 0.291016 0.057129
v -0.033447 0.302734 0.059570
v -0.071777 -0.015747 -0.025391
v -0.076172 -0.038818 -0.027832
v -0.082031 -0.014832 -0.032227
v -0.067871 0.002136 -0.024414
v -0.068359 0.009155 -0.005951
v -0.073730 -0.015991 -0.007538
v -0.085449 -0.036865 -0.035156
v 0.052979 0.365234 0.067383
v 0.053467 0.373047 0.066895
v 0.049072 0.371094 0.075684
v 0.052002 0.359375 0.070801
v 0.055420 0.353516 0.056396
v 0.055420 0.367188 0.054688
v 0.047363 0.365234 0.076660
v 0.026733 -0.332031 -0.011658
v 0.031250 -0.330078 -0.027466
v 0.019775 -0.333984 -0.010620
v 0.020874 -0.322266 -0.015747
v 0.023315 -0.320312 0.006287
v 0.031982 -0.332031 0.005432
v -0.123047 0.212891 0.066895
v -0.111328 0.225586 0.056396
v -0.142578 0.226562 0.053467
v -0.114746 0.210938 0.044922
v -0.101074 0.202148 0.081543
v -0.141602 0.222656 0.050781
v -0.349609 -0.069824 0.014954
v -0.345703 -0.062988 0.022217
v -0.347656 -0.068848 0.021606
v -0.353516 -0.067871 0.013428
v -0.347656 -0.063477 0.014832
v -0.355469 -0.073730 0.013977
v -0.353516 -0.075684 0.018433
v -0.355469 -0.075684 0.015198
v 0.018677 0.194336 0.074219
v 0.014648 0.214844 0.057617
v 0.000420 0.212891 0.060547
v 0.043945 0.200195 0.068359
v 0.042969 0.177734 0.081055
v 0.000492 0.192383 0.076660
v 0.019897 0.168945 0.081055
v 0.279297 0.016602 0.031982
v 0.291016 0.011414 0.023682
v 0.285156 0.008667 0.035156
v 0.283203 0.019653 0.022461
v 0.261719 0.029297 0.026367
v -0.019165 0.373047 0.100098
v -0.012329 0.371094 0.097168
v -0.007660 0.371094 0.100586
v -0.004517 0.373047 0.102051
v -0.015137 -0.028687 0.077637
v 0.000481 0.000385 0.076660
v -0.016602 0.001183 0.073242
v -0.035156 -0.026978 0.067871
v -0.012756 -0.049072 0.078125
v -0.032959 0.001282 0.063477
v 0.000740 -0.030151 0.081543
v 0.130859 0.302734 -0.058350
v 0.141602 0.300781 -0.020142
v 0.124023 0.277344 -0.055176
v 0.121094 0.324219 -0.053955
v 0.101562 0.287109 -0.089355
v 0.081055 -0.470703 0.060547
v 0.073730 -0.462891 0.042969
v 0.104492 -0.468750 0.074707
v 0.095703 -0.464844 0.059570
v 0.087891 -0.455078 0.040039
v 0.066895 -0.484375 0.066406
v 0.085938 -0.472656 0.074219
v -0.099121 0.144531 0.010559
v -0.105469 0.157227 0.032227
v -0.106445 0.144531 0.008911
v -0.098633 0.155273 0.036621
v -0.104980 0.148438 -0.019775
v -0.097168 0.151367 -0.021118
v -0.291016 0.003906 0.063965
v -0.283203 0.010864 0.048828
v -0.294922 0.022705 0.050537
v -0.283203 -0.001427 0.061768
v -0.302734 -0.010010 0.071289
v -0.292969 -0.007599 0.075195
v -0.304688 0.003510 0.061768
v 0.032715 0.494141 -0.026367
v -0.000031 0.500000 -0.057373
v 0.000050 0.500000 -0.023804
v 0.057617 0.470703 -0.028198
v 0.030518 0.492188 -0.056396
v 0.032471 0.492188 0.005524
v 0.057861 0.470703 0.005280
v 0.365234 -0.066406 0.045166
v 0.361328 -0.053955 0.044189
v 0.361328 -0.067871 0.044922
v 0.369141 -0.074219 0.052246
v 0.371094 -0.074219 0.042236
v 0.367188 -0.066406 0.041748
v 0.367188 -0.074707 0.047119
v -0.038086 0.283203 -0.123535
v -0.035645 0.255859 -0.117676
v -0.070312 0.281250 -0.110352
v -0.069336 0.302734 -0.106934
v -0.036377 0.302734 -0.118652
v -0.000206 0.281250 -0.126953
v -0.063965 -0.388672 0.017212
v -0.050781 -0.388672 0.011963
v -0.064941 -0.410156 0.017578
v -0.064453 -0.361328 0.022461
v 0.031494 0.127930 0.111816
v 0.025757 -0.017212 -0.029297
v 0.000492 0.008789 -0.011108
v 0.000290 -0.017944 -0.033447
v 0.037109 -0.049072 -0.046875
v 0.037354 0.008972 -0.000862
v 0.000381 -0.049316 -0.052490
v 0.021851 0.009460 -0.010193
v -0.084473 0.353516 0.071289
v -0.104004 0.324219 0.064941
v -0.090820 0.355469 0.041504
v -0.079102 0.388672 0.048340
v -0.071289 0.384766 0.075684
v -0.076660 0.353516 0.101074
v -0.093750 0.318359 0.095215
v 0.004120 0.167969 0.069336
v 0.011108 0.191406 0.080078
v 0.027710 0.187500 0.059814
v -0.000038 0.167969 0.092285
v 0.005005 0.183594 0.095215
v 0.300781 -0.040283 0.077637
v 0.294922 -0.038086 0.080078
v 0.300781 -0.036133 0.074219
v 0.302734 -0.048340 0.085938
v 0.306641 -0.034424 0.077148
v 0.308594 -0.039307 0.081055
v -0.055176 0.363281 -0.014648
v -0.057861 0.392578 -0.015503
v -0.043945 0.398438 -0.029907
v -0.074219 0.022095 0.007874
v -0.068848 0.020752 -0.005646
v -0.072754 0.014038 0.008057
v 0.044678 0.373047 0.086914
v 0.039062 0.375000 0.092285
v 0.044678 0.380859 0.084961
v 0.048340 0.375000 0.082031
v 0.045898 0.369141 0.079102
v 0.043701 0.367188 0.082520
v 0.049072 -0.261719 -0.032715
v 0.072266 -0.259766 -0.025024
v 0.072266 -0.281250 -0.027222
v 0.026123 -0.265625 -0.020996
v 0.048340 -0.241211 -0.027222
v -0.116211 0.238281 0.035156
v -0.083008 0.241211 0.036377
v -0.156250 0.237305 0.035645
v -0.120605 0.244141 0.013855
v -0.074707 -0.087891 -0.042725
v -0.045410 -0.080078 -0.065430
v -0.043457 -0.086914 -0.060303
v -0.094727 -0.089355 -0.016968
v -0.078125 -0.081543 -0.046875
v -0.064941 -0.049561 -0.029785
v 0.043945 0.306641 0.052490
v 0.041016 0.306641 0.045898
v 0.034912 0.308594 0.052246
v 0.045166 0.310547 0.053955
v 0.106934 -0.500000 0.012878
v 0.119629 -0.500000 0.029785
v 0.097656 -0.480469 0.001205
v 0.108887 -0.482422 0.015747
v 0.095703 -0.500000 -0.004456
v -0.006378 0.061035 0.100586
v -0.009460 0.060547 0.095215
v -0.001228 0.060791 0.094727
v -0.000702 0.067871 0.099121
v -0.009399 0.067871 0.099609
v -0.014587 0.060547 0.102539
v 0.002167 0.061035 0.095703
v 0.002563 0.061768 0.101074
v -0.062988 -0.330078 0.025513
v -0.091309 -0.330078 0.017578
v -0.063965 -0.330078 0.032959
v -0.083008 -0.328125 0.009094
v -0.045654 -0.333984 0.018188
v -0.062500 -0.318359 0.032471
v -0.087402 -0.316406 0.013672
v 0.154297 0.190430 -0.028442
v 0.148438 0.208984 -0.027466
v 0.153320 0.215820 -0.013367
v 0.177734 0.162109 -0.023315
v 0.130859 0.166992 -0.040283
v 0.120117 0.181641 -0.042725
v 0.133789 0.200195 -0.040283
v 0.165039 0.193359 -0.007629
v 0.156250 0.209961 -0.005402
v 0.016235 0.000660 0.107422
v 0.016968 -0.009888 0.107910
v 0.031006 -0.008728 0.106445
v 0.037842 -0.007263 0.106934
v 0.017822 0.012573 0.108398
v -0.062988 0.371094 0.036377
v -0.063965 0.376953 0.038818
v -0.057373 0.369141 0.043701
v -0.058838 0.363281 0.036377
v -0.064453 0.363281 0.026245
v -0.070312 0.382812 0.029297
v -0.069824 0.373047 0.027344
v -0.341797 -0.033936 0.046387
v -0.339844 -0.036865 0.045898
v -0.349609 -0.038574 0.054199
v -0.341797 -0.028931 0.051758
v -0.339844 -0.025146 0.043945
v -0.349609 -0.041016 0.049316
v -0.000153 0.441406 -0.159180
v -0.008301 0.423828 -0.152344
v -0.010315 0.441406 -0.156250
v -0.000237 0.451172 -0.160156
v 0.005798 0.449219 -0.157227
v 0.009949 0.441406 -0.156250
v 0.007507 0.423828 -0.152344
v -0.000191 0.421875 -0.154297
v 0.359375 -0.077637 0.067871
v 0.357422 -0.067871 0.065430
v 0.357422 -0.069824 0.060303
v 0.363281 -0.089355 0.071289
v 0.365234 -0.088379 0.070801
v 0.359375 -0.080078 0.063965
v 0.363281 -0.076172 0.067871
v -0.047119 0.246094 -0.013977
v -0.024658 0.257812 -0.012451
v -0.036621 0.243164 -0.029663
v -0.028198 0.253906 0.001740
v -0.053955 0.242188 0.011169
v -0.041016 -0.464844 -0.025269
v -0.041748 -0.451172 -0.010864
v -0.038330 -0.482422 -0.027466
v -0.049805 -0.464844 -0.034668
v -0.047607 -0.451172 -0.027222
v 0.281250 0.051025 0.040039
v 0.294922 0.034424 0.035645
v 0.283203 0.050781 0.029663
v 0.096191 -0.053711 0.012878
v 0.091309 -0.057129 0.036377
v 0.089844 -0.050781 -0.010925
v 0.083008 -0.020386 0.020874
v 0.078613 -0.023071 0.040771
v -0.013672 0.314453 0.101562
v -0.013672 0.310547 0.100586
v -0.008301 0.312500 0.105957
v -0.017090 0.310547 0.098145
v -0.012939 0.322266 0.103027
v -0.021973 0.316406 0.095703
v -0.008972 0.316406 0.106934
v -0.347656 -0.054443 0.023071
v -0.343750 -0.056396 0.015320
v -0.343750 -0.055420 0.021973
v 0.013062 0.285156 0.095215
v 0.009155 0.277344 0.093262
v 0.018921 0.283203 0.085938
v 0.006042 0.287109 0.098145
v 0.006683 0.279297 0.097168
v 0.020630 0.292969 0.088867
v 0.013855 0.296875 0.094727
v 0.300781 0.021240 0.024414
v 0.292969 0.023315 0.019897
v 0.292969 0.031494 0.022461
v 0.300781 0.025513 0.038818
v 0.312500 0.010803 0.026733
v 0.304688 0.004608 0.020264
v -0.028198 0.414062 0.089844
v -0.031738 0.429688 0.078125
v -0.042480 0.408203 0.078125
v -0.015259 0.433594 0.083984
v -0.026978 0.402344 0.094727
v -0.013916 0.416016 0.095703
v -0.098145 -0.019287 0.076172
v -0.086914 -0.000740 0.076660
v -0.095703 -0.006439 0.076660
v -0.107422 -0.034668 0.060791
v -0.102051 -0.038086 0.074707
v -0.103516 -0.013123 0.061035
v -0.100098 -0.036133 0.076172
v -0.083008 -0.020020 0.072754
v 0.059326 0.359375 0.021362
v 0.074707 0.355469 0.011597
v 0.071289 0.343750 0.015869
v 0.053467 0.343750 0.030273
v 0.053711 0.341797 0.009583
v 0.061279 0.361328 0.003967
v 0.061279 0.373047 0.024048
v 0.076172 0.363281 0.010437
v 0.028564 -0.363281 0.011719
v 0.025146 -0.333984 0.012390
v 0.024902 -0.363281 -0.012207
v 0.036865 -0.363281 0.005371
v -0.239258 0.120605 -0.024170
v -0.247070 0.128906 0.001816
v -0.220703 0.125977 -0.017944
v -0.222656 0.097656 -0.036377
v -0.253906 0.104980 -0.020386
v -0.367188 -0.074219 0.046143
v -0.365234 -0.066895 0.045654
v -0.361328 -0.075684 0.046143
v -0.357422 -0.067871 0.045898
v -0.369141 -0.085449 0.047363
v 0.000122 0.263672 -0.113770
v 0.031982 0.263672 -0.109375
v 0.000076 0.292969 -0.112305
v 0.026245 0.248047 -0.093750
v -0.025879 0.248047 -0.093262
v 0.000214 0.246094 -0.096680
v -0.032227 0.263672 -0.109375
v 0.289062 -0.015259 0.073242
v 0.298828 -0.024048 0.083008
v 0.294922 -0.008484 0.074707
v 0.285156 -0.001648 0.061523
v 0.292969 -0.023926 0.070801
v 0.292969 -0.027710 0.081055
v -0.047119 0.431641 0.004028
v -0.054199 0.414062 -0.010986
v -0.057861 0.416016 0.001572
v -0.047852 0.433594 0.020996
v -0.034424 0.445312 0.007935
v -0.059326 0.417969 0.017456
v -0.052979 -0.017212 -0.016846
v -0.026245 -0.017334 -0.030273
v -0.037109 0.009094 -0.001518
v -0.084473 -0.050781 -0.005798
v -0.046631 0.008545 0.014038
v -0.066406 -0.019409 0.005402
v -0.036377 -0.048828 -0.046875
v 0.048096 0.351562 0.077637
v 0.045410 0.361328 0.078613
v 0.042236 0.355469 0.083496
v 0.041260 0.343750 0.086914
v 0.051270 0.345703 0.066895
v 0.047363 0.339844 0.078125
v 0.051270 -0.410156 0.012207
v 0.065430 -0.410156 0.017212
v 0.051025 -0.388672 0.011780
v 0.041992 -0.412109 -0.001785
v 0.041016 -0.390625 -0.003815
v -0.033691 0.122559 0.112305
v -0.032715 0.118164 0.108887
v -0.031250 0.118164 0.110840
v -0.030762 0.122070 0.111816
v -0.034912 0.122559 0.109375
v -0.292969 -0.002731 0.038574
v 0.011719 0.373047 0.104492
v 0.016113 0.378906 0.104980
v 0.006226 0.380859 0.106445
v 0.005646 0.375000 0.104980
v 0.357422 -0.076172 0.016235
v 0.357422 -0.076172 0.017822
v 0.355469 -0.076660 0.018555
v 0.359375 -0.074219 0.015747
v 0.355469 -0.075195 0.014160
v 0.000458 0.164062 0.088867
v 0.000027 0.166016 0.081543
v -0.006378 0.175781 0.096680
v -0.001076 0.165039 0.102539
v 0.009338 0.175781 0.096680
v 0.005493 0.163086 0.093750
v -0.067383 -0.476562 0.045898
v -0.058105 -0.468750 0.030151
v -0.080078 -0.470703 0.057861
v -0.061523 -0.500000 0.051025
v -0.062988 -0.462891 0.034668
v -0.072266 -0.458984 0.039551
v 0.181641 0.073730 0.011902
v 0.189453 0.087402 -0.013611
v 0.197266 0.065918 -0.013245
v 0.190430 0.054688 0.015320
v 0.174805 0.086914 0.011230
v 0.187500 0.082520 0.037109
v 0.063965 -0.043213 0.057129
v 0.075684 -0.042236 0.022095
v 0.067871 -0.018677 0.022461
v 0.068848 -0.071289 0.057861
v 0.058838 -0.019897 0.053711
v 0.036865 -0.026123 0.067871
v 0.038574 -0.050049 0.069824
v -0.090820 0.300781 -0.079590
v -0.069336 0.332031 -0.056152
v -0.099121 0.326172 -0.038818
v -0.090820 0.281250 -0.080566
v -0.060547 0.296875 -0.098145
v -0.122070 0.300781 -0.051025
v -0.304688 -0.042725 0.084961
v -0.300781 -0.049561 0.087402
v -0.300781 -0.050537 0.093262
v -0.302734 -0.030762 0.083496
v -0.304688 -0.033447 0.077148
v -0.298828 -0.043213 0.079590
v -0.304688 -0.047363 0.094727
v -0.304688 -0.039795 0.089844
v 0.038330 0.316406 0.041016
v 0.029297 0.304688 0.020020
v 0.040771 0.322266 0.018066
v 0.024780 0.302734 0.035156
v 0.096680 -0.455078 0.034424
v 0.088867 -0.453125 0.042480
v 0.102539 -0.460938 0.023071
v 0.104980 -0.455078 0.028687
v 0.098145 -0.453125 0.036621
v -0.047852 0.142578 -0.049072
v -0.026855 0.144531 -0.053955
v -0.054688 0.156250 -0.055420
v -0.028687 0.164062 -0.071289
v -0.064453 0.125000 -0.034668
v -0.024780 -0.241211 -0.017822
v -0.020508 -0.246094 0.012573
v -0.020752 -0.269531 0.007141
v -0.026001 -0.265625 -0.021240
v 0.208008 0.125000 0.037842
v 0.201172 0.106934 0.046875
v 0.216797 0.124023 0.035645
v 0.195312 0.114746 0.039307
v 0.213867 0.136719 0.021973
v 0.078613 0.022461 -0.029907
v 0.083008 0.024170 -0.029785
v 0.080566 0.003387 -0.031128
v 0.073242 0.020386 -0.027954
v 0.079590 0.025879 -0.028442
v -0.055664 0.367188 0.053955
v -0.077637 -0.359375 -0.047607
v -0.091797 -0.359375 -0.030640
v -0.091797 -0.328125 -0.032471
v -0.059814 -0.363281 -0.045410
v -0.073730 -0.361328 -0.041260
v -0.059082 -0.361328 -0.053223
v -0.075684 -0.328125 -0.049072
v -0.056396 -0.333984 -0.055908
v -0.084961 -0.361328 -0.027588
v 0.027832 0.174805 0.064453
v 0.033447 0.194336 0.096191
v 0.040527 0.213867 0.038086
v 0.341797 -0.036377 0.029663
v 0.339844 -0.028931 0.024414
v 0.351562 -0.040039 0.032471
v -0.007416 0.353516 0.101074
v -0.012390 0.353516 0.096680
v -0.010376 0.345703 0.102051
v -0.007111 0.347656 0.109863
v -0.003967 0.355469 0.113770
v -0.003448 0.361328 0.105469
v -0.006195 0.361328 0.098633
v -0.091309 0.024902 0.062988
v -0.072266 0.020264 0.057617
v -0.079102 0.022339 0.040283
v -0.095215 0.025635 0.046387
v -0.098145 0.023438 0.048096
v -0.093750 0.021484 0.064453
v -0.084961 0.023071 0.077148
v 0.041748 0.458984 -0.079590
v 0.040039 0.427734 -0.082520
v 0.057129 0.427734 -0.057129
v 0.026978 0.482422 -0.061768
v 0.052246 0.464844 -0.034180
v 0.000526 -0.069336 0.074707
v 0.013428 -0.048340 0.079102
v 0.000343 -0.049561 0.081543
v 0.016968 -0.063965 0.070801
v -0.016357 -0.066406 0.072266
v -0.163086 0.243164 0.012085
v -0.162109 0.237305 0.011658
v -0.332031 -0.016602 0.021118
v -0.337891 -0.018921 0.032227
v -0.335938 -0.023682 0.019287
v -0.337891 -0.028564 0.024780
v -0.326172 -0.018188 0.015320
v -0.316406 -0.004181 0.017334
v 0.000175 0.433594 0.086914
v 0.000034 0.416016 0.097168
v 0.000267 0.449219 0.061768
v 0.015076 0.433594 0.084473
v 0.078125 -0.208008 0.012268
v 0.068359 -0.186523 -0.005463
v 0.078125 -0.188477 0.015198
v 0.079590 -0.222656 0.009277
v 0.069336 -0.206055 -0.010010
v 0.071777 -0.208984 0.034180
v 0.073242 -0.223633 0.030640
v -0.012695 0.287109 0.095215
v -0.005066 0.287109 0.098633
v -0.004974 0.296875 0.097656
v -0.009277 0.281250 0.096680
v -0.013489 0.298828 0.094238
v -0.051270 -0.410156 0.012207
v -0.036621 -0.363281 0.004944
v 0.185547 0.115234 -0.030640
v 0.195312 0.110352 -0.029541
v 0.180664 0.093750 -0.014404
v 0.178711 0.123047 -0.028564
v 0.199219 0.137695 -0.018677
v 0.207031 0.131836 -0.017822
v 0.170898 0.101562 -0.013184
v 0.057129 -0.004669 0.084961
v 0.042725 0.010620 0.088867
v 0.043213 -0.006958 0.087891
v 0.057129 -0.003082 0.066406
v 0.067383 -0.003326 0.070801
v 0.069824 0.008850 0.085449
v 0.061035 0.014099 0.083984
v 0.074219 -0.002808 0.071289
v -0.076172 0.363281 0.009644
v -0.061279 0.373047 0.023071
v -0.059082 0.361328 0.021362
v -0.077148 0.353516 0.015320
v -0.078613 0.365234 0.013062
v -0.074707 0.353516 0.011047
v -0.076660 0.371094 0.010803
v -0.036133 -0.291016 0.020508
v -0.059082 -0.287109 0.026733
v -0.031250 -0.300781 0.025635
v 0.055176 0.242188 0.012024
v 0.048584 0.245117 -0.013855
v 0.029297 0.253906 0.001236
v 0.029297 0.248047 0.016357
v 0.053711 0.226562 0.045166
v 0.351562 -0.039062 0.054199
v 0.351562 -0.041504 0.049072
v 0.345703 -0.033447 0.046631
v 0.345703 -0.029419 0.051514
v 0.359375 -0.048340 0.056885
v 0.345703 -0.040771 0.060303
v 0.355469 -0.049561 0.062256
v 0.341797 -0.030884 0.056152
v -0.010193 0.433594 -0.129883
v 0.000053 0.429688 -0.133789
v -0.000298 0.449219 -0.137695
v -0.021729 0.441406 -0.125000
v -0.000114 0.427734 -0.107910
v -0.010010 0.451172 -0.134766
v -0.088867 -0.039062 0.041260
v -0.093262 -0.036621 0.037598
v -0.090820 -0.040527 0.056885
v -0.092773 -0.040527 0.040527
v -0.087402 -0.040039 0.061035
v 0.015015 0.314453 0.101562
v 0.014465 0.310547 0.100098
v 0.018066 0.308594 0.097656
v 0.009399 0.312500 0.105469
v 0.023193 0.316406 0.095703
v 0.041016 -0.462891 -0.025269
v 0.035889 -0.480469 -0.010437
v -0.195312 0.066895 0.045410
v -0.189453 0.054688 0.015076
v -0.186523 0.081543 0.036133
v -0.214844 0.093262 0.058105
v -0.209961 0.057617 0.044189
v -0.206055 0.047119 0.016602
v -0.095215 -0.441406 0.002701
v -0.095215 -0.439453 0.008057
v -0.086426 -0.435547 0.014343
v -0.090820 -0.447266 0.004578
v -0.097168 -0.449219 -0.002930
v -0.088379 -0.441406 0.008362
v -0.106934 -0.462891 0.016602
v 0.006714 0.115723 0.100586
v -0.000313 0.116211 0.100586
v 0.000134 0.114258 0.096191
v 0.014465 0.115234 0.103516
v 0.007996 0.114746 0.096191
v 0.335938 -0.040771 0.014648
v 0.337891 -0.043701 0.023315
v 0.332031 -0.040039 0.024658
v 0.339844 -0.038330 0.014099
v 0.345703 -0.046387 0.013184
v 0.330078 -0.032959 0.015320
v 0.341797 -0.049561 0.015076
v -0.026855 0.310547 0.087891
v -0.034912 0.310547 0.072754
v -0.007782 0.013855 0.107422
v -0.007599 -0.000885 0.107422
v -0.002441 0.012817 0.108398
v -0.022949 0.001884 0.107422
v -0.002594 0.013489 0.104492
v -0.008362 0.013611 0.103516
v -0.019531 0.019043 0.108398
v 0.074219 0.382812 0.022217
v 0.077637 0.375000 0.016235
v 0.072754 0.382812 0.015198
v 0.067871 0.384766 0.024170
v 0.069336 0.382812 0.030518
v 0.067871 0.373047 0.027954
v 0.071289 -0.190430 0.036621
v 0.070801 -0.149414 0.042969
v 0.051025 -0.192383 0.051270
v 0.052734 -0.209961 0.049072
v -0.109863 0.233398 -0.041748
v -0.083496 0.253906 -0.011475
v -0.081543 0.248047 -0.030518
v -0.087891 0.217773 -0.060791
v -0.119141 0.244141 -0.015137
v -0.077637 0.240234 -0.043457
v -0.333984 -0.038574 0.061768
v -0.337891 -0.045654 0.066406
v -0.337891 -0.035156 0.057861
v -0.333984 -0.038574 0.052246
v -0.322266 -0.032959 0.054688
v -0.326172 -0.036865 0.066895
v -0.330078 -0.040527 0.067871
v 0.020386 0.404297 -0.078613
v 0.021484 0.423828 -0.094238
v 0.000294 0.421875 -0.094238
v 0.037109 0.398438 -0.068848
v 0.000126 0.404297 -0.081543
v 0.020752 0.382812 -0.071777
v 0.355469 -0.081055 0.089355
v 0.357422 -0.079590 0.090820
v 0.353516 -0.079102 0.090332
v 0.349609 -0.072754 0.083008
v -0.020508 0.251953 0.026245
v -0.011475 0.279297 0.037598
v -0.022705 0.281250 0.029541
v -0.010559 0.250000 0.031982
v -0.025635 0.257812 0.010132
v 0.000393 -0.079590 -0.074219
v -0.037842 -0.047852 -0.052490
v -0.068848 -0.048828 -0.034912
v 0.079590 0.248047 0.038574
v 0.084961 0.247070 0.069336
v 0.096191 0.253906 0.034912
v 0.057129 0.250000 0.043213
v 0.068359 0.238281 0.071777
v 0.057129 0.261719 0.019287
v -0.021851 0.008911 -0.010071
v -0.066406 0.417969 0.093262
v -0.083008 0.386719 0.078613
v -0.070801 0.380859 0.110840
v -0.058105 0.404297 0.122559
v -0.052490 0.457031 0.074219
v -0.075195 0.427734 0.058594
v -0.044922 0.447266 0.108398
v -0.335938 -0.022339 0.065918
v -0.330078 -0.026489 0.071289
v -0.330078 -0.012451 0.062988
v -0.337891 -0.024902 0.056885
v -0.000191 0.494141 -0.090820
v -0.025879 0.482422 -0.088867
v 0.025391 0.482422 -0.088867
v -0.030029 0.490234 -0.056396
v 0.076660 -0.063477 0.063477
v 0.063477 -0.028320 0.064453
v 0.041260 -0.034424 0.080078
v 0.050537 -0.070801 0.083984
v 0.091309 -0.101074 0.065430
v -0.056152 0.261719 0.019043
v -0.087891 0.251953 0.036133
v -0.056152 0.249023 0.042969
v -0.092773 0.255859 0.008423
v -0.055176 0.271484 -0.008301
v -0.038574 0.224609 -0.009644
v -0.040283 0.220703 0.013611
v -0.028564 -0.363281 -0.034424
v -0.042969 -0.361328 -0.050293
v -0.056152 -0.328125 -0.055908
v 0.136719 0.185547 0.039551
v 0.111328 0.170898 0.040527
v 0.079102 -0.013977 0.006165
v 0.086914 -0.021973 0.006683
v 0.080078 0.000404 0.008362
v 0.074707 -0.016113 -0.007385
v 0.088379 -0.038818 0.003677
v 0.073242 0.014343 0.007935
v 0.068848 0.008423 -0.005737
v -0.039551 0.369141 0.084961
v -0.036865 0.371094 0.086914
v -0.038574 0.369141 0.089355
v -0.041504 0.367188 0.085938
v -0.042236 0.367188 0.080078
v -0.076660 -0.265625 0.019897
v -0.074219 -0.250000 0.024170
v 0.044922 0.183594 0.103027
v 0.051025 0.211914 0.084473
v 0.012207 0.167969 0.101074
v 0.341797 -0.028931 0.017700
v 0.343750 -0.036377 0.016235
v 0.333984 -0.029663 0.013794
v 0.335938 -0.022583 0.018799
v 0.341797 -0.033203 0.023560
v -0.007050 0.367188 0.096191
v -0.013000 0.369141 0.091797
v -0.036865 -0.011780 0.107910
v -0.037598 -0.012939 0.103516
v -0.026978 -0.015442 0.103516
v -0.046875 -0.005157 0.108398
v -0.025635 -0.014832 0.107910
v 0.053955 0.332031 0.043701
v 0.056885 0.341797 0.040771
v 0.053467 0.343750 0.049805
v 0.051025 0.332031 0.050049
v 0.061279 0.330078 0.035889
v 0.069824 -0.453125 0.038330
v -0.206055 0.107422 -0.026978
v -0.193359 0.110352 -0.029419
v -0.207031 0.075195 -0.028931
v -0.141602 -0.486328 0.070801
v -0.135742 -0.484375 0.054199
v -0.137695 -0.500000 0.053955
v -0.129883 -0.472656 0.090332
v -0.123535 -0.472656 0.070312
v -0.142578 -0.500000 0.070312
v 0.341797 -0.046631 0.055420
v 0.347656 -0.045166 0.049316
v 0.353516 -0.056152 0.052734
v 0.349609 -0.056641 0.058350
v 0.351562 -0.052734 0.062988
v 0.339844 -0.034668 0.058838
v 0.335938 -0.039062 0.053223
v -0.029785 0.335938 -0.087891
v 0.000027 0.357422 -0.080078
v 0.000061 0.333984 -0.091309
v -0.033691 0.320312 -0.105957
v -0.062988 0.318359 -0.095215
v -0.039307 0.005798 0.051514
v -0.066895 -0.022339 0.025146
v -0.047363 0.007080 0.032227
v 0.056885 0.414062 0.089355
v 0.071289 0.386719 0.076172
v 0.052246 0.402344 0.122559
v 0.075195 -0.312500 -0.033936
v 0.079102 -0.294922 -0.037354
v 0.086914 -0.312500 -0.012268
v 0.094238 -0.314453 -0.012695
v 0.079590 -0.314453 -0.044678
v 0.052979 -0.314453 -0.042480
v -0.049072 0.220703 0.079102
v -0.056641 0.229492 0.047363
v -0.037842 0.202148 0.063477
v -0.072266 0.242188 0.098145
v -0.078125 0.235352 0.078125
v -0.049072 0.225586 0.099609
v -0.033447 0.213867 0.100098
v -0.081055 0.236328 0.056396
v -0.027100 0.198242 0.082031
v -0.328125 -0.031982 0.016479
v -0.330078 -0.027344 0.013977
v -0.318359 -0.022217 0.015076
v -0.333984 -0.039062 0.015991
v -0.335938 -0.035645 0.014160
v -0.318359 -0.028198 0.025635
v 0.022461 0.351562 0.093750
v 0.032715 0.351562 0.089844
v 0.032471 0.359375 0.088867
v 0.100586 -0.443359 0.017700
v 0.107910 -0.460938 0.016602
v 0.097168 -0.439453 0.003220
v 0.095703 -0.435547 0.008728
v 0.091797 -0.443359 0.025269
v -0.021240 0.123535 0.104980
v -0.009827 0.123535 0.099121
v -0.076660 -0.187500 0.014893
v -0.069824 -0.191406 0.036865
v -0.079590 -0.147461 0.018433
v -0.077148 -0.207031 0.011963
v -0.071289 -0.208984 0.034424
v -0.069336 -0.148438 -0.005493
v -0.067383 -0.181641 -0.005707
v 0.070312 0.281250 -0.110840
v 0.095215 0.267578 -0.083984
v 0.065918 0.259766 -0.102051
v 0.038086 0.283203 -0.124023
v 0.021851 0.009094 0.098145
v -0.075684 0.435547 0.012878
v -0.072754 0.441406 -0.028198
v -0.073242 0.408203 -0.044189
v -0.357422 -0.073242 0.016235
v -0.355469 -0.066406 0.016357
v -0.351562 -0.062256 0.013489
v 0.008850 0.296875 0.056152
v 0.013184 0.300781 0.043945
v 0.026245 0.304688 0.045410
v -0.000145 0.292969 0.056152
v 0.000595 0.296875 0.047119
v 0.020874 0.296875 0.055420
v 0.010010 0.289062 0.063477
v 0.017212 0.287109 0.063477
v 0.281250 0.029785 0.031494
v 0.273438 0.016357 0.032959
v 0.275391 0.015991 0.022339
v 0.292969 0.040771 0.047607
v 0.281250 0.033691 0.052734
v 0.273438 0.022705 0.047119
v 0.294922 0.031738 0.019409
v 0.296875 0.039062 0.032227
v 0.287109 0.022705 0.016357
v -0.016846 0.457031 0.112793
v -0.033203 0.425781 0.138672
v -0.036865 0.439453 0.104004
v -0.014648 0.441406 0.151367
v 0.001358 0.478516 0.083008
v -0.020386 -0.009216 0.089355
v -0.006226 -0.041748 0.097656
v -0.024414 -0.009460 0.096680
v -0.039551 -0.034912 0.081055
v 0.000465 -0.010559 0.102539
v 0.102539 0.351562 -0.014160
v 0.091309 0.371094 -0.010437
v 0.095215 0.371094 0.018799
v 0.115234 0.337891 -0.015320
v 0.097168 0.343750 -0.041748
v 0.112305 0.341797 0.014893
v 0.103027 -0.472656 0.115234
v 0.090820 -0.474609 0.090332
v 0.088379 -0.480469 0.112793
v 0.120117 -0.468750 0.114746
v 0.113281 -0.466797 0.093750
v -0.107422 0.171875 0.045654
v -0.114258 0.161133 0.036133
v -0.053223 0.005707 0.104492
v -0.038574 0.007385 0.104492
v -0.051758 -0.002136 0.104492
v -0.051758 0.014099 0.105469
v -0.051514 0.006073 0.108398
v 0.061035 0.380859 0.031738
v 0.058594 0.392578 0.045166
v 0.062988 0.378906 0.039307
v 0.059082 0.380859 0.040527
v 0.369141 -0.090820 0.064453
v 0.369141 -0.088867 0.068359
v 0.367188 -0.091309 0.063965
v 0.363281 -0.077637 0.059570
v 0.367188 -0.076660 0.061279
v 0.369141 -0.093262 0.067383
v -0.003357 0.227539 -0.048096
v 0.007263 0.227539 -0.047852
v 0.000553 0.277344 -0.047607
v -0.025513 0.275391 -0.040527
v -0.027954 0.226562 -0.030518
v -0.044678 -0.447266 0.007141
v -0.043213 -0.429688 0.001083
v 0.081055 0.148438 0.063477
v 0.090332 0.162109 0.059082
v 0.077148 0.178711 0.068848
v 0.051025 0.162109 0.082520
v 0.068359 0.127930 0.066895
v 0.085938 0.131836 0.046143
v 0.093750 0.147461 0.038574
v 0.044434 -0.087402 -0.061279
v 0.000084 -0.085938 -0.067871
v -0.050537 0.332031 0.050049
v -0.053467 0.332031 0.043701
v -0.049805 0.316406 0.048584
v -0.047363 0.326172 0.042236
v -0.349609 -0.055420 0.039795
v -0.361328 -0.068848 0.035645
v -0.357422 -0.068848 0.040771
v -0.351562 -0.053467 0.044189
v 0.005402 0.304688 0.104492
v 0.006134 0.310547 0.103027
v 0.002014 0.308594 0.104492
v 0.010071 0.308594 0.100098
v -0.000015 0.304688 0.104492
v 0.000046 0.300781 0.101562
v 0.005676 0.300781 0.101074
v 0.011963 0.304688 0.099609
v 0.080566 -0.500000 -0.027832
v 0.066406 -0.500000 -0.035156
v 0.077637 -0.480469 -0.030640
v 0.040283 -0.500000 0.011414
v 0.035889 -0.500000 -0.007996
v 0.086914 -0.480469 -0.018433
v -0.039795 0.039795 0.077637
v -0.020020 0.039795 0.086426
v -0.000092 0.069336 0.088379
v -0.034668 -0.261719 0.029297
v -0.057129 -0.269531 0.032959
v -0.034180 -0.271484 0.026611
v -0.033203 -0.251953 0.032227
v 0.214844 0.131836 -0.015991
v 0.222656 0.126953 -0.017578
v 0.206055 0.106934 -0.026611
v 0.214844 0.142578 0.004059
v 0.224609 0.132812 0.003281
v 0.094238 0.021606 0.044434
v 0.098145 0.022949 0.048584
v 0.103516 0.002991 0.046875
v 0.082520 0.000549 0.040039
v -0.026489 0.429688 -0.133789
v -0.038574 0.453125 -0.109863
v -0.012512 0.421875 -0.129883
v -0.019775 0.423828 -0.118164
v -0.017944 0.425781 -0.145508
v -0.037598 0.431641 -0.113281
v -0.096191 -0.445312 0.023804
v -0.095215 -0.445312 0.022095
v -0.088867 -0.447266 0.032471
v -0.090332 -0.447266 0.027710
v -0.097656 -0.449219 0.026123
v 0.058594 0.170898 -0.064453
v 0.032959 0.162109 -0.086426
v 0.062500 0.169922 -0.077637
v 0.058105 0.149414 -0.049561
v 0.030762 0.163086 -0.069824
v 0.339844 -0.037842 0.075684
v -0.040283 0.322266 0.018188
v -0.038086 0.316406 0.040283
v -0.044678 0.328125 0.040527
v -0.023682 0.308594 0.005127
v -0.053711 0.341797 0.009583
v -0.028931 0.306641 0.020020
v -0.053223 0.345703 0.030396
v -0.088379 0.026367 -0.015198
v -0.065918 0.020996 -0.022949
v -0.078613 0.025757 -0.028564
v -0.082520 0.024048 -0.029297
v -0.091797 0.023926 -0.016235
v 0.040039 0.398438 0.083984
v 0.049072 0.392578 0.073242
v 0.026733 0.400391 0.095703
v 0.036377 0.384766 0.093262
v 0.042969 0.408203 0.078613
v 0.018433 -0.227539 0.016479
v 0.020874 -0.245117 0.012329
v 0.032471 -0.239258 0.035400
v 0.024536 -0.209961 -0.008911
v 0.024780 -0.226562 -0.012634
v 0.016602 -0.210938 0.018311
v 0.031982 -0.224609 0.037842
v -0.102539 0.273438 0.096680
v -0.104492 0.283203 0.097656
v -0.124023 0.265625 0.066895
v -0.105957 0.251953 0.068848
v -0.093262 0.261719 0.096680
v -0.098633 0.279297 0.093750
v -0.367188 -0.090820 0.041992
v -0.363281 -0.087891 0.041748
v -0.365234 -0.085938 0.046631
v -0.371094 -0.090332 0.043701
v -0.367188 -0.090332 0.046631
v -0.007416 0.115234 0.100098
v 0.106934 -0.034180 -0.001541
v 0.092773 -0.038818 0.004700
v 0.095703 -0.040527 0.001740
v -0.016846 0.359375 0.093262
v -0.021484 0.019165 0.104004
v 0.067383 0.433594 0.011780
v 0.065918 0.421875 0.057861
v 0.053955 0.453125 0.049561
v 0.054199 0.460938 0.011780
v 0.064453 0.429688 -0.032227
v 0.071777 0.392578 -0.027954
v 0.078125 0.392578 0.010437
v 0.070312 -0.106445 0.052002
v 0.048584 -0.153320 0.057373
v -0.117188 0.253906 -0.007385
v -0.138672 0.275391 -0.020142
v -0.125000 0.277344 -0.054199
v -0.298828 -0.027466 0.068848
v -0.304688 -0.025269 0.071777
v -0.316406 -0.029541 0.067871
v -0.302734 -0.023682 0.051025
v -0.285156 -0.017578 0.064941
v -0.298828 -0.036133 0.074707
v -0.292969 -0.032715 0.079102
v 0.026489 0.359375 -0.076660
v 0.141602 -0.484375 0.069824
v 0.130859 -0.470703 0.089844
v 0.142578 -0.482422 0.092285
v 0.142578 -0.498047 0.090820
v 0.142578 -0.500000 0.070801
v 0.123535 -0.472656 0.069824
v 0.138672 -0.500000 0.054443
v -0.019653 0.078125 -0.025146
v -0.036865 0.077637 -0.021118
v 0.000484 0.078125 -0.025146
v -0.019775 0.050293 -0.024658
v -0.036621 0.050781 -0.020874
v -0.052490 -0.314453 -0.041992
v -0.074219 -0.312500 -0.033936
v -0.050049 -0.298828 -0.050537
v -0.079590 -0.314453 -0.044678
v -0.032959 -0.316406 -0.027100
v 0.113770 0.210938 0.045654
v 0.093262 0.199219 0.064453
v 0.099121 0.187500 0.055176
v 0.118652 0.196289 0.042480
v 0.127930 0.219727 0.033936
v 0.123535 0.213867 0.067383
v 0.141602 0.223633 0.051758
v 0.075195 0.002838 0.025879
v 0.077637 0.000641 0.051270
v 0.070312 -0.000185 0.047852
v -0.052002 0.402344 0.121094
v -0.037354 0.431641 0.141602
v -0.056152 0.414062 0.089844
v -0.063965 0.378906 0.107910
v 0.027100 0.363281 0.086426
v 0.092285 -0.328125 -0.010620
v 0.084961 -0.328125 -0.029419
v 0.100586 -0.328125 -0.009583
v 0.092773 -0.328125 -0.032715
v 0.083008 -0.328125 0.008789
v -0.011719 0.166016 0.094238
v -0.018066 0.170898 0.100586
v -0.022339 0.172852 0.093262
v -0.019287 0.161133 0.090820
v -0.005768 0.156250 0.093750
v -0.055908 -0.500000 0.031738
v 0.242188 0.068848 -0.009705
v 0.219727 0.062256 -0.023804
v 0.235352 0.084473 -0.032471
v 0.227539 0.054688 0.000797
v 0.296875 -0.047363 0.087891
v 0.300781 -0.051758 0.092773
v -0.047607 0.308594 0.045410
v -0.047607 0.316406 0.042480
v -0.044434 0.308594 0.042236
v -0.043457 0.308594 0.054199
v -0.040039 0.304688 0.046143
v -0.347656 -0.071289 0.088867
v -0.345703 -0.063965 0.086426
v -0.349609 -0.065430 0.089355
v -0.353516 -0.075684 0.092773
v -0.351562 -0.078125 0.090332
v -0.347656 -0.072754 0.083496
v 0.022217 0.239258 0.029419
v 0.332031 -0.013550 0.061523
v 0.337891 -0.014893 0.045410
v 0.324219 0.002045 0.042725
v 0.337891 -0.025146 0.056885
v 0.335938 -0.022339 0.064941
v 0.318359 0.001129 0.058594
v 0.316406 -0.014893 0.068848
v -0.032471 0.492188 -0.026123
v -0.087402 -0.021973 0.006561
v -0.102051 -0.014221 -0.000908
v -0.107422 -0.033691 -0.001373
v -0.079590 -0.013489 0.005432
v -0.092285 -0.040039 0.003555
v -0.088379 -0.038086 0.003174
v 0.032471 0.343750 0.090820
v 0.019165 0.341797 0.098145
v 0.030884 0.333984 0.094238
v 0.028687 -0.363281 -0.034668
v 0.023193 -0.333984 -0.034912
v 0.043945 -0.361328 -0.049805
v 0.037598 -0.363281 -0.028809
v 0.038574 -0.332031 -0.052490
v -0.184570 0.125977 0.042480
v -0.200195 0.107422 0.046875
v -0.193359 0.113770 0.037842
v -0.347656 -0.048828 0.072266
v -0.000252 0.371094 -0.045654
v 0.024292 0.402344 -0.041016
v 0.024170 0.371094 -0.041016
v 0.091797 -0.328125 0.017212
v -0.057129 0.208008 -0.069336
v -0.045898 0.244141 -0.050537
v -0.022217 0.236328 -0.059570
v -0.029419 0.200195 -0.076660
v -0.063477 0.169922 -0.078613
v -0.087402 0.184570 -0.072754
v -0.004181 -0.118652 0.017334
v -0.012573 -0.113770 -0.013123
v -0.011292 -0.158203 0.025513
v -0.018311 -0.152344 -0.008911
v 0.100586 0.279297 0.094238
v 0.102051 0.296875 0.093262
v 0.120117 0.279297 0.062256
v 0.105957 0.279297 0.096191
v 0.090332 0.265625 0.093750
v 0.106445 0.261719 0.065430
v 0.066895 0.021484 -0.022461
v 0.065430 0.017456 -0.022949
v 0.088867 0.026489 -0.015320
v 0.069824 0.020264 -0.005493
v -0.065430 0.421875 0.057861
v -0.085449 -0.435547 -0.014771
v -0.075195 -0.431641 -0.031006
v -0.085449 -0.449219 -0.016113
v -0.085938 -0.425781 0.004669
v 0.022339 0.074219 0.103027
v 0.012451 0.074707 0.101074
v 0.022217 0.074219 0.107422
v 0.009216 0.068848 0.093262
v 0.006622 0.074219 0.095215
v 0.353516 -0.052979 0.043457
v 0.363281 -0.053711 0.039307
v 0.357422 -0.047607 0.043213
v -0.000397 0.312500 0.105957
v 0.001526 0.310547 0.106445
v -0.004883 0.314453 0.107422
v 0.005249 0.314453 0.107910
v -0.068359 0.016113 0.072754
v -0.074707 -0.002716 0.070801
v 0.039551 0.416016 -0.088379
v 0.051758 0.437500 -0.090332
v 0.024048 0.392578 -0.078125
v 0.023193 0.416016 -0.093750
v 0.037354 0.429688 -0.113281
v -0.154297 0.212891 -0.002609
v -0.148438 0.211914 0.021729
v -0.137695 0.225586 0.016846
v -0.155273 0.207031 -0.017578
v -0.365234 -0.077637 0.061035
v -0.359375 -0.068848 0.057617
v -0.355469 -0.069336 0.061279
v 0.026855 0.275391 -0.040283
v 0.029175 0.225586 -0.029907
v 0.047607 0.275391 -0.025269
v 0.292969 -0.031982 0.083496
v 0.306641 -0.031128 0.083496
v 0.298828 -0.028198 0.085938
v 0.000153 -0.048096 -0.058350
v -0.028687 -0.017090 -0.041992
v 0.028564 -0.016968 -0.041992
v 0.038086 -0.048340 -0.052490
v 0.000412 -0.016846 -0.045410
v 0.120605 0.296875 0.061035
v 0.103516 0.322266 0.065430
v 0.108887 0.326172 0.034424
v 0.132812 0.279297 0.030640
v 0.090820 -0.445312 0.005035
v 0.087891 -0.435547 0.013428
v 0.086426 -0.431641 -0.014465
v 0.086914 -0.425781 0.004517
v 0.094238 -0.458984 0.000584
v 0.085449 -0.447266 -0.016357
v 0.098145 -0.447266 -0.002838
v -0.033447 0.062988 0.109375
v -0.024536 0.067383 0.099609
v -0.022705 0.060791 0.101074
v -0.031738 0.062500 0.111328
v -0.034912 0.067383 0.108887
v -0.292969 0.031738 0.024414
v -0.292969 0.034912 0.035645
v -0.285156 0.030518 0.017822
v -0.283203 0.050781 0.029907
v -0.281250 0.044434 0.019287
v 0.025146 0.373047 0.099609
v 0.000137 0.277344 0.041260
v -0.012512 0.298828 0.043457
v -0.085938 -0.472656 0.073730
v -0.066895 -0.486328 0.071289
v -0.066406 -0.486328 0.060791
v -0.094727 -0.464844 0.059082
v -0.104492 -0.468750 0.074707
v -0.091309 -0.474609 0.090820
v -0.076172 -0.484375 0.092773
v 0.098633 0.143555 0.010559
v 0.106445 0.158203 0.031494
v 0.098633 0.155273 0.036133
v 0.095703 0.139648 0.011902
v 0.104004 0.149414 -0.019043
v 0.104004 0.147461 0.010742
v 0.016968 -0.028198 0.078613
v 0.017090 0.001198 0.073242
v -0.121094 0.322266 -0.053955
v -0.355469 -0.076660 0.084961
v -0.353516 -0.071777 0.080566
v -0.353516 -0.078613 0.084473
v -0.357422 -0.079590 0.088867
v -0.355469 -0.074707 0.089844
v -0.355469 -0.069824 0.082031
v 0.010681 0.250000 0.032227
v 0.011963 0.279297 0.038330
v 0.020752 0.250000 0.027954
v 0.000416 0.249023 0.034668
v 0.099609 0.003235 0.062988
v 0.093750 0.021729 0.064453
v 0.092773 0.005188 0.077637
v 0.096680 -0.013367 0.076660
v 0.104004 -0.014771 0.061279
v -0.020874 0.404297 -0.078613
v -0.022095 0.425781 -0.094727
v -0.033447 0.437500 -0.105469
v 0.049316 -0.482422 -0.037598
v 0.064941 -0.482422 -0.037842
v 0.049805 -0.500000 -0.034424
v 0.050293 -0.464844 -0.034912
v 0.039062 -0.480469 -0.026978
v -0.171875 0.101074 0.032959
v -0.158203 0.113770 0.035889
v -0.146484 0.109863 0.010132
v -0.165039 0.093750 0.010071
v -0.182617 0.093262 0.031494
v -0.271484 0.036621 0.013855
v -0.267578 0.030640 0.017212
v 0.032959 0.441406 0.058105
v 0.017822 0.455078 0.033203
v 0.016479 0.447266 0.061279
v 0.047852 0.431641 0.050049
v 0.032715 0.451172 0.031494
v 0.046875 0.417969 0.069336
v 0.032227 0.429688 0.078613
v 0.355469 -0.061768 0.020996
v 0.357422 -0.067383 0.020752
v 0.359375 -0.067383 0.015564
v 0.000389 0.296875 0.098145
v -0.005127 0.300781 0.100586
v 0.000443 0.287109 0.099609
v 0.005219 0.296875 0.098145
v -0.067383 -0.445312 0.031494
v -0.065430 -0.431641 0.025269
v -0.080566 -0.443359 0.029541
v -0.076660 -0.453125 0.042480
v -0.048584 -0.443359 0.024170
v -0.054688 -0.437500 0.025024
v -0.063477 -0.458984 0.042725
v 0.113770 0.194336 -0.045654
v 0.109375 0.203125 -0.050049
v 0.123535 0.215820 -0.039062
v 0.004822 0.012634 0.108887
v 0.003815 -0.000048 0.107422
v -0.109375 0.326172 0.033936
v -0.108398 0.330078 -0.003418
v -0.087402 0.359375 0.006989
v -0.121094 0.296875 0.061279
v -0.131836 0.298828 0.030151
v -0.343750 -0.041016 0.060791
v -0.341797 -0.046387 0.054932
v -0.345703 -0.039062 0.059326
v -0.000114 0.388672 -0.082031
v -0.000275 0.410156 -0.093750
v 0.131836 -0.472656 0.105469
v -0.067383 0.076660 0.001129
v -0.053223 0.049805 -0.011353
v -0.081543 0.102051 0.022705
v -0.076172 0.100098 -0.006134
v -0.053711 0.077148 -0.014221
v -0.017822 -0.229492 0.016479
v 0.080566 0.017944 0.038818
v 0.079590 0.021484 0.041260
v 0.096191 0.025391 0.047119
v 0.075684 0.017456 0.041992
v -0.100098 -0.466797 0.008728
v -0.095703 -0.466797 0.003159
v -0.096191 -0.482422 0.000568
v -0.104980 -0.482422 0.013367
v -0.104004 -0.466797 0.004974
v 0.029541 0.062988 0.111816
v 0.029419 0.067871 0.113281
v 0.019287 0.066895 0.105957
v 0.021606 0.061768 0.101562
v 0.020386 0.061768 0.105957
v 0.341797 -0.049072 0.021729
v 0.345703 -0.056152 0.014893
v -0.011719 0.304688 0.099121
v -0.011658 0.300781 0.097168
v -0.005249 0.304688 0.104004
v -0.079102 0.018066 0.077148
v -0.086914 0.020752 0.078125
v -0.091797 0.007507 0.077148
v 0.063477 0.382812 0.003174
v 0.057617 0.390625 -0.015137
v 0.054932 0.363281 -0.014099
v 0.045654 -0.332031 0.019531
v -0.210938 0.130859 -0.016479
v -0.343750 -0.031982 0.030640
v -0.345703 -0.029297 0.035645
v -0.333984 -0.013855 0.046387
v 0.005341 0.367188 0.100586
v -0.000221 0.367188 0.103027
v 0.003906 0.361328 0.104980
v 0.006378 0.363281 0.098633
v 0.093262 -0.294922 -0.010864
v -0.051025 0.240234 0.046143
v -0.049072 0.211914 0.084473
v -0.032471 0.185547 0.063965
v -0.074219 0.220703 0.068848
v -0.051758 0.257812 0.014099
v -0.045654 0.219727 0.028687
v -0.064453 -0.500000 0.072266
v -0.072266 -0.500000 0.091309
v 0.206055 0.047363 0.016846
v 0.209961 0.057373 0.044434
v 0.195312 0.067383 0.046143
v 0.219727 0.051025 0.020630
v 0.211914 0.053955 -0.010010
v 0.087402 -0.039795 0.060059
v 0.083496 -0.018799 0.043457
v 0.088379 -0.038818 0.042236
v 0.089844 -0.040527 0.056641
v 0.090332 -0.041748 0.072754
v 0.086914 -0.038574 0.072754
v 0.080078 -0.019287 0.059082
v -0.083008 0.343750 -0.030640
v -0.062988 0.361328 -0.048096
v -0.077148 0.359375 -0.027710
v -0.098633 -0.100586 0.043701
v -0.103027 -0.095215 0.046387
v -0.103027 -0.094238 0.015076
v -0.089844 -0.101074 0.067871
v -0.083496 -0.059326 0.043213
v 0.074707 0.257812 -0.055908
v 0.052246 0.253906 -0.079590
v 0.087891 0.259766 -0.028076
v 0.109863 0.265625 -0.040527
v 0.090820 0.277344 -0.079102
v 0.059570 0.257812 -0.084473
v 0.343750 -0.037109 0.071777
v 0.339844 -0.029053 0.067871
v 0.000439 0.500000 0.041504
v 0.031494 0.490234 0.037842
v 0.000221 0.500000 0.008484
v -0.027344 0.482422 0.079102
v 0.000366 0.490234 0.082520
v -0.030762 0.488281 0.038086
v 0.027832 0.482422 0.078613
v -0.080078 0.003464 -0.031128
v -0.088379 -0.013916 -0.032959
v -0.092285 -0.034424 -0.035156
v 0.056152 0.365234 0.046631
v 0.062988 0.373047 0.037842
v 0.057373 0.375000 0.045166
v 0.055176 0.353516 0.041260
v 0.059814 0.363281 0.035889
v 0.042480 -0.328125 -0.041016
v 0.026489 -0.318359 -0.035400
v -0.120605 0.197266 0.041504
v -0.090820 0.165039 0.056152
v -0.099121 -0.359375 -0.010010
v -0.100098 -0.328125 -0.009033
v -0.087402 -0.361328 -0.007263
v 0.000023 0.122559 0.093262
v 0.339844 -0.039307 0.038818
v 0.347656 -0.044678 0.031982
v 0.343750 -0.044678 0.039062
v 0.337891 -0.038086 0.028198
v 0.328125 -0.033203 0.036377
v 0.337891 -0.038330 0.044189
v 0.345703 -0.041748 0.042725
v 0.343750 -0.035889 0.042480
v -0.010681 0.333984 0.104980
v -0.011536 0.339844 0.109375
v -0.012146 0.337891 0.103027
v -0.013184 0.330078 0.102539
v -0.004456 0.330078 0.106445
v -0.008850 0.333984 0.114258
v -0.055664 0.012939 0.065430
v -0.055908 0.041504 0.064941
v -0.066895 0.016479 0.047607
v -0.074219 0.017334 0.052246
v -0.043945 0.010864 0.086914
v -0.039551 0.009705 0.077637
v -0.062012 0.013855 0.073242
v 0.063477 0.439453 -0.064453
v 0.036621 0.453125 -0.114746
v 0.043945 0.464844 -0.090332
v 0.041992 -0.077637 0.069824
v 0.081055 -0.069336 0.021973
v 0.044922 -0.111328 0.066406
v -0.050293 0.259766 -0.024780
v -0.085938 0.250000 0.011047
v -0.055908 0.265625 0.008484
v 0.027222 0.285156 0.015869
v 0.023560 0.291016 0.003006
v 0.023926 0.308594 0.004974
v 0.127930 -0.500000 0.037842
v 0.000313 0.161133 -0.071289
v 0.030518 0.174805 0.094238
v 0.077148 0.195312 0.093750
v 0.052002 0.186523 0.079590
v 0.000324 0.005737 -0.018066
v 0.020020 0.007202 -0.021240
v 0.022095 -0.024902 -0.030884
v 0.000160 -0.028442 -0.026123
v -0.021851 -0.027222 -0.031494
v -0.020020 0.007324 -0.020874
v -0.084961 0.353516 0.101562
v -0.095215 0.371094 0.047119
v -0.101562 0.351562 0.071777
v -0.084961 0.398438 0.051270
v -0.351562 -0.053711 0.020996
v -0.353516 -0.061768 0.021240
v -0.349609 -0.053223 0.015747
v 0.079102 -0.431641 0.018188
v 0.086914 -0.431641 0.017212
v -0.030762 0.067383 0.112305
v -0.034180 0.067871 0.112793
v -0.023804 0.073730 0.105957
v -0.032715 0.072754 0.111328
v -0.021606 0.066895 0.104980
v -0.023682 -0.289062 0.003464
v 0.125977 0.214844 -0.055176
v 0.109375 0.199219 -0.063965
v 0.087891 0.218750 -0.060791
v 0.108398 0.235352 -0.041016
v 0.022705 -0.008362 0.096680
v 0.063965 0.015137 0.070801
v -0.073242 0.380859 0.014099
v -0.068359 0.384766 0.023682
v -0.077637 0.373047 0.015198
v -0.074707 0.380859 0.020386
v -0.090332 -0.443359 0.025146
v 0.083008 0.125000 -0.015564
v 0.343750 -0.037109 0.045898
v 0.357422 -0.051514 0.052002
v -0.000511 0.417969 -0.133789
v -0.009094 0.421875 -0.135742
v -0.079590 0.020508 0.026611
v -0.074219 0.023560 0.003616
v -0.075195 0.005035 0.003159
v -0.080566 0.002609 0.026245
v 0.044922 0.447266 0.108398
v 0.022949 0.466797 0.114258
v 0.059570 0.404297 0.123535
v 0.053223 0.458984 0.073730
v 0.066895 0.417969 0.093262
v 0.044922 -0.056152 -0.029053
v 0.013123 -0.112305 -0.013306
v 0.009521 -0.085449 -0.018066
v 0.022949 -0.060791 -0.032959
v -0.136719 0.269531 0.036377
v -0.141602 0.292969 0.039062
v -0.141602 0.275391 0.005981
v -0.129883 0.287109 0.066895
v -0.113770 0.250000 0.031982
v -0.351562 -0.064941 0.022827
v -0.355469 -0.066895 0.019775
v -0.357422 -0.072754 0.019531
v -0.353516 -0.073242 0.020752
v 0.007141 0.275391 0.083496
v 0.017456 0.279297 0.082520
v 0.006195 0.275391 0.090820
v 0.287109 0.026611 0.017090
v 0.273438 0.036377 0.013245
v -0.032227 0.441406 0.057617
v -0.033203 0.449219 0.031494
v -0.047607 0.429688 0.049805
v -0.016357 0.447266 0.061523
v -0.046387 0.417969 0.068848
v -0.017700 0.455078 0.033203
v -0.002625 -0.013306 0.109375
v -0.006134 -0.014587 0.108398
v -0.002075 -0.000387 0.108398
v 0.004303 -0.012817 0.109375
v -0.001595 -0.015137 0.104492
v 0.134766 0.324219 0.014221
v 0.143555 0.308594 0.020386
v 0.132812 0.324219 -0.018066
v 0.132812 0.320312 0.043213
v 0.082031 -0.443359 0.030029
v 0.077637 -0.455078 0.042236
v 0.078613 -0.427734 0.022461
v 0.066895 -0.429688 0.025024
v 0.068359 -0.445312 0.031738
v -0.098633 0.175781 -0.040039
v -0.110352 0.203125 -0.050781
v -0.095703 0.191406 -0.057861
v -0.090332 0.171875 -0.045410
v -0.090820 0.149414 -0.023315
v -0.116211 0.170898 -0.040283
v -0.120605 0.193359 -0.044922
v -0.320312 -0.026733 0.068848
v -0.302734 -0.027100 0.080566
v -0.304688 -0.016968 0.072754
v 0.041992 0.417969 -0.022583
v 0.043701 0.400391 -0.030029
v 0.357422 -0.076660 0.092285
v -0.021240 0.238281 0.029053
v -0.010071 0.232422 0.036133
v -0.065918 -0.462891 -0.032715
v -0.085938 -0.464844 -0.017822
v -0.076172 -0.453125 -0.024658
v -0.062988 -0.449219 -0.031494
v -0.076660 -0.480469 -0.031494
v -0.064453 -0.482422 -0.038574
v 0.042969 0.101074 0.079590
v 0.061035 0.101562 0.064453
v 0.060059 -0.020508 -0.004974
v 0.067871 -0.050781 -0.009399
v -0.100098 0.298828 0.093262
v -0.106445 0.300781 0.097168
v -0.119629 0.277344 0.061523
v -0.099609 0.320312 0.097656
v -0.120605 -0.484375 0.031738
v -0.118164 -0.474609 0.037109
v -0.000069 0.197266 -0.078613
v 0.029663 0.202148 -0.075684
v 0.000214 0.158203 -0.087891
v 0.294922 -0.033691 0.077148
v -0.047363 0.341797 -0.006744
v -0.061279 0.361328 0.003799
v -0.044922 0.008911 -0.023315
v -0.063477 0.008118 -0.017090
v -0.046387 0.009766 -0.031738
v -0.022339 0.009216 -0.032715
v -0.059814 -0.017578 -0.025879
v -0.070312 0.006104 0.003967
v 0.054443 0.384766 0.060303
v 0.050293 0.378906 0.075195
v 0.039551 -0.316406 0.017090
v -0.042969 0.184570 0.103027
v -0.031006 0.194336 0.096191
v -0.283203 -0.006683 0.053955
v -0.302734 -0.015564 0.023804
v -0.308594 -0.018311 0.041016
v 0.011902 0.339844 0.108398
v 0.008057 0.347656 0.109375
v 0.008789 0.341797 0.116699
v 0.012329 0.337891 0.103027
v 0.011475 0.347656 0.101074
v 0.009644 0.335938 0.111328
v 0.359375 -0.074219 0.018677
v 0.357422 -0.072754 0.021362
v 0.002014 0.151367 0.093262
v 0.021851 0.160156 0.091797
v 0.023071 0.129883 0.092773
v -0.044678 -0.111328 0.066406
v -0.041504 -0.077637 0.069824
v -0.070312 -0.106445 0.052734
v -0.017700 -0.078125 0.066895
v -0.048340 -0.153320 0.057617
v 0.118652 0.263672 0.002213
v 0.094238 0.257812 0.008484
v 0.116211 0.263672 0.033447
v 0.073242 0.019775 0.026001
v 0.075684 0.017944 0.051514
v -0.052734 0.435547 -0.090820
v -0.044678 0.462891 -0.088379
v -0.298828 -0.035889 0.089355
v -0.296875 -0.028076 0.086426
v 0.034668 0.447266 0.007446
v 0.019043 0.451172 0.006287
v 0.000099 0.457031 0.033691
v -0.000275 0.453125 0.005127
v 0.361328 -0.066895 0.066406
v -0.046387 0.238281 -0.007050
v 0.182617 0.094727 0.032227
v 0.215820 0.093262 0.058350
v 0.232422 0.114746 0.050293
v 0.076172 -0.039062 -0.027100
v 0.071777 -0.015869 -0.025391
v 0.085449 -0.037109 -0.034668
v 0.078125 -0.041260 -0.026489
v 0.082520 -0.041504 -0.009216
v -0.052002 0.345703 0.067383
v 0.027466 0.216797 0.077637
v 0.039551 0.211914 0.038330
v -0.108887 -0.089844 0.017334
v -0.089355 -0.058838 0.046143
v -0.075684 -0.063965 0.066406
v 0.045654 0.330078 -0.068359
v 0.040039 0.363281 -0.062500
v 0.023682 0.353516 -0.069336
v 0.025757 0.328125 -0.078613
v 0.060547 0.296875 -0.098633
v 0.069336 0.332031 -0.055176
v 0.062988 0.363281 -0.047852
v 0.064941 -0.500000 0.071289
v 0.073242 -0.500000 0.090820
v -0.316406 0.001770 0.056885
v -0.353516 -0.067871 0.087891
v -0.353516 -0.062988 0.079590
v -0.351562 -0.062500 0.085449
v 0.021729 0.281250 0.032227
v 0.073242 -0.458984 0.038574
v 0.065430 -0.457031 0.043457
v -0.020996 -0.324219 -0.011414
v -0.026489 -0.333984 -0.011047
v -0.028320 -0.318359 -0.002274
v -0.022827 -0.318359 0.005920
v 0.072266 0.194336 0.069824
v 0.101074 0.202148 0.081543
v 0.082520 -0.014771 -0.031982
v 0.067871 0.001457 -0.024048
v -0.052734 0.373047 0.066406
v -0.049561 0.380859 0.074219
v -0.052979 0.363281 0.067383
v -0.047363 0.369141 0.076172
v 0.093262 0.127930 0.015320
v 0.359375 -0.050049 0.033691
v 0.355469 -0.053711 0.033691
v 0.351562 -0.055176 0.040039
v -0.000877 0.308594 0.104004
v -0.005310 0.310547 0.102539
v -0.069336 0.019287 0.073242
v 0.019653 -0.117188 0.058105
v 0.003387 -0.090820 0.044678
v 0.017578 -0.081055 0.064453
v -0.157227 0.233398 0.034180
v -0.359375 -0.053711 0.043945
v -0.365234 -0.065918 0.040771
v 0.031738 0.294922 -0.109375
v 0.061523 0.271484 -0.099609
v 0.306641 -0.008606 0.070801
v 0.308594 -0.020264 0.072266
v 0.308594 0.012329 0.054932
v 0.304688 -0.020386 0.077637
v 0.294922 0.004333 0.064941
v -0.029663 0.488281 -0.006897
v 0.000542 0.500000 -0.023560
v 0.000702 0.494141 0.008240
v -0.029907 0.488281 -0.033691
v 0.120117 0.324219 0.068359
v 0.108887 0.345703 0.044189
v 0.066406 -0.427734 0.019531
v 0.084473 -0.410156 0.007141
v 0.064941 -0.388672 0.016602
v 0.006226 0.339844 0.123535
v 0.000206 0.347656 0.122559
v 0.000118 0.339844 0.125977
v 0.004730 0.351562 0.114258
v 0.000038 0.333984 0.125000
v 0.005341 0.335938 0.121094
v -0.002045 0.165039 0.091309
v 0.001801 0.166992 0.091309
v -0.012817 0.165039 0.067871
v 0.146484 0.121094 -0.018188
v 0.118652 0.141602 -0.019775
v -0.130859 0.302734 -0.058105
v -0.091309 0.320312 -0.079590
v -0.100586 0.304688 -0.087891
v -0.101074 0.287109 -0.087891
v -0.085938 -0.480469 -0.018921
v -0.093262 -0.455078 0.000637
v -0.100098 -0.460938 -0.002289
v 0.004669 0.074707 0.099121
v -0.001015 0.075195 0.094727
v 0.007751 0.068359 0.099609
v -0.005768 0.074219 0.099121
v 0.092285 -0.034424 -0.035645
v 0.088867 -0.013977 -0.033447
v 0.090332 -0.037598 -0.033203
v -0.037109 0.310547 0.061768
v -0.011658 -0.015076 0.107910
v 0.078125 0.365234 0.014526
v 0.075684 0.371094 0.011169
v 0.061523 -0.316406 0.024048
v 0.082031 -0.314453 0.010498
v 0.088379 -0.296875 0.016968
v 0.035889 -0.320312 0.022095
v 0.062988 -0.318359 0.032227
v 0.031738 -0.302734 0.025269
v 0.063477 -0.296875 0.036377
v -0.111328 0.200195 -0.064941
v -0.106445 -0.015564 0.047363
v -0.109863 -0.035156 0.045410
v -0.104980 -0.037354 0.059082
v 0.061035 0.390625 -0.049316
v 0.000336 0.231445 0.039062
v 0.011108 0.233398 0.036621
v -0.013611 0.213867 0.057617
v -0.071777 -0.281250 -0.027222
v -0.050049 -0.281250 -0.035889
v 0.135742 0.263672 0.035400
v 0.122559 0.263672 0.067383
v 0.115234 0.253906 -0.007751
v 0.075195 0.021362 0.008545
v 0.076172 0.019165 0.010681
v 0.093750 0.026001 -0.000103
v -0.044434 0.382812 0.084961
v -0.048096 0.375000 0.079590
v -0.040283 0.396484 0.083496
v -0.048828 0.392578 0.072266
v -0.044678 0.373047 0.086914
v -0.039307 0.376953 0.092773
v -0.036621 0.386719 0.092285
v -0.294922 0.039551 0.032227
v -0.253906 0.089355 0.038330
v -0.259766 0.090820 0.016235
v -0.291016 0.041016 0.047607
v -0.255859 0.081543 -0.001663
v -0.292969 0.032715 0.019897
v 0.013977 0.416016 0.096191
v 0.013062 0.398438 0.102051
v 0.028442 0.416016 0.090332
v 0.361328 -0.069336 0.036133
v -0.005493 0.279297 0.097656
v -0.019043 -0.333984 -0.010071
v -0.031982 -0.332031 0.006012
v 0.094238 -0.017578 0.077637
v 0.080078 -0.020508 0.071289
v 0.099121 -0.035645 0.076660
v 0.101074 -0.037842 0.075195
v 0.088379 0.000668 0.078125
v -0.063965 0.380859 0.003174
v -0.063477 0.394531 0.005432
v -0.349609 -0.063965 0.078613
v -0.345703 -0.064941 0.080078
v 0.037842 0.243164 -0.029663
v 0.341797 -0.023071 0.050049
v 0.324219 0.000992 0.029053
v -0.102539 -0.016357 0.043213
v -0.108398 -0.037354 0.043457
v 0.048340 -0.449219 -0.027588
v -0.245117 0.101562 0.048828
v -0.253906 0.111328 0.028076
v -0.355469 -0.075195 0.018066
v 0.016235 0.203125 0.097656
v 0.222656 0.059326 0.037842
v -0.019287 0.373047 0.094238
v -0.026245 0.373047 0.099609
v -0.063477 -0.043213 0.056641
v -0.057861 -0.020020 0.053711
v -0.074707 -0.042725 0.021729
v -0.067383 -0.070801 0.057861
v -0.038330 -0.050293 0.069824
v 0.036133 0.302734 -0.119141
v 0.064453 -0.460938 0.034424
v -0.186523 0.115234 -0.029907
v -0.173828 0.099609 -0.013062
v -0.285156 -0.013611 0.072266
v -0.289062 -0.023071 0.078613
v -0.296875 -0.024048 0.083008
v 0.054443 0.414062 -0.011414
v 0.038330 0.433594 -0.010620
v 0.365234 -0.066406 0.062256
v 0.000042 0.232422 -0.063965
v 0.023682 0.236328 -0.059570
v -0.053467 -0.429688 0.015747
v -0.066895 -0.425781 0.019653
v 0.029907 0.118164 0.111816
v 0.024414 0.116699 0.108398
v 0.032959 0.123047 0.112305
v 0.029541 0.122559 0.112793
v 0.019775 0.123535 0.105469
v 0.047119 0.008362 0.014282
v -0.048096 0.353516 0.077148
v -0.044434 0.359375 0.079102
v -0.046875 0.363281 0.075684
v -0.343750 -0.029907 0.041748
v -0.349609 -0.037598 0.042480
v 0.007874 0.353516 0.101562
v 0.071777 -0.326172 -0.041748
v -0.018188 0.193359 0.074219
v -0.041992 0.198242 0.067871
v -0.021606 0.169922 0.080566
v -0.016602 -0.078613 0.100098
v -0.048584 -0.070801 0.085449
v 0.162109 0.237305 0.012085
v 0.085449 0.022583 0.077637
v 0.087891 0.020630 0.078613
v 0.091797 0.024414 0.063477
v -0.057861 0.468750 0.004761
v -0.031982 0.492188 0.005554
v -0.057617 0.470703 -0.028320
v 0.061035 0.125000 -0.033936
v 0.030640 0.143555 -0.053223
v -0.039062 0.314453 0.045410
v -0.085449 0.005005 -0.031738
v -0.077637 0.022095 -0.029663
v -0.064941 0.017090 -0.024048
v 0.052490 0.398438 0.061768
v 0.025146 -0.241211 -0.017334
v 0.020996 -0.269531 0.006989
v 0.047119 -0.222656 -0.020752
v -0.355469 -0.046875 0.057617
v -0.339844 -0.029663 0.056641
v -0.000183 0.419922 -0.118652
v 0.008484 0.419922 -0.133789
v 0.012817 0.423828 -0.128906
v -0.000099 0.419922 -0.107422
v 0.062500 -0.330078 0.025635
v -0.049072 -0.480469 -0.037842
v -0.049316 -0.500000 -0.034668
v -0.039307 -0.500000 -0.026733
v 0.239258 0.076660 0.047119
v 0.229492 0.083008 0.056152
v -0.016113 0.306641 0.096191
v -0.009277 0.310547 0.100098
v -0.013550 0.308594 0.097656
v -0.079102 -0.222656 0.009155
v -0.073242 -0.237305 0.027344
v 0.030273 0.219727 0.097168
v 0.044189 0.236328 0.072266
v 0.047119 0.233398 0.096680
v 0.020630 0.200195 0.098633
v 0.034424 0.214844 0.099609
v 0.345703 -0.039551 0.020996
v -0.024414 0.008789 0.098145
v 0.076660 0.355469 0.015747
v 0.067871 -0.435547 0.023193
v 0.059814 -0.441406 0.023071
v -0.164062 0.108398 -0.014832
v -0.201172 0.134766 -0.019409
v -0.353516 -0.080566 0.089355
v -0.355469 -0.079590 0.090332
v 0.028687 0.218750 0.050049
v 0.300781 -0.027832 0.068848
v 0.304688 -0.023804 0.051514
v 0.316406 -0.028687 0.066895
v 0.304688 -0.026367 0.071289
v 0.287109 -0.017700 0.060791
v -0.040527 0.363281 -0.062500
v -0.021240 0.378906 -0.071289
v -0.057129 0.025269 -0.012024
v -0.062012 0.025879 -0.016113
v 0.038574 0.437500 0.104492
v 0.049072 0.449219 0.072754
v 0.045166 -0.080566 -0.066406
v 0.069824 -0.048828 -0.034912
v 0.079102 -0.081543 -0.048096
v 0.075684 -0.088379 -0.043945
v -0.114746 0.261719 0.032959
v -0.073730 0.242188 0.070801
v -0.104492 0.261719 0.065430
v -0.337891 -0.048584 0.022705
v -0.337891 -0.039062 0.026245
v -0.343750 -0.046631 0.022827
v -0.335938 -0.043457 0.024658
v -0.339844 -0.049316 0.015320
v 0.097656 -0.466797 0.005188
v 0.101562 -0.464844 0.012268
v 0.104492 -0.466797 0.004547
v 0.085938 -0.464844 -0.017578
v -0.013855 0.074219 0.101074
v -0.024048 0.073242 0.102539
v -0.008423 0.074219 0.095215
v -0.056152 -0.251953 0.036377
v 0.081055 0.242188 -0.041016
v 0.049316 0.261719 -0.024780
v 0.083496 0.253906 -0.011597
v 0.049561 0.245117 -0.049805
v -0.109375 0.343750 0.043945
v -0.369141 -0.094238 0.067871
v -0.369141 -0.088867 0.069336
v -0.367188 -0.092773 0.071289
v 0.000404 0.235352 -0.040283
v -0.016724 0.237305 -0.041260
v 0.000584 0.257812 -0.027466
v 0.017578 0.237305 -0.040283
v 0.298828 -0.050049 0.095703
v 0.304688 -0.050537 0.092773
v -0.055176 0.353516 0.056885
v 0.077637 0.388672 0.047607
v 0.045654 -0.190430 -0.014709
v 0.022705 -0.190430 -0.006561
v 0.044434 -0.156250 -0.016357
v 0.046875 -0.208008 -0.016724
v -0.087402 0.265625 0.093262
v -0.068848 0.247070 0.093262
v -0.335938 -0.037598 0.027832
v 0.014404 0.308594 0.097656
v 0.016724 0.306641 0.096191
v -0.009766 0.068359 0.092773
v -0.000046 0.068848 0.092285
v -0.053223 -0.212891 0.051758
v -0.031006 -0.222656 0.037842
v -0.029541 -0.208984 0.040771
v -0.053711 -0.227539 0.044678
v -0.050049 -0.193359 0.051270
v 0.138672 0.224609 0.019409
v 0.147461 0.214844 0.021729
v 0.138672 0.226562 -0.002930
v 0.156250 0.232422 0.034180
v 0.038086 -0.006073 0.080566
v 0.018555 -0.008118 0.089844
v -0.324219 -0.032227 0.071289
v -0.314453 -0.014465 0.068848
v -0.025635 0.239258 -0.093262
v -0.053467 -0.449219 0.020264
v -0.048584 -0.457031 0.013916
v 0.257812 0.089355 0.038086
v 0.078125 -0.018066 -0.003113
v -0.035645 0.320312 0.085938
v -0.041260 0.316406 0.063965
v -0.107422 -0.086426 -0.003494
v -0.100098 -0.083984 -0.019897
v 0.020996 0.281250 0.072754
v 0.021851 0.283203 0.065430
v 0.024048 0.285156 0.076660
v 0.314453 0.013123 0.040527
v 0.000916 0.453125 0.161133
v -0.017090 0.447266 0.156250
v 0.000793 0.474609 0.118164
v -0.099121 0.003525 0.062988
v -0.103027 0.002106 0.047852
v -0.223633 0.130859 0.002563
v 0.085449 -0.416016 -0.015320
v 0.074707 -0.433594 -0.030884
v 0.073730 -0.410156 -0.033203
v -0.025513 0.115723 0.103516
v -0.019409 0.114746 0.099121
v -0.025391 0.116211 0.107422
v -0.031494 -0.237305 0.035400
v -0.015625 -0.209961 0.017944
v 0.132812 0.224609 -0.024780
v 0.041992 -0.003128 0.104004
v 0.039062 -0.006439 0.101562
v 0.023804 0.000275 0.102051
v -0.085938 -0.500000 0.108398
v -0.101562 -0.482422 0.121094
v -0.088379 -0.482422 0.112305
v 0.361328 -0.054443 0.058594
v 0.357422 -0.054932 0.064453
v 0.363281 -0.068359 0.058105
v 0.361328 -0.059570 0.055420
v -0.014771 0.310547 -0.006165
v 0.000031 0.294922 -0.010742
v -0.014099 0.292969 -0.006958
v 0.032959 0.378906 0.097168
v 0.055664 -0.328125 -0.048584
v 0.052734 -0.316406 -0.052979
v -0.138672 0.170898 0.041992
v -0.161133 0.149414 0.044922
v -0.130859 0.181641 0.037842
v -0.151367 0.192383 0.027466
v -0.136719 0.137695 0.040771
v -0.361328 -0.078125 0.041504
v 0.014160 0.166016 0.094238
v 0.296875 -0.001457 0.025391
v -0.017944 0.363281 0.087402
v -0.025879 0.375000 0.092285
v -0.032471 0.371094 0.089844
v 0.132812 0.302734 0.060059
v 0.146484 0.294922 0.014771
v 0.088867 -0.443359 0.029175
v 0.081543 -0.443359 0.028198
v -0.077148 0.155273 -0.043213
v -0.060303 0.172852 -0.065430
v 0.023071 0.447266 -0.142578
v 0.011536 0.462891 -0.142578
v -0.019287 0.279297 -0.014038
v -0.012817 0.259766 -0.023315
v -0.053711 -0.390625 -0.037598
v -0.036621 -0.363281 -0.028564
v -0.047119 -0.363281 -0.041748
v -0.073242 -0.388672 -0.035400
v 0.102539 0.170898 0.048584
v -0.349609 -0.036621 0.036865
v 0.083496 -0.283203 -0.004333
v 0.071777 -0.237305 -0.019287
v -0.025269 0.285156 0.061035
v -0.064453 -0.453125 0.037842
v -0.064453 -0.447266 0.030884
v -0.064453 -0.445312 0.034424
v -0.065430 -0.453125 0.041260
v -0.067871 -0.455078 0.038818
v 0.205078 0.075195 -0.027100
v 0.079102 -0.000109 0.042725
v -0.077637 0.333984 -0.065430
v -0.092285 -0.359375 0.016235
v 0.339844 -0.032715 0.062256
v 0.349609 -0.045898 0.076660
v 0.343750 -0.040039 0.066895
v -0.018433 0.453125 0.005951
v -0.088867 -0.054688 0.018921
v 0.025879 0.308594 0.088379
v -0.034180 0.071777 0.109375
v 0.021851 0.100586 0.088379
v 0.020630 0.070312 0.086914
v 0.339844 -0.039307 0.025391
v -0.011780 0.306641 0.098633
v -0.020142 0.008484 0.085938
v 0.083008 0.400391 -0.011841
v 0.064453 -0.109863 0.088379
v 0.063477 -0.113281 0.083008
v 0.085938 -0.106934 0.061523
v 0.031982 -0.117676 0.102051
v -0.067871 0.241211 0.029907
v -0.070312 0.245117 -0.001724
v -0.292969 -0.038086 0.081543
v -0.291016 -0.032715 0.083984
v 0.057373 0.328125 0.032227
v 0.063477 0.330078 0.024048
v 0.367188 -0.094727 0.066406
v 0.363281 -0.091309 0.066895
v -0.016602 0.224609 -0.058838
v -0.031982 0.228516 -0.051270
v -0.022827 -0.193359 -0.006714
v -0.043701 -0.152344 -0.016968
v 0.071777 0.248047 0.094238
v 0.044922 0.027954 -0.030273
v 0.024292 0.010437 -0.040527
v 0.014587 0.292969 -0.006165
v 0.013672 0.269531 -0.011780
v 0.000366 0.269531 -0.014954
v 0.014648 0.310547 -0.005768
v -0.022217 0.470703 -0.103027
v 0.000111 0.488281 -0.089355
v -0.025635 0.484375 -0.062988
v -0.074707 0.002563 0.026489
v -0.082520 -0.020874 0.021851
v -0.075195 -0.000349 0.052002
v 0.083008 0.355469 0.071777
v 0.041016 -0.390625 -0.020752
v 0.033936 -0.363281 -0.011902
v 0.041504 -0.410156 -0.018433
v 0.052246 -0.410156 -0.033936
v -0.049316 0.161133 0.083008
v -0.094727 0.006104 -0.018066
v -0.105469 -0.013184 -0.004730
v -0.097656 -0.013000 -0.019043
v 0.036621 0.365234 0.084473
v 0.032715 0.363281 0.088867
v 0.038086 0.363281 0.084961
v 0.040771 0.365234 0.081543
v 0.371094 -0.085938 0.040039
v 0.373047 -0.084961 0.043457
v 0.369141 -0.075195 0.037842
v 0.371094 -0.089844 0.040771
v -0.058350 -0.441406 0.021729
v -0.067383 -0.433594 0.022827
v 0.160156 0.139648 -0.035156
v 0.191406 0.146484 -0.018799
v 0.033936 0.001404 0.062256
v -0.134766 0.300781 -0.006409
v -0.355469 -0.050293 0.052490
v -0.083496 0.125000 -0.015625
v 0.154297 0.203125 0.024048
v 0.136719 0.207031 0.036133
v 0.098633 0.024414 -0.003891
v 0.095703 0.026855 -0.004395
v 0.095703 0.023438 0.001633
v 0.091797 0.023926 -0.016357
v 0.095703 0.006104 -0.018188
v -0.091309 -0.328125 -0.009827
v -0.094238 -0.314453 -0.012634
v -0.085449 -0.328125 -0.029419
v 0.320312 -0.023193 0.015564
v 0.326172 -0.018799 0.014954
v -0.046631 0.021118 0.104980
v 0.056885 0.466797 0.040283
v -0.365234 -0.067383 0.036865
v 0.012024 0.302734 0.098633
v 0.085938 0.004944 -0.031982
v -0.022583 0.466797 0.114258
v -0.137695 0.205078 -0.039551
v -0.147461 0.209961 -0.029419
v 0.355469 -0.068848 0.087891
v 0.060059 0.007538 0.024536
v 0.052246 0.008667 -0.001610
v 0.059326 0.009216 0.011902
v 0.043213 -0.024414 -0.022095
v 0.036865 0.007874 -0.013428
v 0.105957 -0.480469 0.013367
v -0.114746 -0.468750 0.054199
v 0.038574 0.224609 -0.008972
v 0.057373 0.271484 -0.007874
v 0.040039 0.221680 0.013367
v -0.091309 0.020020 0.041992
v -0.098145 0.001022 0.043701
v -0.080078 0.018433 0.038330
v 0.025146 0.470703 0.078125
v 0.018311 -0.148438 -0.009949
v 0.028687 0.484375 0.030518
v 0.030640 0.486328 -0.004089
v 0.001259 0.494141 0.040527
v -0.046143 0.273438 -0.025513
v -0.074219 0.257812 -0.056152
v -0.086426 0.259766 -0.028198
v -0.024048 -0.363281 -0.011780
v -0.078125 -0.294922 -0.037354
v -0.085938 -0.312500 -0.012207
v 0.034668 0.201172 0.063965
v 0.349609 -0.038330 0.041992
v 0.359375 -0.048096 0.038818
v -0.004974 0.367188 0.101074
v -0.000130 0.363281 0.107422
v 0.082031 0.345703 -0.030762
v 0.086426 0.359375 0.007874
v 0.076172 0.361328 -0.027466
v 0.085449 -0.500000 0.108398
v 0.076172 -0.484375 0.092773
v -0.213867 0.053467 -0.010010
v -0.126953 -0.500000 0.036865
v -0.119629 -0.500000 0.030518
v 0.306641 -0.046143 0.087891
v -0.024414 0.302734 0.034668
v -0.036621 0.007355 -0.013123
v 0.095703 0.320312 0.095215
v 0.088867 0.355469 0.040771
v -0.355469 -0.047607 0.043213
v 0.004913 0.330078 0.106934
v 0.085938 -0.404297 -0.010864
v -0.007874 0.114746 0.096191
v -0.070312 -0.149414 0.042969
v -0.040039 0.417969 -0.088379
v -0.053955 0.416016 -0.076660
v -0.063965 0.439453 -0.063965
v -0.357422 -0.056885 0.054932
v -0.351562 -0.055908 0.052246
v -0.343750 -0.044678 0.048828
v -0.041016 -0.113281 -0.023071
v -0.039062 -0.082031 -0.027344
v -0.009399 -0.085938 -0.018433
v -0.071289 -0.107422 -0.009094
v 0.142578 0.281250 0.036621
v 0.130859 0.285156 0.066895
v 0.137695 0.275391 -0.019775
v 0.345703 -0.046387 0.022949
v -0.046387 -0.008362 0.104004
v -0.023071 0.001930 0.103027
v 0.034668 -0.269531 0.026123
v 0.034668 -0.253906 0.031738
v 0.037109 -0.291016 0.020264
v 0.025024 0.253906 0.017944
v 0.026245 0.259766 0.007568
v 0.024902 0.281250 0.026978
v 0.324219 -0.033447 0.053955
v 0.335938 -0.038574 0.061035
v -0.047607 -0.034424 -0.021729
v -0.059326 -0.020508 -0.005310
v -0.066895 -0.050537 -0.009216
v -0.045898 -0.062500 -0.029541
v 0.107910 0.298828 0.097168
v 0.102539 0.320312 0.097168
v 0.040283 -0.500000 -0.026367
v -0.055664 0.072266 0.063965
v -0.060303 0.101562 0.064941
v -0.285156 0.023438 0.016602
v -0.275391 0.016968 0.022461
v -0.241211 0.068359 -0.010437
v -0.227539 0.055176 0.000866
v 0.055908 0.408203 0.051758
v -0.007416 0.275391 0.083496
v 0.000038 0.275391 0.083984
v -0.007050 0.275391 0.092773
v 0.000389 0.285156 0.067383
v 0.017456 -0.011902 0.102539
v 0.030396 -0.010193 0.101562
v 0.004852 -0.013672 0.104004
v 0.004944 0.000190 0.102539
v -0.073242 0.343750 0.019897
v -0.071289 0.343750 0.016113
v -0.066895 0.333984 0.026123
v 0.285156 -0.006927 0.053223
v 0.294922 -0.003555 0.038330
v 0.310547 -0.019775 0.041016
v -0.006378 0.339844 0.123047
v -0.004791 0.345703 0.119629
v -0.009033 0.339844 0.116699
v -0.005493 0.333984 0.121094
v 0.052246 0.470703 -0.060791
v 0.073730 0.441406 -0.028198
v -0.117676 0.263672 0.002090
v -0.109863 0.265625 -0.040527
v -0.135742 0.279297 -0.005127
v -0.132812 0.277344 0.030029
v 0.034180 0.324219 -0.001907
v 0.047119 0.339844 -0.007355
v 0.369141 -0.091309 0.045654
v 0.371094 -0.091797 0.041992
v 0.373047 -0.090820 0.043213
v 0.373047 -0.089844 0.045898
v 0.050293 0.227539 0.099609
v 0.057861 0.008484 -0.014954
v 0.044922 0.009155 -0.023926
v 0.059814 -0.017822 -0.024292
v 0.007996 0.365234 0.092773
v 0.012451 0.355469 0.095215
v 0.076172 -0.328125 -0.049316
v 0.057129 -0.333984 -0.056152
v 0.056396 -0.328125 -0.055908
v -0.052246 0.226562 0.044434
v -0.027588 0.217773 0.050293
v -0.027710 0.248047 0.015869
v 0.281250 0.044434 0.018799
v 0.092285 -0.040771 0.041504
v 0.104004 -0.037842 0.059082
v -0.046143 0.330078 -0.069336
v -0.357422 -0.078613 0.067871
v -0.347656 -0.056396 0.058350
v 0.046387 0.238281 -0.006104
v 0.059082 0.261719 0.011841
v 0.306641 -0.027954 0.081055
v -0.230469 0.114746 0.049805
v -0.244141 0.125000 0.026855
v -0.229492 0.083008 0.055908
v -0.339844 -0.033203 0.023193
v -0.052246 -0.468750 0.032959
v -0.059570 -0.462891 0.040283
v -0.060303 0.328125 0.036133
v -0.063477 0.330078 0.024414
v -0.056885 0.326172 0.032471
v -0.339844 -0.054688 0.074707
v -0.345703 -0.052246 0.083984
v -0.337891 -0.052490 0.080078
v 0.022949 0.265625 -0.003586
v -0.078613 -0.018799 -0.002487
v -0.089844 -0.051025 -0.008118
v 0.039307 0.359375 0.084473
v 0.042236 0.363281 0.081055
v -0.085449 -0.429688 0.016846
v -0.018433 0.339844 0.098633
v -0.030518 0.335938 0.093750
v 0.004425 0.013062 0.104492
v -0.001137 -0.000341 0.103516
v -0.008118 -0.000448 0.103027
v 0.075684 0.435547 0.013367
v 0.073730 -0.236328 0.027710
v 0.080566 -0.236328 0.006622
v 0.054932 -0.238281 0.039307
v 0.056396 -0.251953 0.036621
v -0.363281 -0.067871 0.058838
v 0.042480 -0.431641 -0.013367
v 0.050537 -0.435547 -0.029663
v -0.045898 0.129883 0.082031
v -0.261719 0.028564 0.027710
v -0.008118 0.296875 0.055908
v -0.112793 -0.468750 0.093750
v -0.102539 -0.472656 0.115234
v -0.072266 0.390625 -0.027100
v -0.078613 0.392578 0.010437
v -0.333984 -0.043457 0.076172
v -0.333984 -0.047119 0.071289
v -0.330078 -0.036133 0.072754
v -0.341797 -0.047607 0.081543
v 0.095215 -0.445312 0.029419
v 0.086914 -0.447266 0.031250
v 0.091797 -0.449219 0.028931
v 0.096680 -0.445312 0.023804
v 0.090820 -0.443359 0.026001
v 0.098145 -0.449219 0.027100
v 0.088379 -0.445312 0.033447
v -0.014160 -0.193359 0.020386
v -0.027100 -0.193359 0.044189
v -0.080078 -0.500000 -0.028931
v -0.094238 -0.500000 -0.005585
v 0.009033 0.061035 0.096680
v -0.099609 0.015869 0.048584
v 0.026367 0.431641 -0.134766
v 0.019165 0.423828 -0.117188
v 0.017700 0.427734 -0.145508
v 0.030640 -0.210938 0.041016
v 0.053955 -0.221680 0.050049
v -0.259766 0.114746 0.004517
v 0.107422 -0.034668 0.060547
v 0.000271 0.302734 -0.123047
v -0.128906 0.218750 0.032959
v -0.220703 0.051270 0.020142
v -0.083008 -0.104492 0.021362
v -0.080566 -0.068848 0.022095
v -0.071289 -0.073242 -0.011230
v 0.090332 0.300781 -0.079590
v 0.015991 0.012817 0.103516
v 0.024780 0.012085 0.102539
v -0.055664 0.466797 0.040039
v -0.000092 0.496094 -0.055908
v 0.030396 0.488281 -0.031494
v 0.349609 -0.071289 0.088379
v -0.026245 0.285156 0.015991
v 0.244141 0.101074 0.048584
v -0.019775 0.326172 0.099121
v 0.046875 0.129883 0.082520
v 0.054199 -0.466797 0.033447
v 0.061279 -0.462891 0.039795
v 0.048340 -0.458984 0.026611
v -0.219727 0.062988 -0.024536
v -0.236328 0.083984 -0.031982
v 0.000183 0.330078 0.119141
v -0.004852 0.332031 0.116211
v 0.004974 0.332031 0.116211
v 0.077148 -0.453125 -0.024292
v 0.063477 -0.451172 -0.031128
v 0.065918 -0.462891 -0.032471
v -0.023315 0.416016 -0.094727
v -0.076660 -0.429688 0.022095
v -0.079102 -0.431641 0.018188
v 0.086426 0.184570 -0.071777
v 0.058350 0.208984 -0.068359
v 0.349609 -0.049072 0.071289
v 0.353516 -0.054932 0.075195
v 0.267578 0.030029 0.016235
v -0.123535 0.130859 0.009216
v 0.367188 -0.093750 0.070801
v 0.369141 -0.092285 0.070801
v -0.106445 -0.500000 0.012085
v 0.083496 0.019409 0.078613
v 0.000488 -0.062500 -0.022095
v -0.021851 -0.067871 -0.031494
v 0.000355 -0.077637 -0.011169
v -0.125977 0.316406 0.066406
v 0.000042 0.355469 0.115723
v -0.121094 0.281250 -0.048828
v -0.088379 0.269531 -0.073730
v -0.060547 0.271484 -0.099609
v -0.072754 -0.223633 0.030640
v 0.047852 0.335938 0.062256
v 0.012024 0.165039 0.068848
v 0.026001 0.198242 0.081543
v 0.008911 0.180664 0.093750
v 0.003113 0.166016 0.091797
v 0.030762 -0.121094 0.098145
v 0.073242 -0.065430 0.059082
v -0.038086 0.100098 -0.030273
v 0.052734 0.240234 0.045898
v 0.072266 0.221680 0.068359
v 0.000435 0.009277 -0.034424
v 0.023071 0.009216 -0.032471
v -0.365234 -0.088379 0.071777
v 0.261719 0.035156 0.038086
v 0.367188 -0.067871 0.037354
v 0.000473 0.281250 0.098145
v -0.343750 -0.053711 0.072266
v 0.042969 0.367188 -0.029785
v 0.021484 0.341797 -0.029785
v -0.039062 0.209961 0.038330
v -0.046631 0.236328 0.072266
v -0.028076 0.186523 0.060059
v -0.018555 0.304688 0.093750
v -0.308594 -0.008972 0.016479
v 0.082031 0.242188 0.036621
v -0.051758 0.251953 -0.079102
v -0.057373 0.255859 -0.084961
v -0.035889 -0.320312 0.021973
v -0.041992 0.365234 0.080566
v -0.090820 -0.041504 0.071777
v -0.000175 0.320312 -0.108887
v 0.018799 0.302734 0.094238
v -0.022217 0.061035 0.105469
v -0.017334 -0.304688 0.001816
v -0.039551 -0.318359 0.017212
v 0.000122 0.351562 -0.073730
v -0.000084 0.376953 -0.074219
v -0.023804 0.353516 -0.069824
v 0.000168 0.326172 -0.081543
v -0.137695 0.205078 0.033936
v -0.007050 -0.015137 0.104004
v -0.013794 -0.015625 0.103516
v 0.015747 0.279297 0.074219
v -0.096191 -0.054932 0.020386
v 0.078125 0.333984 -0.065430
v 0.079102 -0.449219 0.035645
v 0.077637 -0.449219 0.040283
v -0.292969 -0.028076 0.083008
v 0.371094 -0.085938 0.046875
v -0.023560 -0.159180 0.048828
v 0.224609 0.130859 0.020264
v 0.240234 0.120605 -0.023560
v -0.017334 0.429688 -0.110840
v -0.085938 -0.449219 0.031494
v -0.079102 -0.449219 0.039062
v -0.077637 -0.445312 0.035889
v 0.079590 0.249023 -0.068848
v 0.061768 0.240234 -0.025879
v 0.002899 -0.093750 0.022217
v -0.339844 -0.022583 0.050049
v 0.347656 -0.064941 0.080078
v 0.351562 -0.064453 0.077148
v -0.033691 -0.363281 -0.011719
v 0.171875 0.104004 0.034668
v -0.029175 0.324219 0.093262
v 0.023682 0.128906 0.107422
v 0.067383 0.333984 0.026733
v 0.073730 0.345703 0.020020
v 0.055908 0.345703 0.030640
v -0.119141 -0.468750 0.113770
v -0.130859 -0.472656 0.104980
v -0.121094 -0.480469 0.121582
v 0.106934 0.255859 -0.044434
v -0.351562 -0.052246 0.081543
v -0.351562 -0.054688 0.075195
v 0.031738 0.304688 0.050781
v -0.065918 -0.500000 -0.035889
v -0.034912 -0.500000 -0.008545
v 0.361328 -0.055176 0.034668
v 0.355469 -0.068359 0.013367
v 0.050781 0.003342 0.050049
v 0.099609 -0.036865 -0.018066
v -0.071289 -0.328125 -0.041992
v -0.045654 0.367188 0.080078
v 0.070312 -0.221680 -0.013977
v -0.045898 0.232422 0.096191
v -0.045654 -0.458984 0.026489
v 0.221680 0.097656 -0.036377
v 0.020508 0.472656 -0.119141
v 0.101562 -0.458984 -0.002625
v -0.016602 0.115234 0.103516
v -0.054199 -0.239258 0.039062
v 0.053223 -0.439453 0.024902
v 0.049561 -0.447266 0.023560
v 0.058838 -0.457031 0.039795
v 0.000046 0.166992 0.081055
v -0.079102 -0.449219 0.035645
v 0.355469 -0.062988 0.080078
v 0.308594 -0.009399 0.016113
v 0.304688 -0.015869 0.023315
v 0.028931 0.324219 0.095215
v 0.009949 0.061279 0.103027
v 0.087402 -0.316406 0.014160
v 0.163086 0.096191 0.010071
v -0.031738 0.162109 -0.086426
v -0.028076 -0.287109 -0.023315
v -0.024780 -0.302734 -0.032471
v -0.044189 0.363281 0.077637
v -0.059082 0.099609 -0.022339
v -0.031738 0.378906 0.097656
v -0.033936 0.373047 0.094238
v -0.027954 0.384766 0.099609
v -0.083984 -0.361328 0.011536
v -0.308594 0.006134 0.021362
v 0.320312 -0.027954 0.025146
v 0.062988 0.026245 -0.015747
v 0.046875 0.010071 -0.030884
v 0.057617 0.025635 -0.012085
v 0.069336 0.022949 0.005707
v 0.026733 0.384766 0.100586
v 0.056152 0.355469 0.026001
v 0.064453 0.363281 0.025879
v -0.031982 0.294922 -0.108887
v -0.026123 0.326172 -0.078613
v 0.333984 -0.016968 0.020264
v -0.080078 -0.020874 0.062256
v -0.369141 -0.089355 0.046387
v 0.000607 0.275391 0.093262
v -0.070801 -0.451172 0.041992
v 0.036621 0.339844 -0.019775
v 0.073242 0.017456 0.064941
v -0.353516 -0.060791 0.016846
v 0.000778 0.050293 -0.024170
v 0.043945 0.363281 0.078613
v -0.023315 0.291016 0.002335
v -0.013367 0.267578 -0.011475
v -0.022339 0.263672 -0.002426
v 0.316406 -0.003357 0.017456
v -0.087891 -0.037842 0.072754
v -0.052002 0.468750 -0.060547
v -0.005096 0.166016 0.069336
v 0.006561 -0.010925 0.094238
v 0.023682 -0.289062 0.003525
v 0.039795 0.369141 0.085449
v 0.273008 0.039482 0.028588
v -0.334411 -0.040042 0.043627
v -0.271949 0.040019 0.028868
v 0.368063 -0.072440 0.046673
vn 0.7586 0.0399 0.6504
vn 0.7776 -0.0533 0.6265
vn 0.5352 -0.0357 0.8440
vn 0.7801 0.4573 0.4270
vn 0.9365 0.0558 0.3461
vn 0.5090 0.0107 0.8607
vn 0.5979 0.3725 0.7098
vn -0.8517 -0.5222 -0.0433
vn -0.8092 -0.4725 0.3491
vn -0.7101 -0.5712 0.4117
vn 0.9130 0.1850 0.3636
vn -0.7802 -0.4711 -0.4116
vn 0.8273 0.2493 -0.5034
vn 0.9617 0.2739 -0.0083
vn -0.8558 -0.3570 -0.3745
vn -0.8943 -0.4423 -0.0671
vn -0.7970 -0.5322 0.2858
vn 0.0034 -0.9327 -0.3607
vn -0.2930 -0.9412 -0.1680
vn -0.8916 -0.2911 0.3468
vn -0.8423 -0.5170 0.1524
vn 0.0796 -0.9502 -0.3013
vn -0.7086 -0.5631 0.4252
vn -0.7922 -0.2188 0.5696
vn -0.7448 -0.2030 0.6356
vn -0.4997 -0.5084 0.7013
vn -0.6751 -0.4373 0.5942
vn -0.9386 -0.0602 0.3397
vn -0.8558 0.2900 0.4285
vn -0.6543 0.2119 0.7259
vn -0.5655 -0.2064 0.7985
vn 0.6728 -0.0765 -0.7358
vn 0.4989 -0.3507 -0.7925
vn 0.7476 -0.2890 -0.5980
vn 0.5658 0.3546 -0.7444
vn 0.4730 0.1940 -0.8595
vn 0.9090 -0.0015 -0.4168
vn 0.8116 0.2640 -0.5212
vn 0.1552 -0.3688 0.9165
vn 0.6832 -0.1902 0.7051
vn 0.3493 0.1383 0.9268
vn -0.3683 0.2559 0.8938
vn -0.5390 -0.2783 0.7950
vn 0.5469 -0.7312 0.4077
vn -0.2997 -0.6956 0.6529
vn 0.3283 -0.3969 0.8571
vn -0.7899 0.6060 -0.0934
vn -0.5618 0.5579 0.6108
vn -0.7866 0.5770 0.2199
vn -0.5912 0.5299 0.6080
vn -0.7151 0.6864 -0.1319
vn -0.5772 0.4366 -0.6901
vn -0.5907 0.3169 -0.7421
vn -0.8080 0.4861 -0.3330
vn 0.9164 -0.0862 0.3910
vn 0.8608 0.1181 0.4951
vn 0.0990 0.5170 0.8502
vn 0.0713 0.1101 0.9914
vn 0.6564 -0.5504 0.5160
vn 0.6309 -0.7632 -0.1395
vn 0.7635 -0.5783 -0.2873
vn 0.1868 -0.0538 -0.9809
vn 0.6311 -0.6172 -0.4698
vn 0.8009 -0.5902 -0.1010
vn 0.9721 -0.1188 0.2024
vn 0.7914 -0.6107 -0.0262
vn -0.2453 -0.2333 -0.9409
vn 0.2832 -0.6562 -0.6995
vn 0.6321 0.7228 -0.2793
vn 0.7787 0.5319 -0.3328
vn 0.7731 0.2367 -0.5885
vn 0.4855 0.8707 0.0783
vn 0.4360 0.8999 0.0101
vn 0.7644 0.5627 -0.3149
vn -0.0072 -0.4189 -0.9080
vn 0.0140 -0.3461 -0.9381
vn -0.0869 -0.3568 -0.9302
vn -0.1338 -0.4496 -0.8832
vn 0.1631 -0.3747 -0.9127
vn 0.1455 -0.4495 -0.8813
vn -0.0064 -0.5633 -0.8262
vn 0.0542 0.2130 -0.9756
vn 0.8179 0.1056 -0.5656
vn 0.0333 0.2914 -0.9560
vn 0.0792 0.0011 -0.9969
vn 0.7709 0.0453 -0.6354
vn -0.6645 0.2329 -0.7100
vn -0.6713 0.1554 -0.7247
vn 0.4804 -0.8513 0.2110
vn 0.4875 -0.8692 -0.0825
vn 0.3640 -0.9295 -0.0589
vn 0.4488 -0.6809 0.5788
vn 0.6201 -0.7722 0.1381
vn 0.5442 -0.7923 0.2759
vn 0.5676 -0.5831 0.5812
vn 0.1604 0.4076 -0.8990
vn 0.3373 0.0666 -0.9390
vn 0.4171 0.4556 -0.7864
vn 0.1218 0.6253 -0.7708
vn 0.0040 0.5508 -0.8346
vn 0.0620 0.0923 -0.9938
vn -0.9663 0.0304 0.2555
vn -0.9460 -0.0362 0.3223
vn -0.9635 0.0317 0.2657
vn -0.9893 0.0755 0.1246
vn -0.9745 0.1724 0.1434
vn -0.9250 0.3379 0.1739
vn -0.9323 0.0953 0.3490
vn -0.9264 0.2165 0.3081
vn -0.9145 0.2323 0.3311
vn -0.7289 0.6825 -0.0532
vn -0.7709 0.6311 0.0861
vn -0.5744 0.6567 0.4887
vn -0.7210 0.6202 -0.3090
vn -0.6977 0.6338 -0.3339
vn -0.6756 0.7035 0.2206
vn -0.4880 -0.8574 -0.1637
vn -0.5834 -0.7204 -0.3751
vn -0.7282 -0.6752 -0.1175
vn 0.7507 0.4081 0.5195
vn 0.5428 0.6376 0.5467
vn -0.0588 -0.9982 -0.0070
vn -0.0236 -0.9088 -0.4165
vn -0.7256 -0.3643 0.5837
vn -0.8359 -0.3060 0.4556
vn -0.8056 -0.2802 -0.5219
vn 0.1206 0.0368 0.9920
vn 0.1235 -0.0652 0.9902
vn -0.6200 -0.4944 0.6092
vn -0.8020 -0.5267 -0.2818
vn 0.1171 -0.6739 -0.7295
vn 0.0270 -0.8525 -0.5220
vn 0.5242 -0.2761 0.8056
vn 0.8117 0.2084 0.5456
vn 0.3417 0.3050 0.8889
vn 0.3309 -0.6698 0.6648
vn 0.8275 -0.4338 0.3564
vn -0.1759 -0.3551 0.9181
vn 0.9509 0.3078 -0.0316
vn 0.8270 0.3584 0.4330
vn 0.9303 0.3661 -0.0211
vn 0.4472 0.8775 -0.1732
vn 0.4540 0.7855 0.4205
vn 0.8333 0.0233 -0.5523
vn 0.7452 0.1452 -0.6508
vn 0.3355 0.1062 -0.9360
vn 0.3380 0.1139 -0.9342
vn 0.9780 0.1805 -0.1049
vn 0.9809 -0.0776 -0.1784
vn 0.4449 -0.5532 -0.7043
vn 0.0405 -0.0372 -0.9985
vn 0.0029 0.0410 -0.9992
vn -0.4691 0.1818 -0.8643
vn -0.3649 0.5644 -0.7405
vn -0.5612 0.3448 -0.7524
vn -0.5105 -0.3240 -0.7965
vn -0.2956 -0.3163 -0.9014
vn -0.2184 0.1691 -0.9611
vn -0.6726 -0.0617 -0.7374
vn -0.8154 -0.0101 0.5789
vn -0.1495 0.0894 0.9847
vn -0.7754 0.2818 0.5651
vn -0.9375 0.3309 -0.1078
vn -0.9789 0.1349 -0.1533
vn -0.1482 -0.3021 0.9417
vn -0.8810 0.1228 0.4569
vn 0.1791 -0.8873 -0.4249
vn 0.3262 -0.9139 -0.2418
vn 0.2498 -0.9155 -0.3155
vn 0.2333 -0.5724 -0.7861
vn 0.3395 -0.8852 -0.3180
vn -0.0016 -0.6587 -0.7524
vn -0.0008 -0.9248 -0.3805
vn -0.0047 -0.8700 -0.4930
vn -0.5185 -0.2343 0.8223
vn -0.6145 -0.0198 0.7887
vn 0.0671 0.4301 0.9003
vn 0.1811 0.3516 0.9185
vn -0.5395 -0.8338 0.1169
vn -0.6649 -0.7163 -0.2118
vn -0.0392 -0.2244 0.9737
vn -0.2729 0.5178 -0.8108
vn 0.0074 0.5704 -0.8214
vn 0.0062 0.2530 -0.9675
vn -0.5547 0.6956 -0.4566
vn -0.2355 0.7539 -0.6134
vn -0.3201 0.1631 -0.9332
vn -0.5862 0.4180 -0.6940
vn -0.2842 -0.9496 -0.1321
vn 0.6183 -0.7641 0.1840
vn -0.2822 -0.9593 -0.0095
vn -0.1113 -0.9855 -0.1278
vn -0.9892 -0.1117 -0.0949
vn -0.8577 0.0730 -0.5089
vn -0.3310 -0.9090 -0.2532
vn 0.8733 -0.4175 0.2511
vn 0.7980 -0.2016 0.5680
vn 0.7199 -0.3853 0.5773
vn 0.8284 -0.5198 0.2089
vn 0.7719 -0.5631 0.2952
vn 0.7373 -0.5061 0.4475
vn 0.8995 -0.2668 0.3461
vn 0.9276 -0.3252 0.1837
vn -0.9075 0.0723 0.4138
vn -0.9757 0.1512 0.1586
vn -0.9245 0.1321 0.3577
vn -0.6077 0.1302 0.7834
vn -0.9323 0.0047 0.3616
vn -0.9921 0.1186 0.0421
vn -0.8598 0.2516 0.4443
vn -0.9939 0.0990 -0.0484
vn -0.8931 -0.0394 0.4482
vn 0.4746 0.3556 0.8052
vn -0.3890 0.5072 0.7690
vn 0.2576 0.0790 0.9630
vn -0.1725 0.8942 0.4132
vn 0.7182 -0.4721 0.5111
vn 0.9326 0.0755 0.3530
vn -0.4838 0.2860 0.8271
vn -0.3102 0.2911 0.9050
vn 0.5145 -0.0206 0.8572
vn -0.9148 0.3111 0.2577
vn -0.3919 0.4493 0.8028
vn -0.9428 0.3043 0.1362
vn -0.0302 -0.6029 -0.7972
vn -0.3155 -0.6186 -0.7196
vn -0.0024 -0.4936 -0.8697
vn 0.3181 -0.6181 -0.7189
vn -0.0068 -0.3552 -0.9348
vn 0.2994 -0.2986 0.9062
vn 0.2513 0.2361 0.9387
vn -0.2071 0.0808 0.9750
vn -0.1475 -0.8613 0.4862
vn 0.6410 -0.6657 0.3821
vn 0.7641 0.1674 0.6231
vn -0.9995 0.0220 0.0239
vn -0.9101 0.3154 -0.2686
vn -0.9425 0.2988 0.1500
vn -0.9164 -0.1113 0.3844
vn -0.9813 -0.1898 0.0304
vn -0.9299 0.0272 0.3668
vn -0.9184 0.0070 -0.3957
vn 0.6092 0.3593 -0.7070
vn 0.6067 0.1426 -0.7820
vn 0.0629 0.7852 -0.6161
vn 0.1562 0.1985 -0.9676
vn 0.8154 0.3124 -0.4874
vn 0.8705 0.2764 -0.4072
vn 0.9266 0.1963 -0.3207
vn 0.5650 0.5338 0.6292
vn 0.1524 0.2009 0.9677
vn 0.0526 0.0502 0.9974
vn 0.1930 0.0579 0.9795
vn 0.6656 0.5569 0.4969
vn 0.6802 0.7330 0.0026
vn 0.7816 0.6231 -0.0299
vn 0.5293 0.5632 0.6346
vn 0.9260 -0.1670 -0.3386
vn 0.8848 0.4645 -0.0376
vn 0.9671 -0.2537 0.0189
vn 0.9468 0.0535 -0.3172
vn 0.7235 -0.3295 -0.6066
vn 0.8465 0.4024 -0.3486
vn -0.3891 0.4241 0.8178
vn -0.3303 -0.0604 0.9419
vn -0.5421 0.3376 0.7695
vn -0.5657 0.1520 0.8105
vn -0.4215 0.0488 0.9055
vn -0.1027 0.5205 0.8477
vn -0.0519 0.0915 0.9944
vn -0.9821 0.0653 -0.1769
vn -0.9535 0.0621 -0.2950
vn -0.7832 0.1353 0.6069
vn -0.9681 -0.1076 -0.2262
vn -0.5887 -0.0546 -0.8065
vn -0.8671 -0.0899 0.4899
vn 0.5738 -0.0378 -0.8181
vn 0.6763 0.4100 -0.6120
vn 0.8540 -0.0543 -0.5174
vn 0.3475 -0.0347 -0.9370
vn 0.3823 0.6832 -0.6221
vn 0.7225 -0.4903 -0.4875
vn 0.3964 -0.7146 -0.5764
vn 0.7595 0.3281 -0.5617
vn 0.9303 0.3253 -0.1693
vn 0.1732 0.1054 -0.9792
vn 0.1045 0.0399 -0.9937
vn 0.7464 0.4656 -0.4756
vn 0.9082 0.2735 0.3168
vn 0.7689 0.4334 0.4701
vn -0.5486 0.4881 0.6789
vn -0.5905 -0.6204 0.5162
vn -0.0780 -0.3509 0.9332
vn -0.5231 0.5144 0.6795
vn -0.8331 0.2672 0.4843
vn -0.1468 0.6879 0.7108
vn 0.0059 0.2793 0.9602
vn 0.0559 0.3430 -0.9377
vn -0.1472 0.3447 -0.9271
vn -0.2109 0.1846 0.9599
vn 0.0311 -0.0319 0.9990
vn 0.0957 0.3005 0.9490
vn 0.9359 0.3519 -0.0173
vn 0.7633 0.5934 -0.2553
vn 0.7952 0.6063 -0.0002
vn 0.9891 0.0966 0.1114
vn 0.9904 0.1079 -0.0866
vn 0.9387 0.3117 0.1471
vn 0.9027 0.3894 -0.1832
vn -0.9214 -0.1797 0.3447
vn -0.9751 -0.1574 0.1560
vn -0.6322 -0.1992 0.7487
vn -0.5463 -0.2041 0.8123
vn -0.9812 -0.1353 -0.1379
vn -0.9725 -0.1387 -0.1869
vn -0.9162 -0.1829 0.3566
vn -0.4703 -0.8824 0.0160
vn -0.2043 0.9490 -0.2400
vn -0.2243 0.8058 -0.5481
vn -0.5506 -0.8348 0.0010
vn -0.5325 0.1878 -0.8253
vn -0.7819 -0.2195 -0.5834
vn -0.9819 -0.0643 -0.1782
vn 0.7301 -0.1794 0.6593
vn -0.8867 0.3355 0.3183
vn -0.1309 0.2264 0.9652
vn 0.1915 0.9767 0.0972
vn -0.0238 0.9189 0.3938
vn 0.3804 0.8691 0.3162
vn 0.0728 0.7757 0.6269
vn 0.7044 0.5899 -0.3949
vn 0.3959 0.4737 -0.7867
vn -0.0034 0.7160 -0.6981
vn -0.2447 0.1082 0.9635
vn -0.6990 -0.5043 0.5070
vn -0.9231 0.0125 0.3844
vn 0.0709 0.5929 0.8022
vn 0.3963 0.4814 0.7818
vn -0.4137 0.3555 0.8381
vn -0.5148 0.6522 -0.5564
vn -0.4990 0.4543 -0.7380
vn -0.7834 0.1593 -0.6007
vn 0.0000 0.9001 -0.4357
vn 0.0336 0.7819 -0.6224
vn -0.8229 0.3155 -0.4725
vn -0.6111 0.6828 -0.4004
vn -0.9555 0.2887 0.0600
vn -0.9534 0.3009 0.0234
vn -0.8496 0.2970 0.4358
vn -0.8600 0.2906 -0.4195
vn 0.8071 0.2773 0.5212
vn -0.8984 -0.4327 -0.0753
vn -0.8783 -0.4687 -0.0947
vn 0.8431 0.4548 0.2869
vn 0.9077 0.3135 0.2788
vn 0.4826 0.2472 0.8403
vn 0.8421 0.1706 0.5116
vn 0.0915 -0.4644 -0.8809
vn 0.4855 -0.5462 -0.6826
vn 0.5794 -0.1887 -0.7929
vn -0.3625 -0.2208 -0.9054
vn 0.1794 -0.2999 -0.9370
vn 0.5998 -0.2152 -0.7707
vn -0.4468 -0.5920 -0.6708
vn -0.4752 -0.6413 0.6024
vn -0.5533 -0.1260 0.8234
vn -0.5011 -0.0212 0.8651
vn -0.4496 -0.8709 0.1982
vn -0.4376 -0.1783 0.8813
vn -0.5211 -0.5694 0.6358
vn 0.3874 -0.3949 -0.8330
vn 0.7724 -0.6154 -0.1574
vn 0.7306 -0.3842 -0.5645
vn 0.3795 -0.6839 -0.6230
vn 0.6253 -0.7538 -0.2021
vn 0.2617 0.0567 -0.9635
vn -0.3115 0.2662 -0.9122
vn -0.0473 -0.3730 -0.9266
vn -0.3912 -0.0643 -0.9181
vn 0.4227 -0.8878 0.1821
vn 0.1089 -0.9129 0.3933
vn 0.2360 -0.8709 0.4311
vn 0.0747 -0.7276 0.6820
vn 0.7601 -0.5314 0.3740
vn 0.6703 -0.6130 0.4184
vn 0.3178 -0.8353 0.4486
vn -0.9119 -0.4059 -0.0613
vn -0.9179 -0.3928 0.0559
vn -0.3421 -0.2972 -0.8914
vn -0.7946 -0.2443 0.5559
vn -0.6074 -0.2837 0.7420
vn -0.5573 -0.4587 -0.6921
vn -0.8531 -0.4886 -0.1832
vn 0.8300 0.5386 0.1451
vn 0.8821 0.3960 0.2549
vn 0.7989 0.4435 -0.4063
vn 0.6883 0.6846 0.2401
vn -0.5153 -0.4675 0.7182
vn 0.8275 0.4785 -0.2939
vn -0.7037 -0.4718 0.5312
vn 0.2336 0.7431 -0.6271
vn 0.1760 0.5647 -0.8063
vn -0.2075 0.9357 0.2854
vn 0.0544 0.9645 0.2583
vn 0.2635 0.9563 -0.1270
vn 0.5487 -0.5394 -0.6388
vn 0.7563 -0.4855 -0.4384
vn 0.5186 -0.5166 -0.6813
vn 0.2116 -0.5568 -0.8032
vn 0.2977 -0.8060 -0.5116
vn 0.5455 -0.7339 -0.4046
vn 0.5577 -0.6218 -0.5498
vn -0.6479 -0.2628 -0.7149
vn -0.5043 -0.3111 -0.8056
vn -0.4758 -0.2841 -0.8324
vn -0.6389 -0.2933 -0.7112
vn 0.2861 0.1048 0.9524
vn -0.1714 -0.8757 0.4513
vn -0.4923 -0.2494 -0.8339
vn 0.2663 0.1434 0.9532
vn -0.7995 0.6006 0.0129
vn -0.7800 0.5941 -0.1967
vn -0.9631 0.1336 -0.2336
vn -0.8198 0.5373 0.1983
vn -0.7278 0.6858 0.0063
vn -0.6096 0.7800 -0.1410
vn -0.9954 0.0946 0.0171
vn -0.8060 0.5573 0.1995
vn -0.7788 0.1325 -0.6131
vn -0.7388 0.6097 0.2870
vn -0.0539 0.5068 0.8604
vn -0.7117 0.5104 0.4827
vn -0.9796 0.0838 -0.1824
vn -0.1173 0.4241 0.8980
vn 0.2990 0.5133 -0.8044
vn 0.0177 0.8431 -0.5375
vn 0.2672 0.7625 -0.5893
vn 0.7391 -0.1358 0.6597
vn 0.8087 -0.0680 0.5843
vn 0.1829 -0.2545 0.9496
vn 0.9968 0.0659 -0.0452
vn 0.1349 -0.0380 0.9901
vn 0.7714 0.2865 0.5682
vn -0.3930 -0.8920 -0.2234
vn -0.4717 -0.8523 -0.2261
vn -0.5940 -0.5967 -0.5395
vn -0.2790 -0.9594 -0.0414
vn -0.4650 -0.6692 -0.5796
vn -0.3700 -0.9244 -0.0930
vn -0.3352 -0.8897 -0.3099
vn 0.8722 0.1255 0.4728
vn 0.8604 0.1046 0.4987
vn 0.4867 -0.7873 0.3784
vn 0.9298 0.0981 0.3547
vn 0.9373 -0.0943 0.3355
vn 0.9731 0.1522 0.1729
vn 0.2950 -0.9455 0.1378
vn 0.9903 0.1210 0.0682
vn 0.8649 0.0694 -0.4970
vn 0.5869 0.0626 -0.8072
vn 0.6288 0.4792 -0.6123
vn 0.7154 -0.4932 -0.4949
vn 0.0354 0.7974 0.6024
vn 0.5702 -0.1587 0.8061
vn -0.5902 -0.5765 0.5650
vn -0.5823 -0.4339 0.6875
vn -0.8094 -0.5741 0.1237
vn -0.8952 -0.3161 0.3141
vn -0.9371 -0.3029 0.1734
vn -0.9153 -0.2749 0.2945
vn -0.8531 -0.4297 0.2958
vn -0.7497 -0.2056 0.6290
vn -0.8888 -0.1752 0.4235
vn -0.6818 -0.0318 0.7308
vn -0.6709 0.2409 -0.7014
vn -0.9966 0.0716 -0.0412
vn -0.9932 0.0963 -0.0659
vn 0.0385 0.2026 -0.9785
vn -0.7445 0.1429 -0.6522
vn -0.7377 0.2301 -0.6347
vn 0.9412 -0.3265 0.0866
vn 0.8264 -0.5406 0.1573
vn 0.4512 -0.7279 -0.5163
vn 0.1197 -0.5348 -0.8365
vn 0.8852 -0.3693 0.2829
vn 0.8813 -0.2951 0.3692
vn 0.9010 -0.4226 -0.0980
vn 0.8422 0.5391 -0.0054
vn 0.7164 0.2518 -0.6507
vn 0.8377 0.5130 -0.1873
vn 0.8430 0.5377 0.0156
vn 0.7306 0.3842 0.5645
vn 0.9042 0.4261 0.0283
vn -0.0027 0.1127 0.9936
vn -0.0972 -0.5653 0.8192
vn 0.1118 -0.2682 0.9569
vn -0.0455 -0.2017 0.9784
vn -0.1110 0.0408 0.9930
vn -0.1991 0.2610 0.9446
vn -0.2602 0.0245 0.9652
vn -0.0283 0.2397 0.9704
vn 0.8747 -0.1902 -0.4457
vn 0.9711 -0.1389 -0.1942
vn 0.9545 -0.2590 -0.1479
vn -0.0140 -0.0207 -0.9997
vn 0.8693 0.0117 -0.4941
vn 0.9087 -0.2767 -0.3127
vn 0.0125 0.0321 -0.9994
vn 0.2934 0.7285 -0.6190
vn 0.1657 0.6156 -0.7704
vn 0.3600 0.5736 -0.7358
vn 0.3975 0.3803 -0.8351
vn 0.1364 0.7049 -0.6960
vn 0.4230 0.6810 -0.5977
vn 0.5470 0.4492 -0.7064
vn -0.4605 0.6862 0.5631
vn -0.9418 -0.2981 0.1555
vn -0.3136 0.4372 0.8429
vn -0.1139 0.9481 0.2968
vn -0.7056 0.6234 0.3368
vn -0.0406 0.7956 0.6044
vn 0.7403 -0.4311 -0.5158
vn 0.5249 -0.2819 -0.8031
vn 0.5226 -0.5563 -0.6461
vn 0.7382 -0.6729 -0.0483
vn 0.6562 -0.5251 -0.5418
vn 0.9146 -0.3914 -0.1014
vn 0.5535 -0.5677 -0.6094
vn 0.2280 -0.3261 -0.9174
vn 0.8528 -0.3774 -0.3610
vn 0.2562 -0.8359 -0.4854
vn -0.6906 -0.1213 -0.7130
vn 0.7757 -0.3771 0.5060
vn 0.4701 -0.8373 0.2791
vn 0.3802 -0.9191 -0.1035
vn -0.1548 0.4978 0.8534
vn -0.0859 0.4328 0.8974
vn -0.8356 0.1070 0.5389
vn 0.7956 0.3173 0.5161
vn -0.0930 0.1996 0.9754
vn 0.8501 0.0629 0.5228
vn -0.7994 0.1892 0.5703
vn -0.9912 0.0084 0.1322
vn -0.9659 -0.2115 0.1495
vn -0.9822 -0.1715 0.0766
vn -0.8053 -0.1649 0.5695
vn -0.7625 0.3314 0.5556
vn -0.8763 0.0122 0.4816
vn -0.8715 0.2775 0.4043
vn -0.1296 0.6085 -0.7829
vn -0.4339 0.4450 -0.7834
vn -0.1540 0.4081 -0.8998
vn -0.0028 0.5714 -0.8206
vn -0.2311 -0.1314 -0.9640
vn -0.3965 0.4822 -0.7812
vn -0.0048 -0.2460 -0.9693
vn 0.9550 0.2737 0.1146
vn 0.9110 0.3990 0.1045
vn 0.9588 0.2839 -0.0071
vn 0.9135 0.3687 0.1718
vn 0.7250 -0.0702 -0.6851
vn 0.1466 -0.1756 -0.9735
vn 0.7972 0.0191 -0.6034
vn 0.0998 -0.1330 -0.9861
vn 0.9994 -0.0168 0.0295
vn 0.9974 -0.0584 -0.0422
vn 0.6921 -0.0619 -0.7192
vn -0.8874 -0.3314 0.3204
vn -0.9379 -0.3468 0.0030
vn -0.7952 -0.2741 0.5409
vn 0.4367 -0.8989 0.0349
vn -0.4294 -0.2245 0.8747
vn 0.2320 -0.1116 0.9663
vn 0.5621 -0.8260 -0.0414
vn 0.5694 -0.8156 -0.1028
vn 0.7678 -0.6170 0.1727
vn -0.1639 -0.6428 -0.7483
vn 0.4132 -0.5240 -0.7447
vn 0.5420 0.1106 0.8330
vn 0.6096 -0.0148 0.7926
vn 0.4560 0.0057 0.8900
vn 0.2880 0.1524 0.9454
vn 0.2025 0.1729 0.9639
vn 0.6001 -0.1323 0.7889
vn 0.5948 -0.0496 0.8024
vn -0.2724 -0.1076 0.9562
vn -0.2685 -0.0359 0.9626
vn -0.0080 -0.0987 0.9951
vn -0.0119 -0.0788 0.9968
vn -0.2928 -0.0457 0.9551
vn -0.5110 -0.1213 0.8510
vn -0.5245 -0.0374 0.8506
vn 0.4017 -0.4505 -0.7973
vn 0.4698 -0.2198 -0.8550
vn 0.4184 -0.2873 -0.8616
vn -0.5038 0.0608 0.8617
vn 0.5548 -0.4170 -0.7199
vn -0.2752 0.0507 0.9601
vn 0.2228 -0.9406 -0.2562
vn 0.3677 -0.9287 -0.0483
vn 0.2027 -0.9770 -0.0657
vn 0.1764 0.2633 0.9484
vn -0.0630 0.9978 -0.0199
vn 0.3951 0.2882 0.8722
vn -0.0618 0.6490 0.7583
vn -0.0043 -0.0082 1.0000
vn -0.0149 0.3975 0.9175
vn 0.2444 -0.0016 0.9697
vn -0.9138 0.3682 -0.1713
vn -0.9656 0.2144 -0.1472
vn -0.8111 0.2677 -0.5200
vn -0.8965 0.4395 -0.0554
vn -0.9559 0.2934 -0.0108
vn -0.6507 0.5902 -0.4777
vn -0.8001 0.5810 -0.1493
vn -0.6874 0.1509 -0.7105
vn 0.3918 -0.3195 -0.8628
vn -0.7425 -0.4887 -0.4581
vn -0.9630 0.1949 0.1862
vn -0.9466 0.2753 -0.1678
vn -0.5874 0.0501 -0.8078
vn 0.4432 -0.2636 -0.8568
vn -0.0724 0.4375 0.8963
vn 0.1811 0.6617 -0.7276
vn 0.0000 0.7573 -0.6530
vn 0.0748 0.4711 0.8789
vn -0.0718 0.0464 0.9963
vn -0.0585 0.1103 0.9922
vn -0.2669 0.0690 0.9613
vn -0.3343 0.5185 0.7870
vn 0.9617 0.1989 -0.1888
vn 0.4832 0.0509 0.8740
vn 0.9280 -0.3668 -0.0654
vn 0.8676 0.0561 -0.4942
vn 0.8503 0.1881 -0.4915
vn 0.9696 0.1758 -0.1701
vn 0.5074 0.0594 0.8597
vn -0.1167 -0.5060 0.8546
vn -0.5121 -0.3542 0.7825
vn -0.5160 -0.2746 0.8114
vn 0.4801 -0.2877 -0.8287
vn 0.6495 -0.2866 -0.7043
vn 0.6074 -0.2509 -0.7537
vn 0.4989 -0.2257 -0.8367
vn 0.7007 -0.4277 -0.5711
vn 0.5675 -0.3870 -0.7268
vn 0.4934 -0.3417 -0.7999
vn -0.8670 -0.4750 0.1507
vn -0.7339 -0.6744 0.0809
vn -0.5785 -0.7142 0.3940
vn -0.8717 -0.4616 -0.1647
vn -0.7548 -0.3881 0.5289
vn -0.8455 0.3117 0.4335
vn -0.9138 0.3911 0.1096
vn -0.8511 0.1234 0.5103
vn -0.8463 0.1269 0.5174
vn -0.3277 -0.9209 0.2112
vn -0.7418 -0.0198 0.6703
vn -0.3881 -0.9158 0.1034
vn -0.8419 0.3853 0.3778
vn -0.0741 -0.1999 -0.9770
vn -0.4746 0.1205 -0.8719
vn 0.0729 -0.2406 -0.9679
vn -0.0841 -0.1683 -0.9821
vn 0.4597 -0.6977 -0.5495
vn 0.4501 -0.7157 -0.5340
vn 0.3286 -0.4739 0.8169
vn -0.6664 -0.6897 0.2832
vn 0.4661 -0.8416 0.2727
vn -0.1532 -0.1776 0.9721
vn -0.0295 -0.0310 0.9991
vn 0.3474 -0.6308 0.6939
vn -0.7380 -0.2126 0.6404
vn -0.1474 -0.7619 0.6307
vn -0.5832 -0.3879 0.7138
vn -0.3651 0.8554 0.3675
vn -0.8607 0.1074 0.4977
vn -0.6321 -0.6262 0.4564
vn -0.4593 0.6667 0.5870
vn 0.8113 -0.2221 -0.5408
vn 0.7437 -0.6682 0.0216
vn -0.1789 -0.6917 -0.6997
vn 0.9477 0.2184 0.2325
vn 0.0912 -0.4102 -0.9074
vn 0.9392 0.2097 -0.2720
vn 0.3358 0.7079 0.6213
vn 0.3823 0.8047 0.4542
vn -0.2200 0.6343 0.7411
vn 0.0144 0.5574 0.8301
vn 0.1934 0.6569 0.7288
vn -0.3678 0.8034 0.4684
vn -0.3991 0.7008 0.5913
vn -0.1599 0.9057 0.3927
vn 0.9552 -0.0659 -0.2884
vn 0.9602 -0.0302 0.2777
vn 0.9803 -0.0279 -0.1957
vn 0.4171 -0.1168 -0.9013
vn 0.9206 -0.1663 -0.3533
vn 0.5161 -0.0698 -0.8537
vn 0.9508 -0.1377 0.2777
vn -0.5210 -0.4961 0.6946
vn -0.6371 -0.7480 0.1859
vn -0.6627 -0.7454 0.0729
vn -0.3788 -0.3652 0.8504
vn -0.3599 -0.5184 0.7757
vn -0.8183 -0.4834 -0.3108
vn -0.6686 -0.4245 -0.6105
vn -0.8137 -0.5581 -0.1626
vn -0.6977 -0.3875 -0.6025
vn -0.4276 0.1792 0.8860
vn -0.3116 0.2200 0.9244
vn -0.4730 0.1430 0.8694
vn -0.3724 0.2469 0.8947
vn -0.6563 0.1427 0.7409
vn -0.7059 0.4530 -0.5445
vn -0.1259 0.1172 -0.9851
vn -0.1105 0.0665 -0.9916
vn -0.7272 0.4900 -0.4807
vn -0.8366 0.2563 -0.4842
vn -0.7128 0.2933 0.6371
vn -0.7506 0.4277 0.5037
vn 0.1606 0.6794 0.7160
vn 0.2210 0.1988 0.9548
vn 0.1134 0.6089 0.7851
vn 0.0367 0.3056 0.9515
vn 0.0660 -0.3891 0.9188
vn 0.4244 0.6771 0.6012
vn 0.2784 0.3585 0.8910
vn 0.5009 0.5168 0.6943
vn 0.8931 -0.4468 0.0524
vn 0.8525 -0.0870 0.5155
vn 0.9595 -0.0876 -0.2676
vn 0.8470 -0.3236 -0.4217
vn 0.9499 -0.2882 0.1211
vn 0.8452 -0.3522 -0.4020
vn -0.3937 0.6785 -0.6202
vn 0.3443 0.5415 0.7670
vn -0.1707 0.6447 -0.7451
vn -0.7105 0.3333 -0.6198
vn -0.1586 0.7607 0.6295
vn -0.3218 -0.0149 -0.9467
vn -0.5779 -0.0666 -0.8134
vn 0.4315 0.4520 0.7807
vn 0.8834 -0.2750 0.3794
vn -0.0236 -0.7707 0.6368
vn 0.4413 -0.5952 0.6716
vn 0.4951 -0.2893 0.8193
vn 0.5122 -0.2270 0.8283
vn 0.1438 -0.9896 0.0084
vn 0.9216 -0.1971 0.3343
vn 0.9667 -0.2075 -0.1498
vn 0.1941 0.9587 -0.2081
vn 0.0774 0.9739 0.2133
vn 0.2058 0.9761 0.0693
vn 0.5121 -0.8589 -0.0017
vn 0.4795 -0.8742 0.0765
vn 0.2286 0.8096 -0.5407
vn 0.1892 0.9623 -0.1956
vn 0.4033 0.3749 0.8347
vn 0.0075 -0.0544 0.9985
vn 0.4047 -0.0230 0.9142
vn 0.3422 0.2506 -0.9056
vn 0.2551 0.4294 -0.8663
vn 0.1461 0.5031 0.8518
vn 0.7775 -0.5939 -0.2068
vn 0.8288 -0.4664 -0.3092
vn 0.9356 -0.3505 -0.0433
vn 0.5180 -0.8407 -0.1575
vn 0.5342 -0.7744 -0.3392
vn 0.7942 -0.6045 -0.0624
vn -0.6543 -0.6617 0.3662
vn 0.1032 -0.8846 0.4548
vn -0.2972 -0.2879 0.9104
vn -0.7529 0.2006 0.6267
vn -0.9371 0.3283 0.1185
vn -0.3862 -0.9122 0.1370
vn 0.9807 -0.1949 0.0150
vn 0.8676 -0.3093 0.3894
vn 0.9253 -0.1143 0.3617
vn 0.9210 -0.3895 0.0069
vn 0.9991 0.0428 0.0061
vn 0.8889 -0.2620 -0.3758
vn 0.9253 0.0146 -0.3791
vn -0.7038 -0.6342 -0.3201
vn -0.8283 -0.1005 0.5512
vn -0.7341 -0.1287 0.6668
vn 0.0488 -0.5295 -0.8469
vn -0.0068 -0.5130 -0.8584
vn -0.7039 -0.5855 -0.4021
vn -0.3366 -0.5259 -0.7811
vn -0.6127 -0.2189 -0.7594
vn -0.3364 -0.1975 -0.9208
vn -0.6007 -0.6503 -0.4651
vn -0.5828 -0.5150 -0.6286
vn -0.5143 0.1068 0.8509
vn -0.4850 0.8670 -0.1142
vn -0.9251 0.2605 -0.2763
vn -0.2879 -0.0179 0.9575
vn -0.2311 0.1693 0.9581
vn -0.9604 0.1920 -0.2017
vn -0.5038 0.0354 0.8631
vn 0.1490 0.9747 0.1665
vn -0.1380 -0.8327 0.5363
vn 0.2782 -0.5599 0.7805
vn 0.0924 -0.8273 0.5541
vn 0.1035 -0.8607 0.4985
vn 0.1069 -0.5656 0.8177
vn 0.3891 -0.7575 0.5242
vn 0.2854 -0.6777 0.6777
vn -0.8214 -0.0668 -0.5664
vn -0.9744 -0.2229 -0.0278
vn -0.9785 -0.1614 0.1283
vn -0.1302 0.4847 -0.8649
vn -0.0960 -0.0074 -0.9954
vn -0.7870 -0.0190 -0.6166
vn -0.8188 0.2383 -0.5223
vn -0.5288 0.7410 0.4139
vn -0.2697 0.4584 0.8468
vn -0.5762 0.7168 0.3928
vn -0.5859 0.7881 -0.1890
vn -0.6128 0.7851 -0.0895
vn -0.2422 0.9407 0.2375
vn -0.0695 0.7939 0.6041
vn -0.5114 0.2807 -0.8122
vn -0.8196 0.5652 -0.0937
vn -0.5088 0.2148 -0.8337
vn -0.6639 0.1694 -0.7284
vn -0.8854 0.4468 0.1282
vn 0.2776 -0.3000 -0.9127
vn -0.0810 0.1974 0.9770
vn -0.0761 -0.2176 0.9731
vn -0.0330 -0.7782 0.6272
vn -0.3075 0.1754 0.9352
vn -0.3654 0.1311 0.9216
vn -0.8599 -0.3243 0.3943
vn -0.6488 -0.1832 0.7386
vn -0.8747 -0.3510 0.3343
vn -0.9342 -0.3555 0.0299
vn -0.8635 -0.3039 0.4026
vn -0.6401 -0.2208 0.7359
vn -0.9075 -0.4140 -0.0707
vn 0.0511 0.8642 0.5006
vn 0.1635 0.8965 0.4117
vn 0.2527 0.9378 0.2378
vn 0.1135 0.8401 0.5305
vn -0.9826 -0.1343 -0.1281
vn -0.6854 0.7165 -0.1298
vn -0.9582 -0.2175 -0.1859
vn -0.3954 0.8961 0.2015
vn -0.5819 -0.2297 0.7801
vn -0.3637 -0.1305 0.9223
vn 0.8909 -0.0709 0.4487
vn 0.7517 0.2928 0.5910
vn 0.8635 -0.3586 0.3545
vn 0.5755 0.2074 0.7911
vn 0.9545 -0.2293 0.1904
vn 0.7814 0.0011 0.6240
vn 0.8598 -0.4926 0.1343
vn -0.7678 0.4589 0.4471
vn -0.2579 0.6860 0.6804
vn -0.4980 0.6610 0.5614
vn -0.8645 0.4316 -0.2575
vn -0.4941 0.8595 0.1311
vn -0.8274 0.4859 0.2818
vn 0.0295 0.8087 0.5874
vn 0.4742 -0.2422 -0.8464
vn 0.1698 -0.1647 -0.9716
vn 0.6824 0.0132 -0.7309
vn 0.4295 -0.4084 -0.8055
vn 0.8189 -0.4194 -0.3918
vn -0.0118 0.4347 0.9005
vn -0.8775 -0.2124 0.4300
vn -0.0101 0.3293 0.9442
vn 0.7725 0.4260 0.4709
vn 0.7775 0.5098 0.3682
vn -0.0275 0.4434 0.8959
vn -0.4119 -0.6012 -0.6847
vn -0.3322 -0.9407 0.0682
vn 0.0056 -0.7769 -0.6297
vn -0.4351 -0.8865 -0.1572
vn -0.0408 -0.6373 -0.7695
vn 0.0052 -0.4351 -0.9004
vn -0.8895 -0.4545 0.0464
vn 0.9638 -0.2093 -0.1651
vn 0.9674 -0.2167 -0.1310
vn 0.3851 0.0236 -0.9226
vn 0.8610 -0.1444 -0.4876
vn 0.9577 -0.1690 0.2329
vn 0.9104 -0.2952 0.2898
vn 0.4472 -0.0978 -0.8891
vn 0.9521 -0.0097 0.3058
vn 0.9627 -0.0034 0.2706
vn 0.8898 -0.1525 0.4300
vn 0.9163 -0.0393 0.3986
vn 0.9843 -0.1026 0.1436
vn 0.9865 -0.0104 0.1631
vn 0.7923 -0.0357 0.6091
vn -0.9683 -0.2346 0.0862
vn -0.8954 0.1533 -0.4180
vn -0.9877 0.1362 0.0762
vn -0.9602 0.2547 -0.1149
vn -0.9330 0.0083 0.3598
vn -0.8435 0.0481 0.5350
vn -0.6053 -0.6543 0.4533
vn -0.0895 0.7809 0.6183
vn -0.1493 0.7405 0.6553
vn -0.6231 -0.7030 0.3429
vn -0.3626 0.3501 0.8637
vn -0.4877 -0.8726 -0.0283
vn 0.7674 -0.4246 -0.4804
vn 0.9311 -0.3387 0.1357
vn 0.5799 -0.4368 0.6876
vn -0.1988 0.0335 -0.9795
vn 0.7234 -0.2967 -0.6234
vn -0.0712 -0.2034 -0.9765
vn 0.6550 -0.7555 0.0095
vn 0.2569 -0.8224 -0.5076
vn 0.0353 0.4873 0.8725
vn 0.0716 0.7088 0.7018
vn -0.0209 0.6711 0.7411
vn 0.0370 0.6376 0.7694
vn -0.0023 0.3779 0.9258
vn -0.0090 0.3549 0.9349
vn -0.0125 0.2315 0.9727
vn -0.6154 -0.7527 -0.2340
vn -0.3992 -0.3515 -0.8468
vn -0.7833 -0.6038 -0.1478
vn -0.3004 -0.6849 -0.6638
vn -0.8261 -0.5325 -0.1845
vn -0.2091 -0.8824 0.4216
vn -0.3103 -0.9160 0.2543
vn -0.3472 -0.7412 0.5745
vn -0.0692 -0.4106 0.9092
vn -0.3513 0.1001 0.9309
vn -0.0173 0.1574 0.9874
vn -0.3614 0.1183 0.9249
vn -0.4290 0.1418 0.8921
vn -0.2981 -0.0878 0.9505
vn -0.4881 0.1780 0.8544
vn -0.0337 0.0716 0.9969
vn 0.8181 0.1581 -0.5529
vn 0.9644 0.1432 -0.2225
vn 0.7929 -0.4373 -0.4245
vn 0.6235 0.6513 -0.4324
vn 0.6726 -0.1384 -0.7270
vn -0.4414 0.7964 0.4134
vn -0.5458 0.6026 0.5822
vn -0.0179 0.9971 0.0741
vn 0.0526 0.9392 0.3392
vn -0.0493 0.8199 0.5703
vn -0.8457 0.4698 0.2529
vn -0.4499 0.8623 0.2323
vn -0.4289 -0.8954 0.1195
vn -0.2603 -0.8080 0.5286
vn 0.5382 -0.7962 0.2765
vn -0.6695 -0.5913 0.4495
vn 0.3494 -0.7649 -0.5412
vn -0.0757 -0.7814 -0.6195
vn 0.1806 0.6288 0.7563
vn 0.9284 -0.0238 0.3708
vn -0.0518 0.5546 0.8305
vn 0.8757 0.2821 0.3919
vn -0.3125 0.5234 0.7927
vn 0.0766 0.5464 0.8340
vn -0.2915 0.5573 0.7775
vn 0.4565 0.8897 -0.0103
vn -0.0317 0.9959 -0.0848
vn -0.0191 0.9998 0.0109
vn 0.7709 0.6328 -0.0722
vn 0.5025 0.8440 -0.1877
vn 0.4554 0.8882 0.0601
vn 0.7950 0.6052 0.0413
vn 0.5149 0.3916 0.7626
vn 0.3834 0.2405 0.8917
vn -0.4947 -0.1244 0.8601
vn 0.8320 0.2792 0.4793
vn 0.9579 0.2851 0.0336
vn 0.9324 0.3552 0.0664
vn 0.2543 0.1032 0.9616
vn -0.2497 0.0105 -0.9683
vn -0.2486 -0.5541 -0.7944
vn -0.5002 -0.1850 -0.8459
vn -0.4077 0.3669 -0.8362
vn -0.1770 0.3849 -0.9058
vn -0.0047 -0.0386 -0.9992
vn -0.1814 -0.1101 0.9772
vn 0.6297 -0.1676 0.7585
vn 0.0015 0.0763 0.9971
vn -0.3197 -0.3907 0.8632
vn 0.1325 0.7694 0.6249
vn -0.2172 -0.5703 0.7922
vn -0.0342 -0.6240 0.7807
vn -0.0060 -0.5857 0.8105
vn -0.2754 -0.4484 0.8504
vn -0.4698 -0.6153 0.6330
vn -0.0050 -0.4650 0.8853
vn -0.2136 -0.5893 0.7791
vn 0.8814 -0.3925 -0.2627
vn 0.8386 -0.4567 -0.2970
vn 0.8926 -0.4399 -0.0988
vn 0.9406 -0.3179 -0.1190
vn 0.8998 -0.3294 -0.2861
vn 0.9071 -0.4117 -0.0875
vn 0.8970 -0.4319 -0.0944
vn -0.8254 0.4154 -0.3823
vn -0.7951 0.4610 -0.3941
vn -0.8036 0.3247 -0.4988
vn -0.9507 0.3098 -0.0157
vn -0.9270 0.3718 0.0498
vn 0.0704 -0.6645 -0.7440
vn -0.7562 -0.5205 -0.3965
vn 0.0187 -0.5573 -0.8301
vn 0.0408 -0.7715 -0.6349
vn 0.8293 -0.2037 -0.5203
vn 0.8823 -0.3103 -0.3539
vn -0.8260 -0.2656 -0.4971
vn -0.8509 0.0363 -0.5241
vn -0.6295 0.0998 -0.7706
vn 0.4239 0.8777 0.2234
vn 0.5601 0.8175 0.1344
vn 0.8566 -0.1307 0.4991
vn 0.7813 -0.1949 0.5929
vn 0.6654 -0.0158 0.7463
vn 0.7912 0.2060 0.5759
vn 0.8962 -0.0963 0.4330
vn 0.7940 -0.3923 0.4645
vn 0.6315 -0.6250 0.4589
vn -0.0941 0.1787 -0.9794
vn 0.6948 0.1634 -0.7004
vn 0.6062 0.4064 -0.6836
vn -0.8132 0.0458 -0.5801
vn -0.0866 0.2524 -0.9637
vn -0.0483 0.9027 0.4276
vn -0.1278 0.8807 0.4560
vn -0.1374 0.9148 0.3799
vn -0.0849 0.9886 0.1244
vn 0.5194 -0.6556 0.5482
vn -0.3742 0.2339 -0.8974
vn 0.3406 -0.5795 0.7404
vn 0.7241 -0.5849 0.3653
vn -0.6481 0.1658 -0.7433
vn 0.6014 -0.4102 0.6856
vn 0.1776 -0.9386 0.2959
vn -0.3754 -0.8158 -0.4399
vn 0.1644 -0.9585 -0.2328
vn 0.7826 -0.3069 0.5416
vn 0.2452 -0.9534 -0.1760
vn 0.3284 -0.9026 -0.2783
vn 0.8430 0.0946 -0.5295
vn 0.7798 0.1406 -0.6100
vn 0.2932 -0.9389 -0.1803
vn 0.0947 -0.5625 0.8214
vn -0.1425 -0.6989 -0.7009
vn 0.0830 -0.6477 -0.7574
vn -0.0149 0.1304 0.9914
vn 0.2561 0.0918 0.9623
vn 0.2807 -0.5365 0.7958
vn 0.0015 -0.9940 0.1090
vn -0.1179 -0.1966 0.9734
vn -0.3693 0.4920 0.7884
vn -0.8014 0.2973 0.5191
vn -0.3425 0.1328 0.9301
vn -0.7819 0.4075 0.4718
vn 0.4808 0.2127 0.8506
vn -0.0550 0.0949 0.9940
vn -0.7707 -0.1110 0.6275
vn 0.5968 0.2217 -0.7712
vn 0.5853 0.4408 -0.6806
vn 0.7445 0.6053 -0.2818
vn 0.5715 0.3320 -0.7505
vn 0.0482 -0.1488 -0.9877
vn 0.1002 -0.2852 -0.9532
vn 0.4306 0.1808 -0.8843
vn 0.8290 0.5491 -0.1061
vn 0.8303 0.5573 0.0077
vn 0.0084 -0.0432 0.9990
vn 0.0997 -0.2767 0.9558
vn 0.1169 -0.6062 0.7867
vn 0.2906 -0.5589 0.7766
vn 0.0537 0.3931 0.9179
vn -0.7935 -0.3315 0.5103
vn -0.6129 0.4226 0.6676
vn -0.9362 -0.1384 0.3230
vn -0.8279 -0.4540 0.3294
vn -0.6596 -0.2402 0.7122
vn -0.7229 0.3487 0.5966
vn -0.8111 -0.2802 0.5134
vn -0.8487 0.3419 -0.4035
vn 0.0601 -0.7435 -0.6661
vn -0.7717 0.6319 0.0723
vn -0.9000 0.4358 -0.0055
vn -0.8935 0.4390 0.0949
vn -0.6324 0.2107 -0.7454
vn 0.0020 -0.1900 -0.9818
vn -0.4168 -0.6567 -0.6285
vn -0.5727 -0.1133 -0.8119
vn 0.1602 0.5406 -0.8259
vn 0.4946 0.4571 -0.7392
vn 0.5899 -0.0947 -0.8019
vn 0.4254 -0.6605 -0.6187
vn 0.0000 -0.7348 -0.6783
vn -0.7677 -0.0157 0.6406
vn -0.7294 -0.1701 0.6627
vn -0.6928 -0.4481 -0.5650
vn -0.8154 -0.2665 0.5140
vn 0.6557 0.3912 0.6458
vn -0.8425 -0.3661 -0.3951
vn 0.7338 0.2652 0.6255
vn -0.4295 0.8990 -0.0860
vn -0.6997 0.5915 -0.4008
vn -0.3595 0.7529 -0.5513
vn -0.7260 0.6805 0.0997
vn -0.3158 0.9014 0.2963
vn 0.9198 0.2385 -0.3115
vn 0.9946 0.0893 -0.0538
vn 0.8389 0.0450 -0.5424
vn 0.3118 0.2565 -0.9148
vn 0.7462 0.1685 -0.6441
vn 0.1570 0.9166 0.3676
vn 0.8225 0.5670 -0.0459
vn 0.4607 0.8421 -0.2804
vn 0.9347 0.3506 0.0586
vn 0.8747 0.2912 0.3873
vn 0.8501 0.4072 -0.3340
vn 0.9348 0.3523 -0.0457
vn 0.8845 0.2424 0.3986
vn -0.6402 -0.1395 0.7554
vn -0.3310 -0.6383 0.6950
vn -0.3382 -0.6522 0.6784
vn -0.6419 -0.3016 0.7050
vn -0.5639 -0.0012 0.8259
vn -0.5959 -0.2604 0.7596
vn -0.5962 -0.1052 0.7959
vn -0.0939 0.0098 0.9955
vn 0.7771 -0.3407 -0.5292
vn 0.8299 -0.4650 0.3083
vn 0.6325 -0.2183 0.7431
vn 0.5709 -0.7268 0.3820
vn 0.7742 -0.4236 0.4703
vn 0.2997 0.0070 0.9540
vn 0.2618 -0.4568 0.8502
vn 0.7846 -0.2557 0.5648
vn 0.4787 -0.1492 0.8652
vn 0.6052 0.4505 -0.6563
vn 0.2660 -0.1974 -0.9435
vn 0.6987 0.4318 -0.5704
vn 0.7192 0.6921 0.0618
vn 0.5941 0.6511 -0.4722
vn -0.0778 0.2238 -0.9715
vn -0.5181 0.3930 0.7597
vn -0.5568 0.6049 0.5693
vn -0.7248 0.2459 0.6436
vn -0.2349 0.6942 0.6803
vn -0.5365 0.2677 0.8004
vn -0.2658 0.4058 0.8745
vn -0.5638 0.0690 0.8230
vn 0.2500 -0.1314 0.9593
vn -0.7924 0.1635 0.5877
vn -0.9568 0.0902 0.2765
vn -0.7035 -0.6589 0.2663
vn -0.9394 0.1826 0.2901
vn 0.1749 -0.1072 0.9787
vn 0.5008 -0.1727 0.8482
vn 0.3574 -0.3653 -0.8595
vn -0.3385 -0.1726 -0.9250
vn -0.3596 -0.3104 -0.8800
vn 0.3998 -0.6576 -0.6386
vn 0.8535 -0.5086 -0.1136
vn 0.9521 -0.2646 -0.1534
vn 0.7803 0.1019 -0.6171
vn -0.4174 0.0961 -0.9036
vn -0.8385 -0.4349 0.3283
vn -0.8206 0.1888 0.5394
vn -0.8778 -0.4770 -0.0440
vn -0.7199 -0.5531 0.4193
vn -0.3350 0.6129 -0.7156
vn -0.4282 0.8877 -0.1690
vn -0.0281 0.7726 -0.6342
vn -0.0243 0.2082 -0.9778
vn -0.7789 0.1350 -0.6125
vn -0.4854 0.2011 0.8509
vn -0.5780 0.2856 0.7644
vn 0.6008 -0.2032 0.7731
vn 0.4051 -0.1123 0.9074
vn -0.2625 0.0609 0.9630
vn 0.0020 0.4413 0.8974
vn -0.2577 0.3662 0.8941
vn 0.0100 -0.4333 0.9012
vn -0.0165 0.9865 -0.1632
vn 0.0012 0.9918 -0.1282
vn -0.0019 0.9793 -0.2024
vn 0.2453 0.3211 0.9147
vn -0.8552 0.0896 0.5104
vn -0.1048 0.4647 0.8793
vn -0.1465 0.5189 0.8422
vn -0.8914 0.1748 0.4182
vn -0.8927 -0.4426 -0.0847
vn -0.9416 0.0151 0.3364
vn -0.7543 0.6227 -0.2081
vn -0.8182 0.3742 -0.4365
vn -0.8967 0.3871 -0.2148
vn -0.7744 0.6325 0.0161
vn -0.5568 0.8161 -0.1549
vn -0.9228 0.3850 -0.0154
vn 0.5753 -0.5621 0.5942
vn 0.2265 -0.5609 0.7963
vn 0.4589 -0.6313 0.6252
vn 0.8399 -0.4294 0.3319
vn 0.7744 -0.6049 0.1854
vn 0.8036 -0.5728 0.1618
vn 0.2828 -0.4319 0.8564
vn 0.8565 0.0133 0.5160
vn 0.7399 0.1383 0.6583
vn 0.6255 0.1760 0.7601
vn 0.6473 0.0437 0.7610
vn 0.9434 -0.2408 0.2281
vn 0.9249 -0.2014 0.3224
vn -0.7156 0.0265 0.6980
vn 0.0123 0.0778 0.9969
vn -0.6196 -0.1697 0.7664
vn -0.9658 -0.0242 0.2581
vn -0.9497 -0.1399 0.2801
vn -0.5670 -0.1842 0.8029
vn -0.7214 -0.4682 -0.5102
vn -0.0809 -0.7873 0.6113
vn 0.4952 0.0000 0.8688
vn -0.8691 -0.0841 -0.4875
vn 0.7473 -0.5844 -0.3163
vn 0.1254 -0.5335 0.8365
vn 0.2803 0.0117 0.9599
vn 0.0000 0.0995 0.9950
vn -0.0570 -0.4866 0.8718
vn -0.3685 -0.8670 -0.3356
vn 0.5235 -0.7564 0.3922
vn -0.6521 -0.7137 0.2556
vn 0.8950 -0.1093 -0.4326
vn -0.0209 -0.3492 -0.9368
vn 0.3361 0.8793 0.3374
vn 0.1234 0.9580 -0.2589
vn 0.6459 0.7614 0.0561
vn 0.2265 0.0778 0.9709
vn -0.6218 0.7790 -0.0806
vn -0.0279 -0.1879 0.9818
vn 0.7715 0.2990 0.5615
vn 0.7046 -0.2901 0.6476
vn 0.6026 0.6715 0.4312
vn 0.3953 -0.9090 0.1320
vn 0.4883 -0.0793 0.8690
vn 0.4443 0.3897 0.8067
vn -0.8976 -0.4141 -0.1509
vn -0.6545 -0.3734 -0.6574
vn -0.6830 -0.5239 -0.5090
vn -0.7568 -0.6536 -0.0081
vn -0.7552 -0.6551 0.0227
vn -0.8077 -0.1469 0.5711
vn 0.7685 0.2073 0.6053
vn 0.9691 0.2440 0.0372
vn 0.9451 0.3011 0.1269
vn 0.7730 0.0590 0.6317
vn 0.7316 0.2908 0.6165
vn 0.4449 0.1494 0.8831
vn 0.3391 0.0213 0.9405
vn 0.4869 -0.5677 0.6638
vn 0.4447 -0.6236 0.6429
vn 0.5898 -0.7091 0.3863
vn 0.6297 0.1254 0.7666
vn 0.3434 -0.5237 0.7796
vn 0.7639 -0.4061 0.5015
vn -0.9184 -0.2985 -0.2597
vn -0.1607 -0.8425 -0.5142
vn -0.6605 -0.7480 0.0652
vn -0.8265 0.3626 0.4306
vn -0.9171 -0.2341 -0.3226
vn -0.0369 -0.6765 -0.7355
vn -0.8557 -0.0754 0.5119
vn -0.7434 0.4393 0.5044
vn 0.8002 -0.5977 -0.0496
vn 0.9139 -0.3881 -0.1189
vn 0.8141 -0.5602 -0.1533
vn 0.8385 -0.4528 0.3031
vn 0.8253 0.4860 0.2876
vn 0.1652 0.6081 0.7764
vn 0.9751 0.0118 0.2216
vn 0.8177 0.3597 0.4495
vn 0.4410 0.7200 0.5359
vn -0.1953 -0.5432 -0.8165
vn -0.0689 -0.6206 -0.7811
vn -0.3415 -0.5051 -0.7926
vn -0.2008 -0.8608 -0.4678
vn -0.4139 -0.4661 -0.7820
vn 0.8032 0.1185 -0.5839
vn 0.9717 -0.1138 0.2069
vn 0.9839 -0.1097 0.1414
vn 0.8075 0.0157 -0.5896
vn 0.1697 0.5015 0.8484
vn -0.4179 0.3495 0.8385
vn 0.0744 0.7914 0.6068
vn -0.1061 0.0433 0.9934
vn 0.4763 0.7762 0.4131
vn -0.2228 0.1060 -0.9691
vn 0.6379 0.3058 -0.7068
vn -0.3436 0.0105 -0.9390
vn -0.4893 0.0632 -0.8698
vn -0.2403 0.9566 -0.1650
vn -0.9830 0.0047 0.1836
vn -0.5623 -0.2181 -0.7976
vn -0.8675 -0.2669 -0.4197
vn -0.8096 0.2108 -0.5478
vn -0.0933 -0.4497 -0.8883
vn -0.5525 -0.3899 -0.7368
vn -0.0797 -0.4143 -0.9067
vn -0.4978 0.3682 -0.7853
vn -0.0913 -0.0672 -0.9936
vn -0.8416 -0.3822 -0.3815
vn -0.8004 0.5729 -0.1765
vn -0.7458 0.6288 0.2199
vn -0.8898 0.4429 0.1098
vn 0.1325 -0.5089 -0.8506
vn 0.9058 0.2757 -0.3216
vn 0.5630 0.2779 -0.7784
vn -0.8503 0.3272 0.4122
vn -0.4333 0.3129 0.8452
vn -0.7713 0.3588 0.5257
vn -0.8917 0.3689 0.2622
vn -0.8408 0.4045 0.3597
vn -0.7754 0.4438 0.4492
vn -0.8365 0.2448 0.4902
vn 0.0829 0.9946 0.0618
vn 0.3965 0.9176 -0.0288
vn 0.2735 0.9538 -0.1244
vn -0.0587 0.9493 -0.3089
vn -0.8711 0.3746 -0.3175
vn -0.8804 0.3227 0.3474
vn 0.1261 0.9729 0.1937
vn -0.8660 -0.3591 0.3479
vn -0.7529 0.3105 0.5802
vn -0.8872 -0.0606 0.4573
vn -0.5874 -0.7707 0.2469
vn -0.8485 -0.5117 0.1347
vn 0.1231 -0.5984 0.7917
vn 0.3168 -0.1338 0.9390
vn -0.0319 -0.1716 0.9846
vn 0.0462 -0.4092 0.9113
vn -0.1053 -0.3074 0.9457
vn -0.2222 0.9738 0.0477
vn -0.6208 -0.7834 0.0295
vn -0.7149 0.5467 -0.4359
vn -0.8129 0.5608 -0.1569
vn -0.6907 0.4201 -0.5886
vn -0.9199 0.2322 -0.3160
vn -0.2428 0.2780 -0.9294
vn -0.4204 0.5112 -0.7496
vn -0.0110 0.7294 0.6840
vn -0.0158 0.4243 0.9054
vn -0.0004 0.8992 0.4376
vn 0.2166 0.7075 0.6727
vn 0.9948 0.0673 -0.0765
vn 0.6583 0.0378 -0.7518
vn 0.9921 -0.0304 -0.1220
vn 0.9937 0.0902 -0.0664
vn 0.6186 0.2058 -0.7583
vn 0.8428 -0.0257 0.5377
vn 0.8224 -0.1318 0.5534
vn -0.5977 -0.0813 0.7976
vn -0.2730 0.0396 0.9612
vn -0.3334 -0.1138 0.9359
vn -0.6105 -0.3680 0.7013
vn -0.5833 -0.1542 0.7975
vn 0.7108 0.0190 0.7032
vn 0.7166 -0.5546 0.4230
vn -0.1054 -0.0754 -0.9916
vn 0.0694 -0.1585 -0.9849
vn -0.4463 -0.6341 -0.6314
vn -0.0237 -0.2293 -0.9731
vn 0.4196 0.5702 -0.7063
vn 0.3238 0.5073 -0.7986
vn -0.5252 -0.6660 -0.5297
vn 0.2870 -0.5935 0.7519
vn 0.1745 0.5917 0.7871
vn 0.2853 -0.7629 0.5801
vn 0.7115 -0.2356 0.6620
vn 0.5409 -0.8411 0.0016
vn 0.7375 0.0707 0.6717
vn 0.1163 0.6453 0.7550
vn 0.8314 -0.5515 -0.0670
vn 0.3925 0.0883 -0.9155
vn -0.7915 0.1421 -0.5945
vn -0.3205 -0.4129 -0.8526
vn -0.8918 -0.0818 0.4450
vn -0.8484 -0.0183 0.5291
vn 0.3878 -0.2010 -0.8996
vn 0.3462 0.1744 -0.9218
vn 0.5973 0.0944 0.7964
vn -0.1713 -0.0394 0.9844
vn 0.5497 -0.1935 0.8126
vn 0.3188 0.9064 0.2772
vn 0.4433 0.8911 -0.0968
vn 0.7243 0.6856 0.0735
vn 0.4511 0.7516 0.4812
vn 0.0563 0.7854 0.6165
vn 0.7065 0.6214 0.3386
vn 0.6519 0.2204 -0.7255
vn 0.8406 0.3071 -0.4462
vn 0.8403 0.5095 0.1855
vn 0.8508 0.5253 -0.0126
vn 0.0055 0.2877 0.9577
vn 0.4418 0.5282 0.7251
vn 0.5366 0.4582 0.7086
vn 0.5371 0.6520 0.5352
vn 0.0292 0.8108 0.5846
vn -0.0141 -0.2051 0.9786
vn 0.7901 0.1629 0.5910
vn 0.0750 0.9587 0.2744
vn 0.5342 -0.4494 0.7160
vn 0.8571 -0.4417 -0.2651
vn -0.0636 -0.0188 -0.9978
vn -0.1327 -0.9910 -0.0198
vn -0.1468 -0.9842 -0.0987
vn 0.9053 -0.4201 -0.0635
vn 0.6225 -0.1895 0.7594
vn 0.3675 -0.6021 0.7088
vn 0.6352 -0.3153 0.7051
vn 0.3571 -0.6222 0.6966
vn 0.5976 -0.3263 0.7324
vn -0.9162 0.2327 -0.3261
vn -0.9907 0.1090 0.0813
vn 0.5928 -0.4757 0.6498
vn 0.7346 -0.6779 -0.0287
vn 0.7997 -0.1251 0.5872
vn 0.2988 0.0076 0.9543
vn 0.0022 -0.6854 0.7282
vn 0.1557 -0.9804 0.1206
vn -0.6142 0.6131 -0.4969
vn -0.7896 0.6072 0.0881
vn -0.5146 0.8239 -0.2374
vn -0.8254 0.3341 -0.4550
vn -0.6995 0.3551 -0.6202
vn -0.9377 0.3037 -0.1686
vn -0.9731 0.2067 -0.1016
vn -0.1075 -0.4159 0.9030
vn -0.0350 -0.1335 0.9904
vn 0.0073 -0.8858 -0.4640
vn -0.3925 -0.3868 0.8345
vn 0.1629 -0.7233 -0.6710
vn -0.6555 -0.5227 -0.5451
vn -0.6211 -0.7386 0.2621
vn -0.6310 -0.7752 0.0297
vn 0.1274 0.1219 -0.9843
vn 0.0773 0.0646 -0.9949
vn -0.6148 -0.5425 -0.5725
vn -0.7464 -0.5063 -0.4318
vn -0.7361 -0.4266 0.5255
vn -0.8176 -0.4932 0.2971
vn 0.0408 0.1411 0.9892
vn -0.0584 0.0254 0.9980
vn -0.0446 0.2042 0.9779
vn 0.0190 -0.0122 0.9997
vn 0.0942 0.3095 -0.9462
vn 0.1010 0.2669 -0.9584
vn 0.1180 0.1543 0.9810
vn 0.8744 0.2609 0.4091
vn 0.9516 0.0839 0.2956
vn -0.3747 0.5048 -0.7777
vn -0.5366 0.7872 -0.3041
vn 0.7399 0.3296 0.5864
vn 0.7915 -0.2605 0.5529
vn 0.8249 -0.0741 0.5604
vn 0.7913 -0.0974 0.6036
vn 0.1934 -0.1400 0.9711
vn 0.1714 -0.0832 0.9817
vn -0.1946 0.8009 -0.5664
vn -0.2961 0.9376 -0.1824
vn -0.2648 0.8682 -0.4197
vn -0.1474 0.5136 -0.8453
vn -0.1764 0.9609 -0.2134
vn -0.2117 0.7435 -0.6344
vn 0.0150 -0.9047 -0.4259
vn -0.0011 -0.5372 -0.8435
vn -0.1850 -0.4147 0.8910
vn 0.4187 -0.9081 -0.0057
vn 0.3811 -0.9189 -0.1020
vn 0.5410 -0.8405 0.0294
vn 0.7720 -0.6165 -0.1550
vn -0.2782 0.4794 0.8323
vn -0.3187 0.7604 0.5658
vn 0.0176 0.6959 0.7179
vn -0.5691 0.2119 0.7945
vn -0.0012 0.3671 0.9302
vn -0.2605 0.1708 0.9503
vn -0.4530 -0.8309 -0.3231
vn 0.4568 -0.6170 0.6408
vn -0.7553 -0.4212 0.5022
vn -0.7350 -0.5721 -0.3640
vn -0.7643 -0.1408 0.6293
vn -0.4573 -0.2120 0.8637
vn -0.8469 -0.1527 0.5093
vn -0.3678 -0.1964 0.9089
vn -0.9926 -0.0548 0.1085
vn -0.0053 0.2252 -0.9743
vn -0.2934 0.4056 -0.8657
vn -0.6224 0.4036 -0.6706
vn -0.1031 0.9351 0.3389
vn -0.5333 0.8304 -0.1613
vn -0.2838 0.9483 0.1419
vn -0.6584 0.7263 0.1974
vn -0.2323 0.9673 0.1020
vn -0.5293 0.7936 0.3002
vn 0.1427 -0.6284 0.7647
vn -0.8564 0.3728 0.3572
vn -0.8926 0.3343 0.3026
vn -0.8348 0.2268 0.5017
vn -0.8101 0.2545 0.5281
vn -0.7657 0.5819 0.2740
vn -0.9030 0.3913 0.1773
vn -0.7679 0.5176 0.3773
vn -0.7965 0.4541 0.3993
vn -0.1392 0.3619 0.9218
vn -0.5851 0.6275 0.5137
vn -0.8925 0.3992 0.2099
vn -0.0112 0.9553 -0.2953
vn -0.5467 0.7770 -0.3121
vn 0.5222 0.7836 -0.3365
vn -0.5119 0.8411 -0.1748
vn 0.7061 0.2716 0.6539
vn 0.7242 0.2023 0.6593
vn 0.4892 0.1459 0.8599
vn 0.4717 0.2302 0.8512
vn 0.7316 0.1433 0.6665
vn 0.5603 0.7758 0.2901
vn 0.1863 0.9708 0.1514
vn 0.6465 0.7321 0.2146
vn -0.0394 0.9894 0.1396
vn 0.4324 0.8421 0.3224
vn 0.9145 0.3220 0.2448
vn 0.9240 0.3548 0.1427
vn 0.7954 -0.3395 -0.5021
vn 0.3866 -0.3976 -0.8321
vn -0.0224 0.7702 -0.6374
vn 0.2888 0.1574 0.9444
vn 0.1494 -0.2594 0.9541
vn -0.8015 -0.2597 0.5387
vn 0.2505 -0.0193 0.9679
vn 0.2744 -0.0086 0.9616
vn -0.9176 -0.2881 0.2739
vn -0.7335 -0.4152 0.5381
vn -0.8533 -0.0937 0.5129
vn -0.9565 -0.1703 0.2370
vn 0.2196 -0.9155 0.3372
vn -0.2725 -0.7456 0.6082
vn -0.2675 -0.7072 0.6545
vn -0.3396 -0.8179 0.4645
vn -0.1757 -0.8071 0.5637
vn -0.7484 -0.1267 0.6510
vn -0.8062 -0.0591 0.5887
vn 0.2696 -0.1814 0.9457
vn -0.3460 0.7286 0.5911
vn -0.0863 -0.1163 0.9895
vn 0.7338 0.4654 -0.4949
vn 0.7439 0.4710 -0.4742
vn 0.1486 0.1640 -0.9752
vn 0.6186 0.5084 -0.5990
vn 0.8683 0.2428 0.4326
vn -0.8085 -0.4783 0.3428
vn -0.0050 -0.7108 0.7034
vn -0.0490 -0.1935 0.9799
vn -0.1398 -0.1767 -0.9743
vn -0.0624 -0.3895 -0.9189
vn -0.2818 -0.2691 0.9210
vn -0.0175 -0.2119 0.9771
vn 0.7885 -0.3117 0.5302
vn 0.9556 0.1116 0.2729
vn 0.9643 -0.1869 0.1875
vn 0.9449 -0.1862 0.2694
vn 0.8511 -0.1891 0.4898
vn 0.3086 -0.9271 0.2128
vn 0.2232 0.1965 -0.9548
vn -0.0437 -0.0767 -0.9961
vn 0.3855 -0.2428 -0.8902
vn -0.8672 0.4732 -0.1550
vn -0.7750 0.5323 -0.3407
vn -0.1774 -0.9812 -0.0762
vn -0.4230 0.9004 -0.1018
vn -0.4598 0.8838 -0.0868
vn -0.1478 -0.9889 0.0145
vn -0.8203 -0.5483 0.1627
vn -0.2938 -0.4597 -0.8381
vn -0.3336 -0.5069 -0.7949
vn -0.8590 -0.5095 0.0499
vn -0.5184 -0.0777 0.8516
vn 0.1270 -0.2993 0.9457
vn -0.4278 -0.8864 -0.1769
vn -0.1799 0.6196 -0.7640
vn 0.0006 0.2657 -0.9641
vn 0.0132 0.6770 -0.7359
vn -0.1534 0.6874 -0.7099
vn -0.3071 0.7004 -0.6443
vn 0.7683 -0.4419 -0.4630
vn 0.8200 -0.5155 -0.2489
vn 0.8377 -0.5078 -0.2009
vn -0.8747 -0.3685 -0.3148
vn -0.9122 -0.3233 -0.2516
vn -0.8437 -0.5283 -0.0947
vn 0.5853 0.2208 -0.7802
vn 0.6461 0.2239 -0.7297
vn 0.9595 -0.0689 -0.2731
vn 0.9416 0.3298 -0.0673
vn 0.6076 0.4343 -0.6650
vn -0.1563 0.6724 -0.7235
vn -0.5947 -0.7918 0.1394
vn -0.5540 -0.8195 -0.1467
vn -0.7978 -0.5611 0.2204
vn -0.4438 -0.6331 0.6342
vn -0.5343 -0.7922 0.2949
vn -0.4523 -0.5383 0.7111
vn -0.5630 -0.5902 0.5785
vn -0.3817 -0.9192 -0.0972
vn -0.7416 -0.5699 0.3538
vn 0.5929 -0.6312 -0.5000
vn -0.1405 0.0826 -0.9866
vn 0.4564 -0.4391 -0.7739
vn 0.7200 -0.4967 -0.4846
vn -0.1569 0.1158 -0.9808
vn 0.6331 -0.7674 -0.1016
vn 0.3786 0.2977 0.8764
vn 0.4132 0.1644 0.8957
vn 0.3732 0.0583 0.9259
vn 0.8094 0.5634 0.1654
vn 0.9898 0.1083 -0.0930
vn 0.7050 0.5631 -0.4311
vn 0.5629 0.8009 0.2042
vn 0.4986 0.6816 0.5355
vn 0.5022 0.0387 0.8639
vn 0.2768 0.0942 0.9563
vn -0.9923 -0.0227 -0.1221
vn -0.8351 -0.0549 0.5473
vn -0.9964 -0.0728 -0.0443
vn -0.9949 0.0827 -0.0583
vn -0.8536 -0.0727 0.5159
vn -0.6914 -0.0738 -0.7187
vn -0.5919 -0.0133 -0.8059
vn 0.4972 -0.1920 -0.8461
vn 0.5929 -0.6011 -0.5358
vn 0.4592 -0.5962 -0.6586
vn 0.2815 -0.0650 -0.9574
vn 0.2735 0.1778 0.9453
vn -0.9270 0.3738 0.0303
vn -0.9350 0.3304 -0.1287
vn -0.9091 0.0173 -0.4163
vn -0.9488 0.0799 -0.3054
vn -0.9034 0.3076 -0.2987
vn -0.2384 0.1237 -0.9633
vn 0.1477 -0.8434 -0.5166
vn 0.5137 -0.5904 0.6225
vn 0.3602 -0.8985 -0.2510
vn 0.0323 -0.7898 -0.6125
vn 0.0105 -0.6476 0.7619
vn -0.0305 -0.6554 -0.7547
vn -0.0214 -0.7895 -0.6134
vn -0.1710 -0.6907 -0.7027
vn 0.6537 -0.7000 0.2876
vn -0.4551 -0.8334 0.3136
vn -0.3011 -0.8648 -0.4018
vn 0.5271 0.2884 0.7994
vn 0.1504 -0.1888 0.9704
vn -0.3004 -0.4659 0.8323
vn 0.6852 -0.0082 -0.7283
vn 0.8957 0.4377 -0.0783
vn 0.1364 -0.5471 -0.8259
vn 0.5602 -0.7385 -0.3752
vn 0.7445 -0.6416 -0.1844
vn 0.7709 -0.5297 -0.3536
vn 0.4847 -0.8581 -0.1697
vn -0.0300 -0.9178 -0.3959
vn -0.4229 -0.1435 0.8948
vn -0.2817 0.0966 0.9546
vn -0.2841 -0.4578 0.8424
vn -0.4643 0.1628 0.8706
vn 0.0483 -0.3982 0.9160
vn 0.8048 0.5696 -0.1671
vn 0.9025 0.3836 -0.1960
vn 0.8920 0.4505 -0.0370
vn 0.6429 0.7568 -0.1178
vn 0.6404 0.6273 -0.4432
vn 0.7531 0.6579 -0.0031
vn -0.3167 0.8758 0.3641
vn -0.4019 0.9043 0.1437
vn -0.6890 0.4026 0.6027
vn 0.1960 0.8803 0.4321
vn -0.0782 0.9960 0.0421
vn -0.4926 -0.3224 0.8083
vn 0.3043 -0.3968 0.8660
vn -0.5397 -0.0273 -0.8414
vn -0.0481 0.0350 -0.9982
vn -0.2871 -0.1065 -0.9520
vn -0.5315 0.2281 -0.8158
vn -0.2629 -0.0324 0.9643
vn 0.9785 0.1641 0.1254
vn 0.9690 0.0260 0.2458
vn 0.6101 0.4935 0.6199
vn 0.9322 0.1606 0.3243
vn 0.1694 -0.3405 -0.9248
vn 0.8609 0.3645 0.3549
vn -0.3783 -0.4295 -0.8200
vn -0.1819 -0.2971 -0.9374
vn -0.5852 -0.1997 -0.7859
vn 0.8784 -0.4583 -0.1358
vn 0.3663 0.0488 0.9292
vn -0.4508 0.0691 0.8900
vn -0.0059 0.9999 0.0105
vn 0.1440 0.9703 0.1945
vn 0.7097 0.2056 0.6739
vn 0.9230 0.0640 0.3794
vn 0.9312 0.0194 0.3639
vn 0.6378 -0.2040 0.7427
vn 0.7014 -0.2561 0.6652
vn 0.4867 -0.0050 0.8736
vn 0.4580 -0.0679 0.8864
vn 0.6505 -0.2239 0.7257
vn 0.8663 -0.3099 0.3919
vn 0.8668 -0.3749 0.3288
vn -0.3318 -0.5893 0.7366
vn 0.0023 -0.4822 0.8760
vn -0.9583 -0.1965 0.2076
vn -0.7632 -0.3449 0.5464
vn -0.9576 -0.1975 0.2096
vn -0.7829 -0.6212 -0.0338
vn 0.7989 -0.5194 -0.3033
vn 0.3522 -0.2865 -0.8910
vn 0.8609 -0.4461 -0.2448
vn 0.3881 -0.1356 0.9116
vn 0.3648 -0.2297 0.9023
vn 0.3715 -0.4413 0.8169
vn 0.0482 -0.1364 0.9895
vn 0.4889 -0.3118 0.8147
vn -0.0579 -0.2846 0.9569
vn -0.0348 -0.6406 0.7671
vn 0.2706 -0.5987 0.7539
vn 0.5635 -0.1717 0.8081
vn 0.2531 -0.9403 -0.2276
vn 0.1729 -0.8339 -0.5242
vn 0.6108 0.1044 -0.7849
vn -0.2994 -0.9445 0.1355
vn -0.3456 -0.9384 0.0000
vn 0.8517 0.0544 -0.5212
vn -0.5099 0.0029 0.8602
vn -0.2670 0.0004 0.9637
vn -0.0158 -0.0222 0.9996
vn 0.5883 -0.2505 0.7689
vn -0.1749 -0.2421 0.9543
vn 0.5701 -0.2567 0.7805
vn 0.4800 -0.2532 0.8399
vn 0.3525 0.5922 -0.7247
vn 0.0509 0.7587 -0.6495
vn -0.2923 0.1402 -0.9460
vn 0.5040 0.8456 -0.1757
vn 0.3805 0.9118 -0.1547
vn 0.3777 0.0819 -0.9223
vn 0.9474 0.3186 -0.0288
vn 0.9720 0.2342 -0.0207
vn 0.0968 0.0086 -0.9953
vn -0.8487 -0.3444 -0.4014
vn -0.8612 0.2386 -0.4489
vn -0.3469 -0.9373 -0.0336
vn -0.2871 -0.9356 -0.2052
vn -0.6835 -0.5110 -0.5213
vn -0.6999 -0.5349 -0.4732
vn -0.6619 0.6268 0.4112
vn -0.4544 0.8521 -0.2597
vn -0.5540 0.3491 0.7558
vn -0.6276 -0.3904 0.6736
vn -0.5096 0.5725 0.6423
vn 0.3924 -0.7827 -0.4831
vn 0.1749 -0.1278 -0.9763
vn 0.3030 -0.0556 -0.9514
vn 0.3660 -0.5329 -0.7629
vn 0.2015 -0.8641 -0.4611
vn -0.0113 0.4917 0.8707
vn -0.8148 -0.5661 -0.1247
vn -0.7980 -0.5967 -0.0842
vn -0.6375 -0.5932 -0.4916
vn -0.7639 -0.3858 -0.5173
vn -0.8607 -0.4998 -0.0972
vn -0.9140 -0.3893 -0.1146
vn -0.3755 -0.6473 -0.6633
vn 0.1479 0.9886 0.0288
vn 0.6052 0.7953 0.0350
vn 0.2236 0.9673 -0.1197
vn -0.6301 0.3027 -0.7151
vn -0.8008 0.3449 -0.4897
vn 0.7318 0.2240 0.6437
vn 0.8807 0.1648 0.4440
vn 0.5350 0.2498 0.8070
vn 0.6675 0.2291 0.7085
vn 0.7621 0.2237 0.6075
vn -0.9871 -0.1091 0.1169
vn -0.9733 -0.1105 0.2011
vn -0.5852 -0.2265 0.7786
vn -0.7642 0.0423 -0.6437
vn -0.8129 0.1100 -0.5719
vn -0.9887 -0.1174 0.0932
vn -0.6167 -0.2621 0.7423
vn -0.5889 -0.4918 0.6414
vn -0.6601 -0.1451 0.7370
vn -0.7335 -0.5463 0.4044
vn -0.5663 -0.7631 0.3113
vn -0.5266 -0.5488 0.6493
vn 0.8487 0.4140 -0.3293
vn 0.4395 -0.8938 -0.0894
vn 0.9001 -0.4199 -0.1164
vn 0.7386 -0.3094 0.5989
vn -0.7538 -0.5999 0.2684
vn 0.3864 -0.8097 0.4417
vn 0.1470 -0.4287 0.8914
vn 0.4659 -0.0440 0.8837
vn 0.2951 -0.1130 0.9488
vn 0.2363 -0.9710 0.0349
vn -0.3000 0.4265 0.8533
vn 0.0425 0.2493 -0.9675
vn -0.9499 -0.3125 0.0052
vn -0.9292 -0.3208 -0.1835
vn -0.8323 -0.5287 -0.1667
vn -0.8348 -0.5493 -0.0367
vn -0.9522 -0.2538 0.1699
vn -0.9533 -0.1650 0.2528
vn -0.9674 -0.2468 0.0562
vn 0.7465 -0.0780 0.6608
vn 0.1664 -0.1854 0.9685
vn -0.4338 -0.8979 -0.0743
vn -0.8430 -0.4858 -0.2311
vn -0.7922 -0.4246 -0.4383
vn 0.3494 -0.8991 -0.2636
vn -0.7206 -0.4792 0.5011
vn 0.2895 -0.8788 0.3794
vn 0.5220 -0.7383 -0.4271
vn 0.7562 -0.5933 -0.2761
vn 0.0819 -0.5434 -0.8355
vn 0.7539 -0.5343 -0.3822
vn 0.2245 0.1783 -0.9580
vn 0.8727 0.4569 -0.1721
vn 0.4251 0.8973 -0.1191
vn 0.9366 0.3198 0.1433
vn 0.3786 -0.9159 0.1336
vn 0.1675 -0.9858 0.0127
vn 0.4229 0.8977 -0.1236
vn 0.1819 -0.9806 -0.0724
vn -0.1100 -0.1661 -0.9800
vn -0.2626 -0.2116 -0.9414
vn 0.0014 -0.1213 -0.9926
vn -0.0569 0.0995 -0.9934
vn -0.3387 0.0603 -0.9389
vn 0.2051 0.6136 -0.7625
vn -0.5910 0.2400 -0.7701
vn 0.1035 -0.0076 -0.9946
vn -0.5947 0.4448 -0.6697
vn 0.7298 -0.2340 -0.6423
vn 0.6418 -0.7021 0.3084
vn 0.5080 -0.8255 0.2460
vn 0.5760 -0.1237 0.8080
vn 0.4147 -0.0184 0.9098
vn 0.6923 -0.5447 0.4733
vn 0.6299 -0.5628 0.5353
vn 0.5106 -0.8598 -0.0064
vn 0.9973 -0.0139 0.0715
vn 0.9010 -0.2840 0.3279
vn 0.8811 -0.3363 0.3326
vn 0.8407 -0.5328 -0.0966
vn -0.7377 0.3733 0.5625
vn 0.8732 -0.3712 -0.3159
vn 0.8950 -0.4459 -0.0075
vn 0.1563 0.2527 0.9548
vn 0.7534 0.6564 0.0385
vn 0.8767 0.0754 -0.4751
vn 0.9579 0.2759 -0.0790
vn 0.7820 0.2954 -0.5489
vn 0.7788 0.4417 0.4454
vn -0.3730 -0.3562 0.8567
vn 0.0984 -0.0850 0.9915
vn -0.4954 -0.5060 0.7061
vn -0.2823 -0.0471 0.9582
vn -0.1279 -0.0824 0.9884
vn 0.2089 -0.9756 0.0672
vn 0.3788 -0.4139 -0.8278
vn 0.1641 -0.7114 -0.6833
vn 0.4489 -0.3873 -0.8053
vn -0.0682 -0.7978 -0.5990
vn -0.8231 -0.5069 -0.2559
vn -0.4112 -0.8912 -0.1916
vn -0.8056 -0.5919 -0.0245
vn -0.3446 -0.1055 -0.9328
vn 0.1436 -0.2095 -0.9672
vn -0.6899 -0.5808 0.4321
vn 0.1630 -0.8743 -0.4572
vn 0.8114 -0.1655 0.5605
vn 0.8740 -0.2129 0.4368
vn 0.0034 0.3551 0.9348
vn -0.0477 0.1343 0.9898
vn 0.7556 -0.5107 0.4102
vn 0.7992 -0.5044 -0.3270
vn 0.2409 0.5958 0.7662
vn 0.6460 0.5835 0.4921
vn 0.8265 0.5559 0.0884
vn 0.7266 0.6634 0.1788
vn 0.8659 0.4089 0.2882
vn 0.7459 0.5371 0.3938
vn 0.5216 0.6029 0.6036
vn 0.3067 0.3618 0.8804
vn -0.4714 0.8817 -0.0201
vn -0.2505 -0.0169 0.9680
vn -0.4962 0.0697 0.8654
vn -0.4646 0.0196 0.8853
vn 0.7870 -0.2655 0.5569
vn -0.2334 -0.5659 0.7908
vn 0.7463 -0.3583 0.5610
vn 0.4687 0.1373 0.8726
vn 0.4559 0.1942 0.8686
vn 0.5284 0.0767 0.8455
vn -0.7727 -0.3834 -0.5059
vn -0.9324 0.1376 -0.3342
vn -0.3693 -0.4178 -0.8301
vn -0.6853 -0.5993 -0.4137
vn -0.5909 0.1262 -0.7968
vn -0.1271 -0.0156 0.9918
vn 0.4331 0.3473 0.8318
vn 0.2236 -0.0960 0.9699
vn -0.7452 0.1127 -0.6572
vn 0.0083 -0.1227 -0.9924
vn 0.3136 0.1646 -0.9352
vn 0.3307 -0.1892 -0.9246
vn 0.7961 0.3022 0.5243
vn -0.1291 0.3849 -0.9139
vn -0.1718 0.6083 -0.7749
vn -0.1249 0.4606 -0.8788
vn -0.1060 0.3362 -0.9358
vn -0.2411 0.0355 -0.9699
vn -0.3320 -0.0676 -0.9409
vn 0.9733 -0.1487 -0.1749
vn 0.7241 -0.1675 -0.6690
vn 0.9753 -0.1785 0.1301
vn 0.8015 -0.1432 -0.5806
vn -0.8276 0.3829 -0.4105
vn -0.9384 -0.2141 -0.2712
vn -0.8503 0.3332 -0.4074
vn 0.6294 -0.2084 0.7486
vn -0.6913 0.7106 -0.1313
vn -0.6524 0.7067 -0.2740
vn -0.3959 0.9179 0.0273
vn -0.9954 0.0017 -0.0955
vn -0.1532 0.9867 0.0543
vn -0.5851 0.7928 0.1703
vn 0.9149 -0.3557 -0.1907
vn -0.9631 0.0870 -0.2548
vn -0.4294 -0.0757 -0.8999
vn -0.8654 0.0571 -0.4978
vn -0.9828 0.1352 0.1258
vn 0.3871 0.7047 -0.5946
vn -0.3731 0.5470 0.7494
vn -0.4716 0.4343 0.7675
vn 0.3642 0.0214 -0.9311
vn 0.2139 0.7033 -0.6780
vn -0.3718 -0.1503 0.9161
vn 0.9148 0.4037 -0.0112
vn 0.3540 0.3581 0.8640
vn -0.2956 -0.6148 0.7312
vn 0.1236 -0.6223 0.7730
vn -0.1343 -0.6112 0.7800
vn 0.2200 -0.5110 0.8310
vn 0.7930 -0.1964 0.5767
vn 0.8703 -0.2862 0.4008
vn 0.4907 -0.5843 -0.6464
vn 0.8797 -0.0493 -0.4730
vn 0.2943 -0.3078 -0.9048
vn 0.1927 -0.7773 -0.5988
vn 0.7019 -0.5326 -0.4730
vn -0.8004 0.5978 0.0445
vn -0.7575 0.4660 0.4571
vn -0.8371 -0.5357 0.1110
vn -0.7991 0.5011 -0.3322
vn -0.8507 0.0566 -0.5226
vn 0.2032 -0.3921 -0.8972
vn 0.8181 -0.3576 -0.4504
vn -0.0159 0.9998 -0.0157
vn -0.7664 0.2456 0.5935
vn -0.3489 0.8143 0.4639
vn -0.8572 0.0092 0.5149
vn 0.7532 0.4096 0.5147
vn -0.0271 0.4694 0.8826
vn 0.0021 0.3998 -0.9166
vn -0.2661 0.3730 -0.8889
vn 0.2829 0.3650 -0.8870
vn 0.2945 0.4190 -0.8589
vn 0.0007 0.3764 -0.9265
vn -0.8600 -0.3429 -0.3778
vn -0.8478 -0.4642 -0.2564
vn -0.8018 -0.5835 -0.1289
vn -0.8936 0.3934 -0.2162
vn 0.8856 0.2679 -0.3794
vn 0.4755 0.8487 -0.2317
vn 0.9287 0.0404 -0.3686
vn 0.9756 0.1797 0.1261
vn 0.7032 0.0440 -0.7097
vn 0.8776 0.0525 -0.4765
vn 0.5605 0.3534 -0.7490
vn -0.6419 -0.4828 -0.5957
vn -0.5581 0.0160 -0.8296
vn -0.3907 -0.6674 -0.6340
vn 0.1723 -0.6337 0.7541
vn -0.8515 -0.1134 -0.5120
vn -0.7727 0.4441 -0.4534
vn -0.8063 0.5841 0.0927
vn -0.4553 0.1313 -0.8806
vn -0.4559 0.8559 -0.2442
vn -0.1762 0.6881 -0.7039
vn 0.3343 -0.5434 0.7701
vn -0.0233 -0.2352 0.9717
vn -0.5411 -0.5602 0.6272
vn 0.4747 0.8483 0.2347
vn 0.8208 0.5165 0.2437
vn 0.8284 0.5580 0.0499
vn 0.0110 0.9473 0.3203
vn -0.0275 0.9949 0.0974
vn 0.3930 0.9045 0.1659
vn 0.7567 0.5224 0.3932
vn 0.5709 -0.8153 0.0967
vn -0.1134 -0.7937 0.5977
vn 0.7031 -0.5712 0.4236
vn 0.9135 -0.3977 -0.0855
vn -0.2181 -0.7166 -0.6626
vn -0.3791 -0.9218 0.0807
vn 0.3559 0.1249 0.9262
vn 0.3859 0.1643 0.9078
vn -0.6156 0.6585 -0.4329
vn -0.9194 -0.0996 -0.3804
vn 0.0179 -0.3932 -0.9193
vn 0.1595 -0.7099 -0.6860
vn -0.8904 -0.4110 -0.1957
vn -0.9363 0.2356 0.2604
vn -0.9584 0.1144 -0.2614
vn 0.2988 -0.2101 0.9309
vn 0.3927 -0.2162 0.8939
vn 0.6611 -0.1443 0.7363
vn -0.0112 -0.2268 0.9739
vn 0.9217 0.2210 0.3187
vn 0.8782 0.3318 0.3446
vn 0.8177 0.1937 0.5421
vn 0.8385 0.1385 0.5269
vn 0.9381 0.1760 0.2982
vn 0.2654 0.4596 0.8475
vn 0.2968 0.7650 0.5715
vn 0.8665 0.0813 0.4925
vn -0.3875 -0.0074 -0.9218
vn 0.1692 0.0402 -0.9848
vn -0.3537 -0.2652 -0.8970
vn -0.2905 0.2345 -0.9277
vn -0.8442 0.0224 -0.5355
vn 0.3978 -0.6060 0.6889
vn 0.4116 -0.5279 0.7429
vn 0.6410 -0.7675 -0.0093
vn 0.6401 -0.7683 -0.0027
vn 0.7108 -0.2354 0.6628
vn 0.2644 0.1574 -0.9515
vn 0.7874 -0.0935 -0.6093
vn 0.5198 0.7733 0.3630
vn 0.2093 0.9764 0.0533
vn 0.2441 0.8927 0.3789
vn 0.7892 0.5645 0.2417
vn 0.5708 0.8130 0.1151
vn 0.8086 0.3964 0.4348
vn 0.5475 0.6213 0.5605
vn 0.8397 0.2245 0.4946
vn 0.8706 0.1570 0.4663
vn 0.9391 0.2026 -0.2777
vn -0.0130 -0.1548 0.9879
vn -0.3025 -0.5847 0.7527
vn 0.0428 -0.0412 0.9982
vn 0.2834 -0.2415 0.9281
vn 0.1715 0.5784 0.7975
vn 0.0396 0.5534 0.8320
vn -0.1953 0.6452 0.7386
vn 0.0152 0.5507 0.8346
vn 0.6231 0.5184 0.5857
vn 0.5141 0.6776 0.5259
vn 0.3961 0.3457 0.8506
vn 0.3106 -0.1950 -0.9303
vn 0.7230 -0.6702 -0.1678
vn 0.7212 -0.5090 -0.4700
vn 0.0034 0.1137 0.9935
vn 0.0457 0.0222 0.9987
vn 0.8198 -0.5616 -0.1119
vn 0.7512 -0.6518 0.1043
vn 0.8877 -0.4445 0.1201
vn 0.8720 -0.3074 -0.3810
vn 0.8859 -0.4377 -0.1537
vn 0.4954 -0.0447 0.8675
vn 0.8250 -0.5612 0.0667
vn -0.4448 0.5643 0.6955
vn 0.0075 -0.1739 -0.9847
vn 0.0166 -0.5973 -0.8019
vn 0.5157 0.8452 0.1402
vn -0.8849 -0.2631 -0.3844
vn -0.6751 0.0131 -0.7376
vn -0.9272 -0.3739 0.0208
vn -0.8252 -0.4171 -0.3809
vn -0.5381 -0.2650 -0.8002
vn 0.9860 -0.1214 0.1140
vn 0.1245 0.1357 -0.9829
vn -0.2917 0.9497 -0.1134
vn 0.0085 0.9672 -0.2539
vn -0.9329 -0.0575 -0.3555
vn -0.9197 -0.1332 -0.3694
vn -0.8379 -0.0255 -0.5453
vn -0.8469 0.0954 -0.5231
vn -0.8126 0.1644 -0.5591
vn -0.6560 -0.6664 -0.3544
vn -0.2500 -0.6914 0.6778
vn -0.5355 0.0295 0.8440
vn -0.4975 0.0456 0.8663
vn 0.4161 -0.6251 -0.6604
vn -0.1596 -0.8512 0.5000
vn -0.6138 -0.4405 0.6552
vn -0.7919 -0.3465 -0.5028
vn -0.5371 -0.3432 0.7705
vn -0.4952 -0.4607 0.7365
vn -0.4031 -0.1758 0.8981
vn 0.2641 -0.0453 0.9634
vn -0.4203 0.1760 0.8902
vn -0.7667 0.2034 0.6090
vn 0.9788 -0.0832 -0.1870
vn 0.8544 0.0235 -0.5191
vn 0.8322 -0.2521 -0.4939
vn -0.4865 0.2075 0.8487
vn -0.3963 0.5949 -0.6993
vn -0.6955 0.1769 -0.6964
vn -0.8367 0.5470 -0.0282
vn -0.7911 0.5963 0.1365
vn 0.5029 -0.1747 0.8465
vn 0.0230 0.3234 0.9460
vn 0.7640 0.4343 0.4772
vn 0.8073 0.2762 0.5215
vn 0.9794 0.1471 -0.1382
vn 0.5863 0.7089 0.3922
vn 0.3875 0.7309 0.5618
vn 0.8344 0.5487 -0.0518
vn -0.1291 0.7657 0.6302
vn 0.5501 0.7437 0.3799
vn 0.9720 0.2339 0.0225
vn 0.1607 -0.9864 0.0355
vn 0.2037 -0.9730 0.1084
vn -0.1790 -0.9777 0.1098
vn -0.0230 -0.6815 0.7314
vn -0.6061 -0.4619 0.6475
vn -0.3981 -0.9155 0.0582
vn -0.2092 -0.8945 -0.3950
vn -0.9191 -0.3829 -0.0928
vn -0.9036 -0.2446 -0.3517
vn -0.8804 -0.3697 -0.2969
vn 0.1135 -0.9935 -0.0087
vn -0.0080 -0.9758 0.2185
vn -0.8528 -0.3402 0.3964
vn -0.9430 -0.3007 -0.1428
vn 0.7166 -0.5627 0.4122
vn 0.6950 -0.2079 0.6883
vn 0.9140 -0.2459 0.3226
vn 0.7515 -0.4701 -0.4628
vn -0.8883 0.1622 0.4296
vn 0.8597 -0.5068 -0.0643
vn -0.6607 0.1322 0.7389
vn 0.8364 -0.4018 -0.3727
vn -0.0437 0.9981 -0.0424
vn -0.0159 0.9843 -0.1759
vn 0.0955 0.9953 -0.0137
vn -0.4591 0.8489 0.2619
vn -0.6042 0.4455 0.6606
vn -0.4513 0.7841 0.4261
vn 0.7840 0.5817 0.2169
vn 0.7999 0.4992 0.3331
vn -0.0193 0.9884 0.1504
vn 0.4998 0.8547 0.1403
vn -0.0115 0.9994 0.0332
vn -0.5303 0.8006 0.2791
vn 0.0026 0.9357 0.3527
vn -0.5105 0.8476 0.1448
vn 0.5108 0.8050 0.3016
vn 0.3270 0.0171 -0.9449
vn -0.6338 0.1893 -0.7500
vn -0.5121 0.0503 -0.8575
vn 0.9711 -0.1449 0.1895
vn 0.8459 -0.2313 0.4805
vn 0.9492 -0.0338 0.3129
vn 0.9869 -0.1034 0.1237
vn 0.8594 -0.4166 0.2965
vn -0.6224 0.2596 -0.7384
vn -0.7327 0.3183 -0.6016
vn -0.4655 0.0110 0.8850
vn -0.6763 -0.2704 0.6852
vn -0.9484 -0.3010 0.0998
vn -0.9626 0.2593 -0.0781
vn -0.9009 -0.4325 0.0351
vn -0.0004 -0.0662 -0.9978
vn -0.5068 -0.8621 -0.0080
vn -0.4525 -0.4773 -0.7533
vn -0.8022 -0.5755 0.1591
vn 0.0636 -0.9547 0.2908
vn -0.5457 -0.8380 0.0083
vn -0.2822 -0.9559 -0.0819
vn -0.2816 -0.1027 0.9540
vn 0.6046 -0.2958 0.7395
vn -0.7962 -0.4693 0.3818
vn -0.9638 0.1454 0.2236
vn -0.7915 0.0981 0.6033
vn -0.4975 0.0291 0.8670
vn -0.5640 -0.5875 0.5803
vn -0.7907 -0.5598 0.2480
vn -0.5732 0.4493 0.6852
vn -0.7592 0.0188 0.6506
vn -0.8323 0.3353 0.4414
vn -0.8167 0.4790 0.3217
vn -0.4572 0.4704 0.7548
vn -0.4043 0.3506 0.8447
vn -0.7047 0.3574 0.6129
vn 0.9160 0.1699 -0.3635
vn 0.8379 0.2728 -0.4727
vn 0.7994 0.4682 -0.3766
vn 0.2329 -0.0860 0.9687
vn 0.9935 0.0963 0.0612
vn 0.0869 -0.1553 0.9840
vn 0.0116 0.9378 -0.3469
vn -0.2476 0.9385 0.2409
vn 0.1807 0.9792 0.0923
vn 0.9982 -0.0411 -0.0430
vn 0.8648 0.0688 -0.4974
vn 0.7627 -0.3809 -0.5227
vn 0.2042 -0.9682 -0.1448
vn -0.0040 -0.8324 -0.5541
vn 0.5076 -0.5170 0.6893
vn 0.4308 -0.0121 0.9023
vn 0.5677 -0.5826 0.5816
vn 0.0000 0.2545 -0.9671
vn 0.1036 0.2923 -0.9507
vn 0.0890 0.2064 -0.9744
vn 0.0044 0.0454 -0.9990
vn -0.1077 0.1890 -0.9761
vn -0.1138 0.2974 -0.9479
vn -0.7339 0.2293 0.6394
vn -0.9155 0.3944 0.0800
vn -0.8424 0.4295 0.3255
vn -0.9442 0.3127 0.1038
vn -0.9475 0.2081 0.2428
vn -0.8749 0.2828 0.3931
vn -0.8292 0.2859 -0.4802
vn 0.4997 0.5288 0.6861
vn 0.5511 0.8110 0.1965
vn 0.5242 0.0478 0.8502
vn -0.6659 -0.0405 0.7450
vn 0.4597 0.4279 0.7781
vn 0.0416 0.8271 0.5605
vn 0.4806 0.0178 0.8768
vn 0.9879 0.1001 0.1188
vn 0.4900 0.2275 -0.8415
vn 0.5410 -0.2779 -0.7938
vn 0.1586 0.4983 -0.8523
vn 0.1976 0.8055 -0.5587
vn 0.3495 -0.4987 0.7932
vn 0.3968 0.9115 0.1085
vn 0.3415 0.5089 -0.7902
vn 0.4546 0.8088 -0.3731
vn -0.8950 -0.0933 0.4361
vn -0.9039 0.3064 0.2985
vn -0.5138 0.7110 0.4800
vn 0.7306 -0.4113 -0.5451
vn 0.0222 -0.6800 -0.7329
vn 0.5351 -0.0173 -0.8446
vn -0.0684 -0.9937 -0.0888
vn -0.3237 -0.9354 -0.1420
vn -0.8941 0.4473 -0.0196
vn -0.8535 0.3869 -0.3490
vn -0.9139 -0.2222 -0.3397
vn -0.9858 -0.1591 0.0532
vn 0.7602 0.5261 0.3812
vn 0.5424 0.7396 0.3986
vn 0.8134 0.2678 0.5163
vn 0.7617 0.5790 0.2908
vn 0.8609 0.3701 0.3491
vn 0.4394 0.0727 -0.8953
vn -0.6989 -0.1646 -0.6960
vn -0.6133 -0.3595 -0.7033
vn -0.1683 -0.1392 -0.9759
vn -0.8065 -0.5765 0.1309
vn -0.9656 0.0003 0.2599
vn -0.8807 -0.4736 -0.0041
vn -0.8628 -0.0673 0.5011
vn -0.3902 -0.9204 -0.0239
vn -0.2209 -0.0540 0.9738
vn -0.9002 0.2475 0.3583
vn -0.6899 -0.1036 0.7165
vn -0.0613 -0.3864 0.9203
vn 0.0757 -0.9238 -0.3754
vn 0.5323 -0.8359 0.1339
vn 0.1419 -0.9730 0.1822
vn 0.2112 -0.1741 -0.9618
vn -0.0853 0.1873 -0.9786
vn -0.5537 0.7612 0.3376
vn -0.6102 0.7867 0.0938
vn -0.7834 0.5795 0.2249
vn -0.2497 0.8912 0.3787
vn -0.8137 0.3930 0.4283
vn -0.2526 0.9653 0.0664
vn -0.0908 -0.1585 0.9832
vn -0.1032 -0.3860 0.9167
vn -0.0046 0.0637 0.9980
vn 0.1387 -0.2434 0.9600
vn 0.0858 -0.6394 -0.7641
vn 0.7674 0.6412 -0.0048
vn 0.9400 0.3288 0.0905
vn 0.7428 0.6472 -0.1715
vn 0.7823 0.5940 0.1877
vn 0.1374 0.6456 0.7512
vn -0.0239 0.5215 0.8529
vn 0.2762 0.7781 0.5641
vn -0.1973 0.5390 0.8189
vn -0.0867 0.6435 0.7606
vn -0.2840 -0.5149 -0.8089
vn -0.6703 -0.5995 -0.4373
vn -0.5737 -0.7470 -0.3358
vn -0.5262 -0.5375 -0.6590
vn -0.7180 -0.5047 -0.4794
vn -0.0356 -0.3398 -0.9398
vn -0.2872 -0.1105 -0.9515
vn -0.0410 -0.0255 0.9988
vn -0.8234 0.2983 0.4828
vn -0.4772 0.2529 0.8416
vn 0.5623 0.4481 -0.6951
vn 0.6188 0.1056 -0.7784
vn 0.0061 0.1594 0.9872
vn -0.2361 0.5901 0.7720
vn -0.2503 0.4584 0.8528
vn -0.4141 0.2130 -0.8849
vn -0.7875 0.1157 -0.6054
vn -0.5765 -0.0505 -0.8155
vn -0.0572 0.0592 -0.9966
vn -0.6158 0.1076 -0.7806
vn -0.1459 0.0521 -0.9879
vn 0.5205 -0.1290 0.8441
vn 0.7206 -0.1980 0.6645
vn 0.8350 0.2799 -0.4738
vn 0.8188 0.2181 -0.5310
vn 0.9201 -0.1847 -0.3454
vn -0.7206 0.1002 0.6861
vn 0.8206 0.3663 -0.4386
vn -0.6940 0.3024 0.6534
vn -0.7732 0.2510 -0.5823
vn -0.6825 0.6942 -0.2287
vn 0.0034 0.2880 -0.9576
vn 0.1178 0.3356 -0.9346
vn -0.0050 -0.5361 -0.8441
vn -0.7494 -0.4111 -0.5191
vn -0.7674 -0.5058 -0.3940
vn -0.9454 -0.2945 -0.1399
vn -0.5503 0.1340 -0.8242
vn -0.7164 -0.3859 -0.5813
vn -0.5069 -0.3114 -0.8038
vn -0.1920 0.0340 -0.9808
vn -0.5782 0.3911 -0.7161
vn -0.8600 0.2268 -0.4572
vn 0.9644 0.0428 0.2610
vn 0.9268 0.0952 0.3633
vn -0.6538 -0.2880 0.6997
vn -0.2928 -0.2374 0.9262
vn 0.5923 0.7540 0.2840
vn 0.7923 -0.4213 -0.4413
vn 0.7299 -0.6399 -0.2404
vn 0.6602 -0.7329 -0.1643
vn 0.9513 0.1620 0.2624
vn 0.8624 0.4139 0.2915
vn 0.9234 0.1617 0.3481
vn 0.7398 0.0245 0.6723
vn 0.6667 0.3599 0.6527
vn 0.8289 -0.4631 0.3137
vn 0.9280 -0.1178 0.3535
vn 0.2158 -0.3082 0.9265
vn 0.0822 0.0339 0.9960
vn 0.2579 -0.0659 0.9639
vn 0.2594 -0.0556 0.9642
vn -0.0791 -0.1631 0.9834
vn -0.2697 -0.0714 0.9603
vn -0.7451 -0.0685 0.6635
vn 0.2074 -0.2347 0.9497
vn -0.1527 -0.1910 0.9696
vn -0.4412 0.8962 0.0456
vn 0.0341 0.9923 0.1188
vn -0.5653 0.8202 -0.0878
vn 0.9288 0.3525 0.1139
vn 0.8784 0.3641 0.3098
vn -0.8755 -0.0504 -0.4806
vn -0.8039 0.4716 -0.3624
vn 0.0193 0.5090 0.8606
vn -0.0368 0.4834 0.8746
vn 0.4924 0.8380 -0.2352
vn 0.2187 0.9228 -0.3171
vn 0.0005 0.9908 0.1351
vn 0.0352 0.9780 -0.2054
vn 0.5189 0.1480 0.8419
vn 0.9672 0.2458 0.0638
vn -0.6211 -0.2281 0.7498
vn -0.2931 0.0206 0.9559
vn 0.1309 0.5618 0.8169
vn -0.9605 -0.2336 -0.1509
vn -0.9664 -0.2043 -0.1557
vn -0.4672 -0.0994 -0.8786
vn 0.1255 -0.9839 -0.1274
vn -0.6888 -0.6923 0.2151
vn -0.9507 -0.1982 0.2384
vn -0.8370 0.4690 -0.2820
vn -0.8984 0.4042 -0.1716
vn -0.9600 0.2190 0.1745
vn -0.8460 0.3132 0.4314
vn -0.6357 0.2662 0.7246
vn -0.3763 -0.4776 0.7939
vn -0.4741 -0.0304 0.8799
vn -0.2313 -0.1625 0.9592
vn -0.1527 -0.6316 0.7601
vn -0.3660 -0.5208 0.7713
vn -0.4267 -0.6217 0.6568
vn -0.6909 -0.1955 0.6960
vn -0.1471 -0.9883 0.0396
vn -0.2342 -0.9659 0.1099
vn -0.5747 0.6493 0.4981
vn -0.8124 0.4079 0.4166
vn -0.9643 0.1904 -0.1843
vn -0.8090 0.3382 0.4808
vn 0.7239 -0.1628 0.6704
vn -0.1171 -0.3291 0.9370
vn -0.0867 0.3960 0.9141
vn 0.9827 0.1637 -0.0864
vn 0.9996 -0.0027 0.0292
vn 0.9941 -0.0899 -0.0614
vn 0.9150 0.0451 0.4010
vn 0.4443 -0.7647 0.4668
vn 0.3952 0.2180 0.8923
vn -0.4097 0.0188 -0.9120
vn -0.8225 -0.1162 -0.5568
vn -0.9437 0.0212 0.3302
vn -0.9336 0.0595 0.3533
vn -0.9341 0.0076 0.3571
vn -0.8937 -0.0999 0.4374
vn 0.9360 -0.3516 0.0175
vn 0.5240 0.2266 -0.8210
vn -0.3788 -0.3586 -0.8532
vn -0.8366 -0.5348 -0.1186
vn -0.2339 -0.0428 0.9713
vn -0.2760 -0.4449 0.8520
vn 0.4296 0.8683 0.2480
vn -0.5178 -0.2147 0.8281
vn -0.8699 -0.2319 0.4352
vn -0.4329 -0.2221 0.8736
vn -0.5543 -0.8320 -0.0223
vn -0.4397 0.2986 0.8470
vn -0.9436 0.3259 0.0582
vn -0.1933 -0.3829 0.9033
vn -0.4605 0.2314 0.8570
vn 0.3429 0.4919 0.8003
vn 0.5466 0.0203 0.8371
vn 0.4791 0.6702 0.5668
vn 0.4751 0.4377 0.7633
vn -0.1416 0.6150 0.7757
vn 0.5414 -0.8374 -0.0751
vn -0.0140 -0.9994 -0.0319
vn -0.0113 -0.9953 -0.0961
vn 0.5110 -0.8539 0.0984
vn 0.7949 0.4785 0.3731
vn 0.8093 0.5783 0.1026
vn 0.1536 0.2738 0.9494
vn 0.7517 0.1243 0.6477
vn 0.1724 -0.1124 0.9786
vn 0.6939 0.2476 0.6762
vn 0.1102 0.5783 0.8083
vn -0.1425 0.0800 0.9866
vn 0.7762 0.4648 0.4259
vn 0.1429 -0.5688 0.8100
vn 0.7648 -0.4837 0.4257
vn -0.6820 -0.4037 0.6098
vn 0.9126 0.3621 -0.1897
vn -0.7863 -0.4832 0.3849
vn -0.4818 -0.6985 -0.5291
vn -0.4583 -0.6912 -0.5587
vn -0.8140 0.1580 -0.5589
vn -0.4181 0.6879 -0.5932
vn -0.5399 0.4157 -0.7319
vn -0.6698 -0.1420 -0.7289
vn -0.8638 0.0485 -0.5015
vn -0.7558 0.1275 -0.6423
vn -0.6449 -0.0414 -0.7632
vn -0.0618 0.5344 0.8430
vn -0.0114 0.8556 -0.5175
vn -0.2913 0.1905 0.9375
vn 0.0439 0.5166 0.8551
vn 0.4692 0.0451 -0.8820
vn 0.6220 0.1786 -0.7624
vn 0.3279 -0.9105 -0.2519
vn -0.7237 -0.5749 0.3818
vn -0.0142 -0.3336 0.9426
vn 0.8273 -0.1398 0.5441
vn -0.3364 0.1517 -0.9294
vn 0.1640 -0.3097 0.9366
vn 0.8904 0.0898 0.4461
vn 0.8126 -0.0105 0.5828
vn -0.5762 -0.0253 0.8169
vn 0.0559 0.1365 0.9891
vn -0.5519 -0.1766 0.8150
vn 0.1396 0.0873 0.9864
vn -0.4747 -0.1174 -0.8723
vn -0.9831 0.1829 -0.0078
vn -0.9923 0.0188 -0.1228
vn -0.3091 -0.9501 0.0426
vn -0.7742 0.0065 0.6329
vn -0.0340 0.6143 0.7883
vn 0.2165 0.4649 0.8585
vn -0.1074 0.7070 0.6990
vn -0.5901 0.3844 -0.7099
vn 0.1912 0.4274 -0.8836
vn 0.7572 -0.6502 0.0625
vn 0.7071 -0.5712 0.4167
vn 0.4116 -0.9061 -0.0977
vn -0.4144 0.8825 0.2226
vn 0.2483 0.1272 0.9603
vn -0.1691 0.9668 0.1914
vn -0.8217 0.2127 0.5288
vn -0.9385 -0.0458 0.3423
vn -0.7438 0.2454 0.6217
vn -0.8716 0.1603 0.4634
vn -0.7973 -0.1597 0.5820
vn -0.6513 -0.0123 0.7587
vn -0.6622 0.2604 0.7026
vn -0.8868 0.4589 -0.0550
vn -0.7247 0.4492 0.5225
vn -0.9252 0.3795 0.0002
vn -0.5409 0.3068 0.7831
vn -0.8466 0.0527 -0.5296
vn -0.7020 0.0100 -0.7121
vn 0.2406 0.4008 0.8840
vn 0.1874 0.2546 0.9487
vn 0.5122 0.3812 0.7696
vn -0.3284 -0.2762 -0.9033
vn -0.1185 -0.4590 0.8805
vn 0.9927 0.0840 0.0860
vn 0.8295 0.0427 0.5569
vn -0.2574 -0.1183 0.9590
vn -0.7381 -0.2504 0.6265
vn -0.2705 -0.1276 0.9542
vn 0.7408 -0.5458 0.3914
vn -0.2160 -0.1134 0.9698
vn -0.9810 -0.0710 -0.1804
vn -0.9906 0.1079 -0.0846
vn -0.0706 -0.4268 -0.9016
vn 0.6931 -0.5056 -0.5137
vn 0.3658 0.7530 -0.5469
vn 0.8184 0.5317 0.2179
vn 0.7284 0.6304 -0.2683
vn -0.4288 0.1312 -0.8938
vn -0.4797 -0.5156 -0.7100
vn -0.7351 0.1803 -0.6535
vn -0.6284 0.2274 0.7439
vn -0.8820 0.3044 0.3597
vn -0.5240 -0.7509 0.4020
vn -0.8246 0.5346 0.1848
vn -0.3274 -0.6273 0.7066
vn -0.2131 -0.8604 0.4630
vn -0.2963 -0.7934 0.5317
vn -0.7281 0.1864 0.6596
vn -0.7802 0.2747 0.5620
vn -0.9663 0.2480 0.0693
vn -0.7719 0.0757 0.6312
vn -0.3445 0.0439 0.9377
vn 0.1546 0.3994 -0.9037
vn -0.0178 -0.5896 0.8075
vn 0.1460 -0.1337 -0.9802
vn 0.5466 -0.6726 -0.4988
vn 0.7751 0.1967 0.6005
vn 0.8905 -0.1287 0.4365
vn -0.0344 0.4680 0.8830
vn 0.8120 0.3672 -0.4537
vn 0.5360 0.6851 -0.4933
vn 0.9541 0.2293 0.1926
vn 0.0002 0.4106 -0.9118
vn 0.1283 0.4550 -0.8812
vn 0.6272 0.1400 0.7661
vn -0.1706 0.2702 0.9476
vn -0.2247 -0.5382 0.8123
vn -0.3798 -0.3834 0.8419
vn 0.7059 -0.1995 0.6796
vn -0.4648 0.0643 0.8831
vn -0.5320 0.0489 0.8454
vn -0.7652 -0.5940 0.2482
vn -0.8597 0.0535 0.5081
vn -0.6843 0.2521 0.6843
vn -0.7580 0.0942 0.6454
vn -0.7015 0.4394 0.5612
vn -0.5828 0.4492 0.6771
vn 0.8380 0.3565 0.4132
vn 0.4458 0.1952 -0.8736
vn -0.1157 0.4967 0.8602
vn -0.0803 0.5850 0.8071
vn -0.1036 0.2432 0.9644
vn -0.2588 0.1599 0.9526
vn -0.4432 0.2289 0.8667
vn 0.5739 -0.8190 -0.0011
vn -0.1366 0.9820 0.1302
vn 0.6304 0.2543 0.7334
vn -0.1248 0.9908 0.0515
vn -0.7911 0.6104 0.0407
vn -0.4711 0.8801 0.0587
vn -0.7642 0.6405 -0.0758
vn 0.3836 -0.4415 -0.8111
vn 0.1384 -0.5816 -0.8016
vn -0.2601 -0.6907 -0.6748
vn -0.6970 0.1670 -0.6973
vn 0.3384 0.1186 -0.9335
vn 0.8083 -0.0426 -0.5872
vn 0.9198 0.1028 0.3787
vn -0.8291 0.1131 -0.5476
vn -0.9808 -0.1039 0.1648
vn -0.0149 0.3002 -0.9538
vn -0.7807 0.6116 0.1285
vn -0.5521 0.4936 0.6720
vn -0.0075 -0.9965 0.0834
vn 0.4078 -0.9123 -0.0367
vn 0.3854 -0.9215 -0.0478
vn 0.0260 -0.9417 -0.3356
vn 0.3335 0.5029 0.7974
vn 0.3913 0.0054 -0.9202
vn 0.3493 -0.2464 -0.9040
vn 0.7456 -0.5937 -0.3025
vn -0.0071 -0.0108 0.9999
vn 0.3242 -0.2461 0.9134
vn -0.4882 -0.3591 0.7955
vn -0.4184 -0.4432 0.7928
vn -0.1878 -0.5105 0.8391
vn -0.9936 0.0929 -0.0639
vn -0.7932 -0.0830 0.6032
vn -0.6838 0.6701 0.2887
vn -0.6565 0.7540 -0.0219
vn -0.4198 0.8800 0.2222
vn 0.5495 -0.4905 0.6764
vn 0.5957 -0.5996 0.5345
vn 0.7354 0.4446 0.5114
vn -0.2926 0.5229 0.8006
vn 0.8965 -0.0853 0.4347
vn -0.3807 0.7395 0.5552
vn -0.4781 0.5628 0.6743
vn 0.4375 -0.6618 -0.6088
vn -0.4424 0.5500 -0.7084
vn 0.5165 -0.8461 -0.1319
vn -0.3736 -0.3480 0.8598
vn 0.0142 0.7145 0.6995
vn -0.3079 -0.8830 -0.3543
vn -0.4624 -0.7871 -0.4083
vn -0.3065 -0.9477 0.0894
vn 0.7263 -0.6601 0.1916
vn -0.7347 -0.6354 -0.2378
vn 0.4822 -0.0377 0.8753
vn 0.2536 0.1693 0.9524
vn -0.7173 0.3774 -0.5857
vn -0.6713 0.4306 -0.6033
vn -0.7739 -0.5255 -0.3534
vn -0.7671 -0.5491 -0.3319
vn 0.3601 0.2597 -0.8960
vn 0.5893 0.4331 -0.6820
vn 0.6171 0.1888 -0.7639
vn -0.4905 -0.6752 0.5509
vn 0.5077 0.8571 -0.0877
vn 0.3901 0.9197 -0.0435
vn 0.5876 0.7634 -0.2683
vn 0.4662 -0.4664 0.7518
vn -0.3917 -0.0711 0.9174
vn -0.2394 -0.0294 0.9705
vn 0.7983 -0.5861 0.1387
vn 0.7847 -0.4367 -0.4399
vn 0.8813 -0.0311 -0.4716
vn 0.9100 0.1285 -0.3943
vn 0.4735 -0.7298 -0.4931
vn 0.7776 0.1197 -0.6173
vn 0.2979 0.5281 0.7952
vn -0.3861 0.6754 -0.6283
vn -0.2187 0.7093 -0.6701
vn -0.1859 -0.1876 0.9645
vn 0.2536 0.7986 -0.5458
vn 0.0096 0.9704 -0.2411
vn 0.2801 0.9401 -0.1942
vn 0.1745 0.6052 -0.7767
vn -0.8152 0.5708 0.0977
vn -0.8044 -0.5937 -0.0192
vn -0.9552 0.2329 0.1825
vn -0.2991 -0.2861 0.9103
vn 0.0247 0.4953 -0.8684
vn -0.1135 0.5986 -0.7929
vn 0.0052 0.4407 -0.8977
vn 0.1181 0.5781 -0.8074
vn -0.4783 -0.5284 0.7015
vn 0.5262 -0.8499 0.0281
vn -0.9862 -0.1077 0.1255
vn -0.9506 -0.2921 -0.1051
vn 0.0063 0.0510 -0.9987
vn -0.7651 -0.0896 -0.6376
vn 0.0655 -0.0796 -0.9947
vn -0.1116 0.1877 -0.9759
vn 0.6626 0.7255 -0.1861
vn 0.5012 0.8568 0.1216
vn -0.7311 -0.3149 0.6053
vn 0.4322 -0.2566 0.8645
vn 0.3920 -0.3238 0.8611
vn -0.3397 0.0493 -0.9392
vn 0.0384 -0.0418 -0.9984
vn -0.1714 -0.1660 0.9711
vn 0.6389 -0.2209 0.7369
vn 0.6488 -0.1886 0.7372
vn -0.2092 -0.3362 0.9182
vn -0.1314 -0.1274 0.9831
vn 0.9217 -0.3784 0.0854
vn 0.6914 0.5853 0.4235
vn 0.9214 -0.3884 -0.0114
vn 0.5152 -0.8570 -0.0071
vn 0.5104 -0.3872 0.7678
vn 0.4410 -0.0580 0.8957
vn 0.3708 -0.1398 0.9181
vn -0.2639 0.4277 0.8645
vn -0.1839 -0.8876 -0.4224
vn 0.9762 0.1222 0.1793
vn 0.8602 0.1000 0.5001
vn 0.7053 0.4128 0.5763
vn 0.8063 0.3835 -0.4503
vn -0.7410 -0.4430 0.5046
vn -0.8114 -0.4325 0.3932
vn -0.9646 0.1725 -0.1994
vn -0.7914 0.2945 -0.5356
vn 0.2900 -0.9474 -0.1356
vn -0.2935 -0.7738 -0.5613
vn 0.8232 -0.4380 0.3612
vn 0.6927 0.7203 0.0375
vn 0.0000 0.7926 0.6097
vn -0.5238 0.6652 0.5322
vn 0.0000 0.8999 0.4362
vn -0.9222 0.2298 0.3109
vn -0.9705 0.2244 -0.0877
vn -0.2611 0.9526 -0.1562
vn 0.9577 0.0532 -0.2828
vn 0.3577 -0.0941 -0.9291
vn 0.5735 -0.0635 -0.8167
vn -0.5388 -0.4660 -0.7018
vn -0.2884 -0.7662 -0.5743
vn 0.3689 -0.4887 0.7907
vn 0.5464 -0.2482 0.7999
vn 0.9892 -0.1077 0.0997
vn 0.8497 -0.0978 -0.5182
vn 0.9748 -0.2220 -0.0213
vn 0.2000 -0.1164 -0.9729
vn -0.0119 0.0550 -0.9984
vn 0.1805 -0.9524 0.2455
vn 0.1988 0.0831 0.9765
vn 0.7008 0.3891 0.5979
vn 0.9205 0.3668 0.1344
vn 0.4964 0.3664 0.7870
vn 0.7475 0.0287 -0.6637
vn 0.3736 -0.1910 -0.9077
vn -0.4626 -0.1676 -0.8706
vn 0.0232 0.0910 -0.9956
vn -0.5008 0.1038 -0.8593
vn 0.5274 -0.0668 0.8470
vn -0.0909 0.7312 -0.6761
vn -0.1310 0.1431 -0.9810
vn -0.0609 0.2426 0.9682
vn -0.1668 0.1282 0.9776
vn -0.2838 0.0309 0.9584
vn -0.5420 0.4239 0.7256
vn 0.4600 -0.4357 0.7736
vn 0.9327 -0.3229 -0.1606
vn 0.2604 -0.5880 0.7658
vn -0.7445 -0.3805 -0.5486
vn -0.0254 0.1791 0.9835
vn -0.1160 -0.8410 0.5284
vn -0.0983 -0.6520 0.7518
vn 0.8866 0.1929 0.4204
vn 0.9983 -0.0430 0.0385
vn 0.1681 0.9663 0.1950
vn 0.0401 0.9529 -0.3005
vn -0.5436 -0.4698 -0.6956
vn -0.4300 -0.8125 -0.3936
vn 0.7870 0.2089 -0.5805
vn 0.5521 0.6340 -0.5415
vn -0.5374 0.8008 -0.2644
vn -0.3920 0.4817 -0.7838
vn 0.3724 -0.2351 -0.8978
vn 0.6907 -0.5987 -0.4056
vn 0.4720 -0.5705 -0.6721
vn -0.5833 -0.2059 -0.7857
vn 0.6686 -0.3268 0.6680
vn -0.8404 0.5021 -0.2039
vn 0.9339 0.3421 -0.1042
vn 0.7089 0.2349 -0.6651
vn -0.0548 -0.6895 -0.7222
vn 0.9845 -0.1075 0.1387
vn 0.8628 0.4426 -0.2442
vn 0.3774 0.7773 0.5033
vn 0.3063 0.5532 0.7747
vn -0.3158 -0.8058 0.5009
vn -0.4275 -0.2309 -0.8740
vn -0.9090 -0.2227 -0.3523
vn -0.3983 0.6735 -0.6227
vn -0.6818 -0.1894 0.7066
vn 0.9491 0.1161 -0.2928
vn 0.7851 0.5640 0.2560
vn 0.8001 0.1733 -0.5744
vn -0.2404 0.9258 -0.2918
vn 0.8917 -0.4442 -0.0872
vn 0.7871 -0.3279 0.5225
vn -0.6801 0.4562 -0.5739
vn 0.2585 -0.1100 0.9597
vn 0.2529 -0.0369 0.9668
vn 0.4197 -0.1339 0.8977
vn -0.5658 0.0966 0.8188
vn -0.1784 0.4064 0.8961
vn 0.9682 0.2008 -0.1493
vn 0.5185 0.0641 0.8527
vn -0.4541 -0.3114 -0.8348
vn -0.6324 -0.5181 -0.5759
vn 0.2799 0.0427 0.9591
vn -0.2260 -0.9508 -0.2119
vn -0.1858 -0.9816 -0.0443
vn 0.8048 -0.3995 -0.4391
vn 0.8416 0.1749 0.5110
vn -0.4846 -0.5877 -0.6479
vn -0.3929 -0.5081 -0.7664
vn -0.2749 -0.9055 -0.3234
vn -0.8176 -0.5242 -0.2383
vn -0.2701 -0.9095 -0.3161
vn -0.3342 -0.9147 -0.2274
vn 0.7841 -0.0623 -0.6175
vn -0.0355 -0.1052 -0.9938
vn -0.5734 0.8188 -0.0269
vn 0.4123 0.4579 -0.7876
vn 0.2503 -0.1553 -0.9556
vn 0.5017 0.1163 -0.8572
vn 0.5647 0.1797 -0.8055
vn -0.0019 0.1786 -0.9839
vn 0.4648 -0.1831 -0.8663
vn 0.6559 -0.6059 0.4503
vn -0.0253 -0.9375 0.3470
vn 0.5891 -0.7680 0.2515
vn -0.9768 -0.2131 0.0223
vn -0.9397 0.3406 0.0302
vn -0.8823 -0.3195 0.3457
vn -0.9010 -0.4037 -0.1587
vn -0.9163 -0.1676 -0.3636
vn -0.9153 -0.4026 -0.0131
vn -0.9551 -0.0664 -0.2888
vn -0.4075 -0.1228 -0.9049
vn -0.4318 -0.0582 0.9001
vn -0.8415 0.1806 -0.5092
vn -0.9602 0.2019 -0.1931
vn -0.8383 0.1920 -0.5103
vn 0.3955 -0.2204 0.8916
vn 0.3402 0.5590 0.7561
vn 0.6038 0.2725 0.7491
vn 0.4805 -0.3577 0.8008
vn 0.6280 -0.0185 -0.7780
vn 0.9652 0.1823 0.1873
vn 0.4729 -0.0299 -0.8806
vn 0.7383 -0.1376 -0.6603
vn 0.7393 0.6226 0.2564
vn 0.3979 0.7198 0.5688
vn 0.0270 -0.2277 -0.9734
vn 0.6139 0.3619 -0.7016
vn 0.4984 0.2244 0.8374
vn 0.8725 -0.4623 0.1581
vn -0.5708 0.0677 -0.8183
vn -0.7803 -0.4057 -0.4759
vn 0.7909 0.3818 0.4782
vn 0.4329 0.2849 0.8553
vn 0.9277 0.2558 -0.2720
vn 0.4156 0.9052 -0.0886
vn 0.4977 0.1055 0.8609
vn 0.7965 0.3600 -0.4858
vn 0.8504 0.1858 -0.4922
vn -0.7891 0.6123 0.0500
vn -0.9272 0.3695 -0.0610
vn -0.8627 0.1968 -0.4658
vn -0.4676 -0.4654 -0.7515
vn 0.1897 0.2344 -0.9535
vn -0.2688 0.1902 -0.9442
vn 0.7884 0.6020 0.1267
vn -0.7886 0.0877 -0.6087
vn 0.4582 -0.3932 0.7971
vn 0.6846 0.1657 -0.7098
vn -0.5275 0.7430 0.4120
vn -0.3859 0.2138 -0.8974
vn -0.6406 0.5806 -0.5026
vn 0.8323 0.3919 0.3919
vn 0.9721 0.2338 0.0197
vn 0.7142 0.2659 -0.6474
vn 0.9447 0.1792 -0.2746
vn 0.5396 0.2639 -0.7995
vn 0.5007 0.2951 -0.8138
vn 0.8459 0.2603 -0.4656
vn -0.4345 0.9006 -0.0059
vn -0.9079 0.3620 0.2113
vn -0.4434 0.8401 0.3126
vn -0.9136 0.3804 0.1437
vn -0.3851 0.0957 -0.9179
vn -0.4136 0.1033 -0.9046
vn -0.0656 0.1577 -0.9853
vn -0.5485 -0.7635 -0.3410
vn -0.7137 -0.1551 -0.6831
vn -0.5725 -0.8022 -0.1696
vn -0.5563 -0.8276 -0.0749
vn -0.0135 -0.9729 -0.2309
vn 0.1746 0.9510 0.2552
vn 0.0033 0.9949 -0.1004
vn -0.0747 0.9972 0.0036
vn 0.8825 -0.4668 -0.0567
vn -0.6555 0.2157 -0.7238
vn -0.9596 -0.0379 -0.2788
vn 0.8105 -0.5519 0.1962
vn 0.5627 0.4761 0.6758
vn 0.7966 0.6040 0.0252
vn -0.7307 0.0137 0.6826
vn 0.0450 0.7345 0.6771
vn -0.7198 -0.5722 0.3931
vn -0.8899 -0.4445 0.1024
vn -0.9252 -0.2308 0.3013
vn -0.1815 -0.9434 0.2775
vn -0.7857 0.4970 0.3683
vn 0.0654 -0.9055 -0.4192
vn -0.2102 -0.9658 -0.1521
vn -0.3501 -0.8904 -0.2909
vn 0.9202 -0.3681 -0.1336
vn -0.8340 -0.4666 0.2944
vn -0.5067 0.2946 -0.8102
vn -0.9330 -0.3585 -0.0329
vn -0.8893 -0.4453 -0.1036
vn -0.4210 0.3257 0.8466
vn 0.6117 -0.6478 0.4541
vn 0.9955 0.0865 0.0383
vn -0.0656 -0.7019 -0.7093
vn -0.7976 -0.1130 0.5926
vn -0.4858 -0.5876 -0.6470
vn -0.7469 -0.2988 -0.5940
vn -0.9200 0.1804 -0.3480
vn -0.6880 -0.0414 -0.7246
vn 0.3255 -0.5020 -0.8013
vn 0.1688 -0.4044 -0.8989
vn -0.0989 -0.1452 -0.9844
vn -0.2230 -0.1792 -0.9582
vn 0.5942 -0.3229 -0.7367
vn -0.7310 -0.0716 -0.6786
vn 0.9681 -0.2022 0.1478
vn 0.8508 -0.1592 0.5008
vn 0.8340 -0.5206 -0.1828
vn 0.1731 0.0628 0.9829
vn -0.1967 -0.1705 -0.9655
vn -0.0287 0.0195 -0.9994
vn -0.5723 -0.2576 0.7786
vn -0.5154 -0.2712 0.8129
vn -0.5909 0.0880 0.8019
vn 0.9524 -0.0774 0.2948
vn 0.9997 -0.0238 -0.0002
vn 0.9661 -0.0909 0.2415
vn -0.4748 -0.8683 -0.1433
vn -0.0110 -0.8944 -0.4472
vn -0.5384 0.2581 -0.8022
vn -0.8142 0.2924 -0.5015
vn -0.8311 0.2266 -0.5079
vn -0.4084 0.0474 -0.9116
vn 0.7311 0.0780 0.6778
vn 0.7014 0.2150 0.6796
vn -0.7674 -0.5638 -0.3052
vn -0.7681 -0.0532 0.6381
vn -0.7102 -0.1904 0.6777
vn -0.1421 -0.5650 -0.8128
vn 0.2929 -0.8570 -0.4240
vn -0.4044 -0.4422 -0.8006
vn 0.1182 -0.7978 -0.5912
vn 0.9269 0.2035 0.3153
vn -0.1101 -0.9464 -0.3035
vn 0.0000 -0.9598 -0.2806
vn -0.3438 -0.9031 0.2573
vn 0.0503 -0.8428 -0.5358
vn -0.0062 -0.4340 -0.9009
vn 0.0849 -0.5038 -0.8597
vn 0.0040 -0.5474 -0.8369
vn -0.0715 0.0251 -0.9971
vn -0.5829 0.0156 0.8124
vn 0.4383 -0.3022 -0.8465
vn -0.8718 0.0095 0.4899
vn -0.7893 -0.3921 -0.4725
vn -0.7586 -0.5753 -0.3059
vn -0.6125 -0.7748 -0.1568
vn -0.6759 0.1821 0.7142
vn -0.7558 0.4477 0.4778
vn -0.9164 0.1891 0.3529
vn -0.6533 -0.4898 0.5774
vn 0.7965 0.5508 -0.2493
vn 0.9388 0.3193 -0.1291
vn 0.4439 0.8930 0.0747
vn 0.4607 0.8599 0.2200
vn 0.9046 0.4086 0.1214
vn 0.8868 0.4187 -0.1957
vn 0.6016 -0.6521 -0.4613
vn 0.7704 -0.5043 -0.3901
vn -0.4226 -0.7512 0.5071
vn -0.4406 -0.8179 -0.3700
vn 0.8633 -0.4700 -0.1839
vn 0.4675 -0.2069 0.8594
vn 0.4401 -0.5736 0.6908
vn 0.7404 0.2084 -0.6391
vn 0.4664 0.1293 -0.8751
vn 0.5496 0.3676 -0.7502
vn 0.8102 0.3823 0.4443
vn 0.5155 0.3864 0.7648
vn 0.4565 0.2209 -0.8619
vn 0.0091 -0.0872 -0.9962
vn -0.0299 0.7876 -0.6155
vn -0.0527 0.7787 0.6251
vn -0.0141 0.7070 0.7070
vn -0.4450 0.7458 0.4957
vn 0.0803 0.7251 -0.6839
vn 0.1081 -0.9895 -0.0959
vn 0.2916 -0.9543 0.0662
vn 0.3587 -0.4743 0.8040
vn 0.7168 -0.0157 0.6971
vn 0.8488 -0.5009 -0.1692
vn -0.9143 0.3824 0.1336
vn -0.2262 0.9355 0.2714
vn 0.8992 0.2328 0.3705
vn -0.1123 0.5767 0.8092
vn -0.4403 0.8005 0.4067
vn -0.2846 -0.2601 0.9227
vn -0.7861 0.3951 0.4753
vn 0.6304 -0.6380 0.4422
vn 0.3476 -0.4024 0.8469
vn -0.7445 -0.4054 0.5305
vn 0.4322 -0.4220 -0.7969
vn 0.5238 -0.4861 -0.6995
vn 0.6751 -0.6416 -0.3641
vn 0.0747 0.3302 0.9410
vn 0.8049 -0.2279 0.5478
vn 0.9067 0.0866 -0.4129
vn -0.8247 0.3728 -0.4253
vn -0.8576 0.3958 -0.3283
vn 0.5563 0.1219 0.8220
vn 0.6608 0.2489 0.7081
vn -0.5463 0.7034 0.4547
vn -0.4449 0.1799 0.8773
vn -0.5055 0.0407 0.8619
vn -0.0561 0.5714 -0.8188
vn -0.0167 -0.0016 -0.9999
vn 0.0426 -0.0021 -0.9991
vn 0.9328 0.3595 0.0255
vn 0.7932 -0.0824 0.6034
vn 0.9940 0.0945 -0.0553
vn 0.1738 -0.3270 0.9289
vn 0.1869 -0.2055 0.9606
vn -0.8896 0.2166 -0.4022
vn -0.9800 -0.0435 -0.1940
vn -0.5201 -0.0773 -0.8506
vn -0.4525 -0.0939 0.8868
vn 0.8673 -0.4624 -0.1841
vn -0.2259 -0.8463 -0.4824
vn 0.0553 0.9983 0.0171
vn 0.3293 0.8644 0.3800
vn 0.9382 -0.1392 0.3169
vn 0.9630 -0.2605 0.0690
vn 0.7502 -0.0588 0.6586
vn 0.7395 -0.6192 -0.2640
vn 0.5976 -0.1392 0.7897
vn 0.0958 0.4104 0.9068
vn 0.5639 0.4023 0.7212
vn 0.3581 -0.6806 0.6392
vn 0.2708 -0.3491 0.8971
vn 0.6024 0.7825 0.1572
vn 0.2210 0.9715 0.0859
vn 0.6873 0.0873 0.7211
vn 0.5069 0.2557 0.8232
vn 0.9925 -0.1192 0.0286
vn 0.7171 -0.1832 0.6725
vn -0.2566 -0.9399 -0.2250
vn -0.2712 -0.9486 -0.1633
vn 0.1859 -0.7304 -0.6572
vn -0.9676 0.2405 0.0771
vn 0.8030 -0.4181 -0.4248
vn 0.2439 -0.9309 -0.2719
vn 0.7181 -0.4919 -0.4924
vn -0.6674 -0.1886 0.7204
vn 0.1766 -0.2766 0.9446
vn -0.9603 0.2763 -0.0375
vn 0.9479 0.0544 0.3139
vn -0.0023 0.4828 -0.8757
vn -0.7417 -0.5180 0.4261
vn 0.3862 -0.9222 0.0214
vn -0.9994 -0.0246 0.0225
vn -0.9896 0.1221 0.0761
vn -0.8059 0.0205 -0.5917
vn -0.4886 -0.5323 0.6913
vn -0.0474 0.3012 -0.9524
vn 0.1054 0.6495 -0.7530
vn -0.7785 0.6112 0.1424
vn -0.0272 -0.9824 0.1847
vn -0.5225 -0.8471 0.0967
vn -0.7176 -0.1908 0.6699
vn -0.9978 -0.0658 -0.0037
vn 0.6051 0.2980 0.7383
vn -0.4823 -0.0364 0.8753
vn 0.4759 -0.0964 0.8742
vn -0.6057 -0.6958 0.3860
vn -0.2906 -0.5592 0.7765
vn -0.9614 -0.1164 0.2494
vn -0.1222 -0.6989 -0.7047
vn -0.4994 -0.3675 -0.7846
vn 0.0736 -0.9225 0.3789
vn -0.4692 -0.8631 0.1870
vn 0.6163 -0.7465 0.2511
vn 0.5831 -0.0534 -0.8107
vn 0.0781 0.0606 -0.9951
vn 0.4258 0.2075 -0.8807
vn -0.2349 -0.7682 -0.5956
vn -0.1845 0.7625 0.6201
vn -0.5586 0.4404 0.7029
vn 0.2631 0.0556 -0.9632
vn 0.1293 0.3698 -0.9201
vn 0.7952 0.0857 -0.6002
vn 0.8379 0.0476 -0.5437
vn -0.6988 -0.1427 -0.7010
vn 0.6410 -0.7565 0.1297
vn -0.3474 -0.8094 0.4734
vn 0.6043 0.0738 0.7934
vn -0.2387 -0.9566 -0.1668
vn -0.2446 0.0241 0.9693
vn -0.0044 -0.2577 -0.9662
vn 0.1884 -0.1458 -0.9712
vn 0.0595 -0.8630 -0.5018
vn -0.8242 0.3596 0.4374
vn 0.0774 0.6947 0.7152
vn 0.8291 0.3342 0.4483
vn 0.5133 0.7250 0.4593
vn 0.4674 0.2574 0.8458
vn -0.8236 -0.0982 0.5586
vn 0.9377 -0.2941 0.1851
vn 0.8120 -0.4583 0.3614
vn 0.7635 -0.5631 0.3162
vn 0.7303 -0.4621 0.5031
vn 0.7366 -0.3732 0.5641
vn -0.4467 -0.3560 -0.8208
vn -0.6933 -0.2947 -0.6577
vn -0.2520 -0.3711 -0.8938
vn -0.5821 0.7089 0.3983
vn 0.1260 0.7616 0.6357
vn 0.0053 0.1333 -0.9911
vn 0.1895 0.0336 -0.9813
vn -0.1557 0.2748 0.9488
vn -0.9281 0.0388 0.3704
vn 0.6891 0.1827 -0.7012
vn 0.0352 -0.4756 0.8790
vn -0.0058 -0.5280 -0.8492
vn 0.6109 -0.2086 -0.7638
vn 0.3435 -0.5093 -0.7891
vn 0.9023 0.4042 -0.1501
vn 0.6512 0.7573 -0.0488
vn 0.8088 0.3169 -0.4953
vn -0.6406 -0.3842 0.6648
vn 0.3277 -0.0077 -0.9448
vn 0.1639 0.8529 0.4957
vn -0.0815 0.9326 -0.3515
vn 0.4253 0.7773 0.4636
vn 0.5885 -0.0498 0.8070
vn -0.6902 0.1797 0.7009
vn 0.0323 -0.9712 0.2362
vn 0.0051 0.7126 -0.7016
vn 0.6196 -0.2842 0.7316
vn 0.3303 -0.5503 0.7669
vn 0.9763 -0.1717 0.1319
vn 0.6291 -0.2909 0.7208
vn -0.0102 -0.1428 0.9897
vn -0.0102 0.1122 0.9936
vn 0.2200 -0.1727 0.9601
vn 0.0145 -0.4947 0.8690
vn -0.4654 0.1869 0.8652
vn 0.0880 -0.3221 -0.9426
vn 0.0111 -0.2914 -0.9565
vn -0.0247 -0.8868 -0.4616
vn -0.9273 0.3641 0.0873
vn 0.3907 0.6928 -0.6061
vn 0.4228 -0.8826 0.2053
vn 0.3126 0.0162 0.9497
vn 0.7910 0.2402 0.5628
vn 0.3384 0.0553 0.9394
vn 0.6001 -0.2183 0.7696
vn 0.3153 0.9090 0.2725
vn 0.3416 0.6030 -0.7209
vn 0.2818 0.8512 0.4427
vn -0.3273 -0.9188 0.2204
vn -0.4566 -0.0918 0.8849
vn -0.0540 0.7751 0.6296
vn 0.4008 -0.8869 -0.2296
vn 0.2961 -0.9542 -0.0420
vn -0.9682 -0.2104 -0.1354
vn -0.8631 0.4904 0.1210
vn -0.6697 -0.5233 -0.5269
vn 0.0469 -0.4692 -0.8818
vn 0.9134 -0.4070 -0.0043
vn -0.3336 -0.5578 0.7600
vn -0.5621 -0.1996 0.8026
vn -0.4216 0.4716 0.7745
vn 0.8206 -0.0278 0.5708
vn 0.5900 0.0477 0.8060
vn 0.7898 0.2967 0.5369
vn -0.1775 0.9011 0.3957
vn -0.4840 0.8727 0.0641
vn -0.2170 0.2426 0.9455
vn 0.4845 -0.8467 -0.2199
vn -0.7899 0.4671 0.3974
vn -0.8341 -0.0542 -0.5489
vn 0.4941 -0.6245 -0.6049
vn -0.1634 -0.8348 -0.5258
vn 0.3126 -0.9499 0.0061
vn 0.5943 0.0825 -0.8000
vn 0.1018 -0.0516 -0.9935
vn 0.8364 0.3119 0.4506
vn 0.2765 -0.9529 -0.1247
vn -0.4580 -0.0361 -0.8882
vn -0.7812 -0.4783 0.4012
vn 0.7288 0.2391 -0.6417
vn 0.5052 0.7573 0.4137
vn 0.9453 0.0301 0.3249
vn 0.0001 0.2103 -0.9776
vn 0.5844 0.6924 -0.4233
vn 0.7607 0.0018 -0.6491
vn 0.3615 -0.3759 0.8532
vn -0.2875 -0.2741 0.9177
vn -0.3581 0.7153 0.6001
vn -0.9240 0.2826 0.2576
vn -0.7033 0.1997 0.6823
vn -0.0076 0.1707 0.9853
vn -0.3516 -0.9024 0.2492
vn 0.9113 -0.0090 -0.4116
vn -0.3734 -0.0587 -0.9258
vn -0.7233 -0.6528 -0.2251
vn 0.4896 -0.1425 0.8602
vn -0.3014 -0.4451 0.8432
vn 0.7705 -0.1418 0.6215
vn -0.6343 -0.7673 0.0943
vn -0.1605 -0.1507 -0.9755
vn 0.8639 0.2376 -0.4441
vn 0.8345 -0.0241 -0.5505
vn -0.7225 -0.1419 0.6766
vn -0.4638 -0.4256 -0.7770
vn -0.5306 -0.0340 0.8469
vn -0.2119 -0.7441 0.6336
vn -0.4427 0.2261 0.8677
vn -0.5731 -0.7072 0.4139
vn -0.4400 0.5293 -0.7255
vn -0.6438 -0.7592 -0.0959
vn 0.6636 0.4316 -0.6110
vn 0.5128 -0.2904 -0.8079
vn 0.7265 0.3771 -0.5744
vn 0.9028 0.3430 -0.2594
vn 0.4298 0.1500 0.8904
vn 0.7466 -0.1684 0.6436
vn 0.6203 -0.2339 0.7487
vn 0.1983 -0.3945 0.8972
vn 0.1472 -0.6222 0.7689
vn 0.6844 0.5078 -0.5232
vn 0.9400 -0.3411 0.0131
vn -0.5615 -0.1638 0.8111
vn 0.0368 -0.9011 0.4321
vn -0.2947 -0.1941 0.9357
vn 0.5678 -0.5062 -0.6491
vn 0.7739 0.6322 -0.0382
vn -0.8894 0.3838 -0.2483
vn -0.0012 0.0995 -0.9950
vn 0.6722 -0.2093 0.7102
vn -0.8780 0.0401 -0.4771
vn -0.5842 0.1232 -0.8022
vn -0.9244 0.0408 -0.3792
vn 0.3609 0.4807 -0.7992
vn 0.7772 -0.3146 0.5449
vn -0.7936 0.5574 -0.2439
vn 0.7731 0.4149 -0.4798
vn 0.2997 -0.3418 0.8907
vn -0.9801 0.1172 0.1601
vn -0.1222 -0.9620 0.2443
vn -0.6439 0.7176 -0.2653
vn 0.2137 -0.9761 0.0391
vn 0.6703 0.6983 -0.2513
vn -0.6938 -0.6424 0.3255
vt 0.794391 0.752969
vt 0.825406 0.753127
vt 0.818449 0.773148
vt 0.102527 0.558681
vt 0.080609 0.549544
vt 0.100897 0.541373
vt 0.807512 0.739059
vt 0.788948 0.773524
vt 0.764902 0.752937
vt 0.081732 0.566113
vt 0.361067 0.597478
vt 0.342520 0.628122
vt 0.338464 0.598331
vt 0.952172 0.767903
vt 0.955343 0.750766
vt 0.959934 0.752669
vt 0.338644 0.592552
vt 0.359359 0.590961
vt 0.373608 0.605593
vt 0.372115 0.630095
vt 0.357789 0.628359
vt 0.376711 0.587365
vt 0.947771 0.102013
vt 0.947572 0.098511
vt 0.953849 0.099731
vt 0.944713 0.107735
vt 0.941666 0.099204
vt 0.943958 0.097036
vt 0.954894 0.103861
vt 0.952232 0.109734
vt 0.585475 0.116959
vt 0.599637 0.108091
vt 0.590422 0.118297
vt 0.591014 0.136355
vt 0.575042 0.139268
vt 0.564349 0.121441
vt 0.585862 0.104961
vt 0.066800 0.125492
vt 0.063554 0.115074
vt 0.068961 0.117998
vt 0.878159 0.642458
vt 0.869541 0.649533
vt 0.860101 0.637875
vt 0.893696 0.650614
vt 0.879141 0.656197
vt 0.878334 0.627460
vt 0.891289 0.634091
vt 0.649177 0.399876
vt 0.628004 0.398387
vt 0.651266 0.373587
vt 0.667591 0.376273
vt 0.663209 0.400504
vt 0.629747 0.407026
vt 0.660726 0.409752
vt 0.647888 0.408157
vt 0.598774 0.810236
vt 0.603459 0.828028
vt 0.581904 0.822060
vt 0.516415 0.357373
vt 0.518033 0.331051
vt 0.539029 0.348067
vt 0.502075 0.342799
vt 0.487427 0.356763
vt 0.500276 0.372866
vt 0.578170 0.810542
vt 0.592448 0.794637
vt 0.615288 0.875552
vt 0.620247 0.889388
vt 0.611805 0.885680
vt 0.608118 0.878791
vt 0.607260 0.876402
vt 0.298484 0.083266
vt 0.306878 0.085190
vt 0.295431 0.088957
vt 0.603617 0.872064
vt 0.287805 0.087041
vt 0.974359 0.724838
vt 0.975387 0.719484
vt 0.977289 0.719566
vt 0.977193 0.725282
vt 0.974479 0.728414
vt 0.972688 0.728087
vt 0.969116 0.725511
vt 0.408904 0.839486
vt 0.388124 0.830594
vt 0.410199 0.828654
vt 0.412068 0.857480
vt 0.398623 0.853161
vt 0.420950 0.843195
vt 0.475121 0.955465
vt 0.462746 0.952233
vt 0.462872 0.939467
vt 0.475663 0.934280
vt 0.123941 0.417576
vt 0.102958 0.412326
vt 0.117576 0.406976
vt 0.108867 0.423740
vt 0.063606 0.944053
vt 0.045466 0.939910
vt 0.065195 0.933575
vt 0.869025 0.753587
vt 0.870985 0.764704
vt 0.854868 0.755527
vt 0.766856 0.728443
vt 0.776009 0.710954
vt 0.778127 0.727563
vt 0.753012 0.730271
vt 0.763838 0.712588
vt 0.769162 0.744499
vt 0.758060 0.745962
vt 0.301863 0.377288
vt 0.286617 0.350185
vt 0.304502 0.354288
vt 0.301675 0.387417
vt 0.277537 0.371117
vt 0.976759 0.708613
vt 0.964566 0.711506
vt 0.969891 0.692057
vt 0.324074 0.357766
vt 0.315873 0.381233
vt 0.091450 0.372070
vt 0.086626 0.388331
vt 0.080076 0.375639
vt 0.089946 0.367976
vt 0.103077 0.368282
vt 0.096435 0.384796
vt 0.888482 0.039771
vt 0.881854 0.043220
vt 0.878110 0.035955
vt 0.899262 0.036598
vt 0.894648 0.047297
vt 0.896327 0.027329
vt 0.884273 0.759015
vt 0.885758 0.745542
vt 0.892400 0.752120
vt 0.873620 0.751327
vt 0.886755 0.044331
vt 0.226112 0.079675
vt 0.212649 0.079175
vt 0.211968 0.069438
vt 0.852897 0.016398
vt 0.856397 0.005764
vt 0.861480 0.020063
vt 0.842615 0.024670
vt 0.845647 0.003967
vt 0.852163 0.028103
vt 0.394461 0.368809
vt 0.401407 0.343565
vt 0.411513 0.370501
vt 0.408000 0.378214
vt 0.391819 0.374784
vt 0.382056 0.368435
vt 0.387802 0.343703
vt 0.655326 0.128095
vt 0.674408 0.130302
vt 0.651418 0.146075
vt 0.676393 0.114190
vt 0.651423 0.111800
vt 0.639388 0.121813
vt 0.632297 0.139125
vt 0.945274 0.092111
vt 0.948784 0.092855
vt 0.468385 0.458628
vt 0.444002 0.466717
vt 0.448098 0.447366
vt 0.477082 0.462133
vt 0.466379 0.475411
vt 0.475151 0.446295
vt 0.354185 0.310872
vt 0.365541 0.303808
vt 0.366708 0.314946
vt 0.347678 0.298002
vt 0.359397 0.293586
vt 0.339989 0.330235
vt 0.337608 0.313434
vt 0.634472 0.056319
vt 0.620178 0.061610
vt 0.620252 0.046666
vt 0.216474 0.984141
vt 0.228434 0.988445
vt 0.211321 0.991039
vt 0.206251 0.979183
vt 0.205916 0.976551
vt 0.211601 0.969307
vt 0.224869 0.973544
vt 0.101032 0.312282
vt 0.105491 0.291713
vt 0.115178 0.307133
vt 0.351756 0.488531
vt 0.343347 0.487025
vt 0.342217 0.473170
vt 0.090774 0.305570
vt 0.494798 0.027679
vt 0.503102 0.016249
vt 0.506753 0.027155
vt 0.088435 0.323104
vt 0.109118 0.323126
vt 0.202974 0.372712
vt 0.197114 0.389632
vt 0.193121 0.373261
vt 0.193150 0.358790
vt 0.207409 0.356381
vt 0.212647 0.392739
vt 0.216379 0.375302
vt 0.114650 0.014677
vt 0.095395 0.023015
vt 0.096483 0.014677
vt 0.135912 0.813197
vt 0.151780 0.815427
vt 0.135737 0.828441
vt 0.149230 0.796783
vt 0.095766 0.006892
vt 0.134559 0.799829
vt 0.113318 0.002737
vt 0.114297 0.028303
vt 0.289460 0.769714
vt 0.295237 0.768444
vt 0.298224 0.774312
vt 0.287699 0.775028
vt 0.980083 0.781840
vt 0.987238 0.780465
vt 0.988813 0.786916
vt 0.981120 0.785777
vt 0.277115 0.765862
vt 0.977036 0.771745
vt 0.949834 0.629786
vt 0.962763 0.626124
vt 0.967074 0.639393
vt 0.937140 0.621157
vt 0.946900 0.616898
vt 0.953653 0.642170
vt 0.938956 0.633441
vt 0.991548 0.335700
vt 0.974809 0.334190
vt 0.990842 0.325409
vt 0.920046 0.385778
vt 0.903220 0.385834
vt 0.899137 0.377351
vt 0.995709 0.324596
vt 0.995094 0.335689
vt 0.920840 0.391550
vt 0.909853 0.391210
vt 0.241698 0.686723
vt 0.243870 0.709362
vt 0.230940 0.700565
vt 0.242201 0.667978
vt 0.259577 0.657679
vt 0.231945 0.679979
vt 0.991098 0.730847
vt 0.986222 0.726479
vt 0.992145 0.727253
vt 0.250700 0.696940
vt 0.265934 0.676955
vt 0.832110 0.229373
vt 0.811900 0.243332
vt 0.812646 0.225270
vt 0.850421 0.220210
vt 0.844467 0.236536
vt 0.831967 0.215914
vt 0.837829 0.214364
vt 0.826767 0.245313
vt 0.816516 0.210494
vt 0.850370 0.057131
vt 0.849753 0.037274
vt 0.856367 0.042747
vt 0.844458 0.048822
vt 0.567724 0.949790
vt 0.587792 0.954445
vt 0.573099 0.958016
vt 0.585317 0.946827
vt 0.910989 0.146969
vt 0.911429 0.121787
vt 0.920254 0.154086
vt 0.903361 0.123280
vt 0.911255 0.158533
vt 0.897285 0.146873
vt 0.103890 0.838496
vt 0.091185 0.826172
vt 0.109248 0.824955
vt 0.112640 0.849131
vt 0.100678 0.846898
vt 0.139390 0.324710
vt 0.146179 0.331686
vt 0.135194 0.335896
vt 0.321521 0.870141
vt 0.335413 0.872791
vt 0.339271 0.889565
vt 0.009068 0.621157
vt 0.019583 0.606031
vt 0.007843 0.641562
vt 0.340116 0.855785
vt 0.332277 0.896431
vt 0.328517 0.846247
vt 0.105175 0.102637
vt 0.126205 0.099842
vt 0.121021 0.113006
vt 0.084289 0.104447
vt 0.089313 0.091105
vt 0.099689 0.117491
vt 0.110106 0.089752
vt 0.130869 0.485617
vt 0.121800 0.485199
vt 0.127179 0.472595
vt 0.136348 0.473416
vt 0.143174 0.494414
vt 0.134081 0.500103
vt 0.126668 0.501203
vt 0.693314 0.232190
vt 0.671905 0.259041
vt 0.672697 0.236616
vt 0.344303 0.252665
vt 0.357463 0.243784
vt 0.362378 0.258961
vt 0.230366 0.738519
vt 0.212427 0.733152
vt 0.223788 0.719866
vt 0.335243 0.269365
vt 0.330799 0.258382
vt 0.351599 0.266154
vt 0.222772 0.755729
vt 0.056809 0.516461
vt 0.072949 0.531315
vt 0.059059 0.533598
vt 0.051222 0.516669
vt 0.053070 0.499983
vt 0.072978 0.514425
vt 0.844150 0.735358
vt 0.847189 0.735527
vt 0.848550 0.738131
vt 0.845934 0.742535
vt 0.225910 0.230327
vt 0.227493 0.233570
vt 0.218967 0.234828
vt 0.840003 0.733019
vt 0.842736 0.730915
vt 0.841642 0.738664
vt 0.532307 0.436219
vt 0.542175 0.437591
vt 0.525154 0.449729
vt 0.521536 0.429121
vt 0.545662 0.422724
vt 0.508536 0.444409
vt 0.987234 0.387492
vt 0.983938 0.378144
vt 0.987990 0.377631
vt 0.988246 0.399190
vt 0.980513 0.386869
vt 0.992149 0.379862
vt 0.994259 0.386206
vt 0.725584 0.140483
vt 0.728292 0.165593
vt 0.715074 0.164405
vt 0.709935 0.136380
vt 0.722985 0.117355
vt 0.738541 0.143851
vt 0.741315 0.127619
vt 0.200353 0.240982
vt 0.195442 0.237479
vt 0.202409 0.236765
vt 0.203353 0.246513
vt 0.195344 0.243118
vt 0.208461 0.240371
vt 0.530036 0.059598
vt 0.530604 0.053465
vt 0.534600 0.058879
vt 0.531882 0.065359
vt 0.519031 0.073490
vt 0.524641 0.053371
vt 0.922938 0.281262
vt 0.934839 0.284107
vt 0.927768 0.291175
vt 0.910631 0.275313
vt 0.920404 0.267713
vt 0.912632 0.287437
vt 0.929292 0.275944
vt 0.673011 0.613595
vt 0.677981 0.637331
vt 0.660349 0.635789
vt 0.659589 0.613185
vt 0.688731 0.696469
vt 0.688260 0.725301
vt 0.679502 0.699828
vt 0.683243 0.614748
vt 0.700279 0.690927
vt 0.701073 0.720322
vt 0.541207 0.817077
vt 0.542994 0.832230
vt 0.537580 0.816663
vt 0.546351 0.831351
vt 0.533046 0.801923
vt 0.547305 0.808142
vt 0.558314 0.824252
vt 0.922398 0.123421
vt 0.902659 0.105570
vt 0.913307 0.104092
vt 0.327024 0.013569
vt 0.312481 0.040097
vt 0.314562 0.013569
vt 0.329113 0.030647
vt 0.790392 0.025340
vt 0.799420 0.022982
vt 0.798812 0.029927
vt 0.787697 0.034548
vt 0.792409 0.018384
vt 0.341915 0.020693
vt 0.295946 0.989986
vt 0.291814 0.986537
vt 0.300401 0.982964
vt 0.797754 0.971951
vt 0.793684 0.962818
vt 0.801323 0.965227
vt 0.787427 0.974212
vt 0.812084 0.978426
vt 0.795422 0.978627
vt 0.697455 0.899589
vt 0.684633 0.895884
vt 0.694960 0.881275
vt 0.691473 0.919384
vt 0.683238 0.909706
vt 0.709044 0.878806
vt 0.718313 0.891951
vt 0.572343 0.218992
vt 0.558296 0.220177
vt 0.562117 0.202798
vt 0.975924 0.772203
vt 0.974227 0.790818
vt 0.953311 0.775871
vt 0.227553 0.096568
vt 0.235479 0.114852
vt 0.208875 0.103469
vt 0.956753 0.189852
vt 0.988984 0.189852
vt 0.958687 0.196194
vt 0.951878 0.337262
vt 0.945697 0.372319
vt 0.914824 0.345046
vt 0.992413 0.054671
vt 0.997691 0.052750
vt 0.997768 0.077999
vt 0.496849 0.102280
vt 0.472601 0.084284
vt 0.481121 0.078907
vt 0.932111 0.317335
vt 0.912360 0.436879
vt 0.920056 0.447301
vt 0.900483 0.439799
vt 0.572268 0.427320
vt 0.581817 0.421944
vt 0.592391 0.438727
vt 0.578769 0.448074
vt 0.567009 0.423000
vt 0.576471 0.417557
vt 0.563690 0.430912
vt 0.704909 0.209780
vt 0.692300 0.224937
vt 0.694707 0.207981
vt 0.701954 0.222537
vt 0.719711 0.212217
vt 0.710467 0.194872
vt 0.238258 0.506381
vt 0.230597 0.512402
vt 0.235785 0.487156
vt 0.595407 0.973637
vt 0.597324 0.962456
vt 0.605759 0.974053
vt 0.586677 0.972266
vt 0.589867 0.963635
vt 0.828071 0.021963
vt 0.831239 0.011814
vt 0.837000 0.023575
vt 0.584767 0.977687
vt 0.832646 0.029122
vt 0.605669 0.980889
vt 0.828378 0.031277
vt 0.303341 0.884577
vt 0.300736 0.892874
vt 0.294931 0.888338
vt 0.307375 0.887689
vt 0.161339 0.252122
vt 0.166950 0.255343
vt 0.160537 0.256577
vt 0.157218 0.253306
vt 0.164885 0.250563
vt 0.154771 0.246784
vt 0.090852 0.173874
vt 0.075428 0.194950
vt 0.081435 0.174478
vt 0.100112 0.187033
vt 0.106911 0.163047
vt 0.095191 0.151250
vt 0.103575 0.156541
vt 0.689878 0.051839
vt 0.692146 0.033577
vt 0.703152 0.041468
vt 0.690875 0.068513
vt 0.686103 0.051057
vt 0.705508 0.065662
vt 0.688356 0.032619
vt 0.025591 0.834489
vt 0.016399 0.836474
vt 0.016598 0.832079
vt 0.033316 0.833930
vt 0.034894 0.836589
vt 0.828189 0.779921
vt 0.825630 0.767555
vt 0.834836 0.772535
vt 0.824209 0.780114
vt 0.822662 0.769048
vt 0.835740 0.788063
vt 0.827757 0.792182
vt 0.904522 0.667816
vt 0.907431 0.640049
vt 0.922383 0.657909
vt 0.896524 0.646871
vt 0.901453 0.669917
vt 0.892104 0.658770
vt 0.915531 0.685029
vt 0.912427 0.686916
vt 0.855262 0.117496
vt 0.878817 0.117882
vt 0.882385 0.137768
vt 0.287204 0.647870
vt 0.291979 0.665076
vt 0.268188 0.656842
vt 0.890901 0.096942
vt 0.293449 0.621744
vt 0.300888 0.639419
vt 0.854035 0.093943
vt 0.501776 0.235026
vt 0.489653 0.229611
vt 0.509797 0.213557
vt 0.968909 0.568650
vt 0.976607 0.582630
vt 0.962173 0.572245
vt 0.559695 0.378782
vt 0.565529 0.367257
vt 0.571212 0.372026
vt 0.957851 0.562121
vt 0.963475 0.558649
vt 0.168106 0.969925
vt 0.168106 0.958241
vt 0.175046 0.968273
vt 0.975193 0.620952
vt 0.957401 0.612799
vt 0.968109 0.608455
vt 0.035575 0.044381
vt 0.025698 0.048186
vt 0.028613 0.036064
vt 0.627159 0.688516
vt 0.627020 0.676792
vt 0.652237 0.690216
vt 0.609347 0.685732
vt 0.078981 0.672087
vt 0.084595 0.656485
vt 0.096414 0.662528
vt 0.089648 0.678462
vt 0.072450 0.683715
vt 0.127396 0.235569
vt 0.153919 0.247596
vt 0.127638 0.250998
vt 0.776258 0.042859
vt 0.797023 0.032278
vt 0.789302 0.056333
vt 0.109681 0.245045
vt 0.345718 0.969650
vt 0.339428 0.989006
vt 0.330251 0.985124
vt 0.110135 0.230302
vt 0.922389 0.024632
vt 0.907069 0.024632
vt 0.914839 0.004309
vt 0.835437 0.479775
vt 0.859960 0.479414
vt 0.855684 0.503670
vt 0.490430 0.784780
vt 0.494008 0.799368
vt 0.480773 0.798114
vt 0.386526 0.905436
vt 0.369268 0.929189
vt 0.368513 0.905787
vt 0.471032 0.789289
vt 0.831905 0.501928
vt 0.364656 0.835946
vt 0.358750 0.824618
vt 0.371639 0.818263
vt 0.809621 0.478792
vt 0.985210 0.969935
vt 0.981383 0.958570
vt 0.988601 0.967977
vt 0.956210 0.443025
vt 0.958538 0.438701
vt 0.969554 0.445061
vt 0.990095 0.968768
vt 0.987723 0.972821
vt 0.952479 0.440873
vt 0.322598 0.654615
vt 0.319102 0.629525
vt 0.349268 0.654879
vt 0.969930 0.353951
vt 0.963438 0.348621
vt 0.969369 0.344468
vt 0.975682 0.348666
vt 0.975510 0.358670
vt 0.965243 0.357841
vt 0.969918 0.362979
vt 0.784728 0.609746
vt 0.796848 0.628233
vt 0.779129 0.628309
vt 0.170587 0.330450
vt 0.182800 0.325258
vt 0.181452 0.341723
vt 0.773782 0.610397
vt 0.789052 0.744361
vt 0.800276 0.727587
vt 0.801193 0.608968
vt 0.779699 0.743652
vt 0.236028 0.636300
vt 0.218098 0.625487
vt 0.228210 0.624569
vt 0.238922 0.628002
vt 0.234227 0.660319
vt 0.212479 0.649507
vt 0.251487 0.643724
vt 0.777554 0.858323
vt 0.778192 0.851138
vt 0.796577 0.862500
vt 0.762948 0.854471
vt 0.771017 0.868181
vt 0.078747 0.057796
vt 0.065354 0.044533
vt 0.087296 0.049053
vt 0.086211 0.055337
vt 0.849838 0.702857
vt 0.846963 0.710942
vt 0.847234 0.704630
vt 0.848154 0.697149
vt 0.852002 0.698864
vt 0.170792 0.236906
vt 0.175826 0.239974
vt 0.174082 0.246717
vt 0.865484 0.703715
vt 0.852289 0.711357
vt 0.862189 0.695888
vt 0.952382 0.233413
vt 0.958882 0.222400
vt 0.965912 0.233240
vt 0.967117 0.980713
vt 0.971150 0.981110
vt 0.969980 0.995286
vt 0.906230 0.558042
vt 0.918932 0.559137
vt 0.897000 0.568771
vt 0.947496 0.216555
vt 0.893601 0.567854
vt 0.902300 0.556234
vt 0.184041 0.839549
vt 0.198282 0.826806
vt 0.195888 0.840162
vt 0.173151 0.838489
vt 0.187006 0.823615
vt 0.175929 0.859164
vt 0.165734 0.858200
vt 0.990997 0.682630
vt 0.982567 0.685247
vt 0.982791 0.681200
vt 0.999849 0.673125
vt 0.995506 0.684497
vt 0.991470 0.671950
vt 0.640460 0.513417
vt 0.650008 0.518930
vt 0.637152 0.524213
vt 0.618199 0.510515
vt 0.646781 0.496858
vt 0.620385 0.502324
vt 0.528535 0.947718
vt 0.553908 0.939366
vt 0.548780 0.957965
vt 0.522708 0.944196
vt 0.524722 0.938668
vt 0.515769 0.959464
vt 0.517757 0.947867
vt 0.094135 0.031889
vt 0.235985 0.720696
vt 0.237083 0.730373
vt 0.230531 0.729973
vt 0.241404 0.723794
vt 0.234837 0.711875
vt 0.238503 0.712862
vt 0.229602 0.714080
vt 0.863424 0.047501
vt 0.859598 0.042907
vt 0.871622 0.044386
vt 0.869314 0.053754
vt 0.863159 0.054647
vt 0.857004 0.047405
vt 0.857617 0.052394
vt 0.416804 0.938341
vt 0.420557 0.926900
vt 0.421170 0.938275
vt 0.421125 0.950728
vt 0.415956 0.951613
vt 0.406351 0.938199
vt 0.416246 0.926837
vt 0.405831 0.950991
vt 0.348485 0.114905
vt 0.357289 0.101853
vt 0.363950 0.123308
vt 0.338015 0.127933
vt 0.894419 0.365244
vt 0.917059 0.382407
vt 0.336829 0.104075
vt 0.030261 0.954009
vt 0.011868 0.979325
vt 0.006949 0.955218
vt 0.629292 0.740386
vt 0.649404 0.732168
vt 0.652824 0.757276
vt 0.609128 0.741797
vt 0.612152 0.714373
vt 0.628645 0.714335
vt 0.630368 0.761965
vt 0.938242 0.111823
vt 0.935610 0.102025
vt 0.948088 0.116054
vt 0.048988 0.112316
vt 0.051797 0.126287
vt 0.041070 0.125525
vt 0.055092 0.184994
vt 0.066804 0.182057
vt 0.062422 0.207064
vt 0.037974 0.115631
vt 0.057306 0.170506
vt 0.039864 0.181005
vt 0.038655 0.166960
vt 0.834003 0.098065
vt 0.843244 0.091131
vt 0.848040 0.105011
vt 0.826159 0.099716
vt 0.827405 0.090844
vt 0.832934 0.109646
vt 0.835573 0.086497
vt 0.208761 0.929387
vt 0.208761 0.954967
vt 0.190738 0.929992
vt 0.190104 0.905461
vt 0.209097 0.904536
vt 0.228088 0.929660
vt 0.226894 0.954820
vt 0.019155 0.075057
vt 0.038408 0.065140
vt 0.027932 0.081187
vt 0.015081 0.081338
vt 0.015793 0.063670
vt 0.028033 0.083139
vt 0.300888 0.337975
vt 0.331152 0.337513
vt 0.523047 0.959749
vt 0.542586 0.959749
vt 0.525330 0.989605
vt 0.754677 0.795292
vt 0.748715 0.794387
vt 0.759575 0.772379
vt 0.740081 0.814813
vt 0.784131 0.816875
vt 0.751557 0.814706
vt 0.785522 0.795990
vt 0.314915 0.169629
vt 0.297052 0.171119
vt 0.304823 0.155216
vt 0.488610 0.039881
vt 0.472925 0.036997
vt 0.476372 0.020780
vt 0.141118 0.323800
vt 0.124288 0.323041
vt 0.133922 0.303238
vt 0.493340 0.023242
vt 0.881124 0.067237
vt 0.899515 0.080504
vt 0.880976 0.084669
vt 0.853122 0.066366
vt 0.224188 0.051982
vt 0.232486 0.052120
vt 0.227839 0.061274
vt 0.891391 0.569005
vt 0.883356 0.564241
vt 0.889128 0.541300
vt 0.214729 0.025753
vt 0.225308 0.022625
vt 0.886270 0.579658
vt 0.232434 0.025473
vt 0.990018 0.290293
vt 0.995364 0.288238
vt 0.992388 0.294573
vt 0.993468 0.625641
vt 0.995699 0.628406
vt 0.990350 0.632286
vt 0.986937 0.626685
vt 0.982794 0.286714
vt 0.987356 0.282652
vt 0.994902 0.281436
vt 0.984045 0.291537
vt 0.037143 0.949796
vt 0.040469 0.951433
vt 0.026534 0.961583
vt 0.615323 0.014471
vt 0.603993 0.029254
vt 0.604894 0.011504
vt 0.614955 0.032376
vt 0.620977 0.007015
vt 0.046431 0.941124
vt 0.050002 0.942964
vt 0.844792 0.726641
vt 0.847808 0.731078
vt 0.850425 0.738186
vt 0.059788 0.068463
vt 0.034923 0.048669
vt 0.062152 0.088280
vt 0.043785 0.083462
vt 0.064485 0.053862
vt 0.082925 0.070777
vt 0.083113 0.082477
vt 0.063664 0.955067
vt 0.084221 0.955821
vt 0.084221 0.975010
vt 0.066322 0.935399
vt 0.054253 0.309438
vt 0.075742 0.304121
vt 0.072729 0.319926
vt 0.069291 0.327760
vt 0.050263 0.319163
vt 0.037304 0.307446
vt 0.385843 0.244403
vt 0.370678 0.222744
vt 0.404044 0.227527
vt 0.753783 0.546833
vt 0.753433 0.558204
vt 0.740285 0.554982
vt 0.782067 0.533489
vt 0.774084 0.558258
vt 0.760556 0.526806
vt 0.733297 0.545175
vt 0.538690 0.260256
vt 0.562066 0.284819
vt 0.532180 0.285948
vt 0.483083 0.390617
vt 0.470720 0.371419
vt 0.507680 0.274646
vt 0.517309 0.252323
vt 0.563061 0.258728
vt 0.463380 0.398052
vt 0.315349 0.097236
vt 0.336980 0.093854
vt 0.333053 0.104261
vt 0.321293 0.086942
vt 0.305046 0.044944
vt 0.477816 0.938649
vt 0.489922 0.941971
vt 0.473336 0.983334
vt 0.291640 0.054913
vt 0.873095 0.213870
vt 0.849743 0.197383
vt 0.866965 0.199252
vt 0.891780 0.202727
vt 0.891537 0.217347
vt 0.881648 0.236572
vt 0.878207 0.199191
vt 0.095822 0.847849
vt 0.063058 0.847465
vt 0.081289 0.826442
vt 0.511269 0.899819
vt 0.504992 0.902546
vt 0.507573 0.895731
vt 0.511992 0.909661
vt 0.524454 0.889777
vt 0.525128 0.898850
vt 0.295675 0.028685
vt 0.302002 0.021432
vt 0.954234 0.255213
vt 0.970442 0.267996
vt 0.961950 0.275122
vt 0.292252 0.038218
vt 0.975849 0.249874
vt 0.974801 0.259385
vt 0.950873 0.275836
vt 0.950563 0.235884
vt 0.973013 0.234758
vt 0.386338 0.773228
vt 0.399775 0.780232
vt 0.381929 0.791111
vt 0.511548 0.503688
vt 0.509771 0.520061
vt 0.493932 0.502389
vt 0.367379 0.783066
vt 0.372986 0.761288
vt 0.496110 0.487281
vt 0.513517 0.491145
vt 0.652848 0.237513
vt 0.626900 0.257693
vt 0.627295 0.231376
vt 0.650951 0.263632
vt 0.651186 0.216793
vt 0.335242 0.954023
vt 0.330397 0.982831
vt 0.321005 0.973619
vt 0.348936 0.964890
vt 0.364938 0.657579
vt 0.352500 0.933448
vt 0.322760 0.947352
vt 0.234786 0.237456
vt 0.219180 0.239877
vt 0.234430 0.242783
vt 0.220239 0.247007
vt 0.236311 0.229492
vt 0.353921 0.982395
vt 0.348906 0.966959
vt 0.360655 0.976266
vt 0.243486 0.230458
vt 0.248848 0.236569
vt 0.126119 0.545450
vt 0.137478 0.548743
vt 0.134587 0.560641
vt 0.277030 0.076174
vt 0.273322 0.055415
vt 0.287451 0.073230
vt 0.123619 0.555299
vt 0.113301 0.551293
vt 0.115353 0.534957
vt 0.266867 0.070895
vt 0.318089 0.896600
vt 0.322794 0.906296
vt 0.315644 0.907355
vt 0.313957 0.898387
vt 0.315166 0.890801
vt 0.155093 0.263630
vt 0.156233 0.258206
vt 0.159920 0.258321
vt 0.323245 0.898235
vt 0.323575 0.892696
vt 0.161340 0.263013
vt 0.613875 0.411597
vt 0.630941 0.430656
vt 0.611189 0.435405
vt 0.593128 0.410535
vt 0.608405 0.402870
vt 0.597075 0.416499
vt 0.020226 0.339054
vt 0.024223 0.346401
vt 0.020289 0.352977
vt 0.017588 0.331508
vt 0.020225 0.329948
vt 0.013846 0.352051
vt 0.013717 0.339359
vt 0.989079 0.647539
vt 0.984981 0.648125
vt 0.988327 0.639258
vt 0.982390 0.656739
vt 0.050592 0.774081
vt 0.048504 0.779160
vt 0.043312 0.780976
vt 0.039437 0.772997
vt 0.043752 0.761391
vt 0.059323 0.774744
vt 0.414562 0.615991
vt 0.399289 0.605297
vt 0.418271 0.601637
vt 0.054587 0.761089
vt 0.421787 0.603685
vt 0.162583 0.734782
vt 0.146029 0.708699
vt 0.169920 0.723008
vt 0.165760 0.735913
vt 0.160819 0.750261
vt 0.157552 0.750712
vt 0.135848 0.731508
vt 0.388972 0.011139
vt 0.378596 0.010413
vt 0.387555 0.005025
vt 0.392719 0.007026
vt 0.390007 0.017641
vt 0.385661 0.016967
vt 0.834662 0.652449
vt 0.820221 0.641875
vt 0.858848 0.634049
vt 0.842057 0.680521
vt 0.807382 0.670549
vt 0.858543 0.657493
vt 0.292991 0.800322
vt 0.256150 0.804933
vt 0.272227 0.796941
vt 0.131635 0.143334
vt 0.141742 0.152413
vt 0.128891 0.167060
vt 0.300758 0.815428
vt 0.313505 0.807291
vt 0.156394 0.133523
vt 0.204160 0.271972
vt 0.229896 0.279865
vt 0.207876 0.288066
vt 0.223717 0.261495
vt 0.118449 0.514550
vt 0.120871 0.530650
vt 0.099006 0.523953
vt 0.058642 0.413595
vt 0.071103 0.409677
vt 0.061212 0.426920
vt 0.064146 0.395701
vt 0.097891 0.508104
vt 0.991255 0.797665
vt 0.985176 0.808527
vt 0.983799 0.797346
vt 0.998207 0.795041
vt 0.028982 0.587488
vt 0.017130 0.590594
vt 0.021343 0.571774
vt 0.030993 0.570654
vt 0.043539 0.572113
vt 0.184170 0.031054
vt 0.195935 0.019360
vt 0.200954 0.030124
vt 0.089141 0.992224
vt 0.082588 0.981083
vt 0.091353 0.974945
vt 0.095411 0.985775
vt 0.079160 0.996885
vt 0.104075 0.996711
vt 0.184596 0.042764
vt 0.956849 0.472577
vt 0.952731 0.470110
vt 0.954583 0.468475
vt 0.967990 0.486256
vt 0.955251 0.486601
vt 0.969157 0.463513
vt 0.970581 0.467813
vt 0.953493 0.472652
vt 0.299207 0.908917
vt 0.294684 0.912237
vt 0.292535 0.904633
vt 0.299637 0.900837
vt 0.304840 0.903112
vt 0.297088 0.918488
vt 0.300540 0.915441
vt 0.661415 0.830374
vt 0.685214 0.827095
vt 0.682944 0.845566
vt 0.635769 0.833639
vt 0.644062 0.816442
vt 0.668402 0.815302
vt 0.655781 0.845454
vt 0.502630 0.320102
vt 0.517431 0.312825
vt 0.507124 0.326972
vt 0.494771 0.335088
vt 0.489181 0.329560
vt 0.495055 0.314219
vt 0.507778 0.307298
vt 0.018353 0.155722
vt 0.020778 0.148119
vt 0.043320 0.158888
vt 0.892949 0.908883
vt 0.899392 0.922432
vt 0.891141 0.925436
vt 0.903920 0.910006
vt 0.013613 0.162972
vt 0.007950 0.146703
vt 0.489459 0.881644
vt 0.494434 0.874018
vt 0.497588 0.882355
vt 0.818625 0.093326
vt 0.814692 0.101959
vt 0.487211 0.872612
vt 0.479810 0.878970
vt 0.809534 0.090632
vt 0.192321 0.535917
vt 0.210909 0.520729
vt 0.199773 0.542106
vt 0.451913 0.305420
vt 0.473369 0.300217
vt 0.448410 0.327491
vt 0.275709 0.903903
vt 0.266731 0.930047
vt 0.252665 0.906160
vt 0.477095 0.290758
vt 0.194505 0.514394
vt 0.456424 0.292012
vt 0.179934 0.699823
vt 0.176810 0.711706
vt 0.134397 0.691943
vt 0.169275 0.684982
vt 0.979448 0.581060
vt 0.990395 0.587380
vt 0.974935 0.593816
vt 0.958433 0.150916
vt 0.962941 0.161634
vt 0.946881 0.160483
vt 0.961409 0.149125
vt 0.950543 0.147210
vt 0.960642 0.146672
vt 0.047170 0.288789
vt 0.057477 0.273517
vt 0.071568 0.285341
vt 0.039231 0.268250
vt 0.825529 0.431996
vt 0.834913 0.426134
vt 0.826820 0.449114
vt 0.816539 0.446637
vt 0.801176 0.407832
vt 0.826989 0.402856
vt 0.423651 0.826118
vt 0.434723 0.823429
vt 0.426227 0.829386
vt 0.740352 0.424329
vt 0.750146 0.439354
vt 0.728694 0.427917
vt 0.420204 0.835147
vt 0.748131 0.429778
vt 0.434767 0.820234
vt 0.732733 0.414642
vt 0.082423 0.406205
vt 0.100979 0.399531
vt 0.075853 0.391589
vt 0.085996 0.419141
vt 0.074779 0.423489
vt 0.055096 0.561726
vt 0.041334 0.544808
vt 0.051385 0.536100
vt 0.561779 0.912892
vt 0.539839 0.906255
vt 0.561841 0.903163
vt 0.573323 0.910638
vt 0.534998 0.918155
vt 0.057288 0.572746
vt 0.928208 0.090977
vt 0.924372 0.094581
vt 0.924269 0.090580
vt 0.928284 0.085292
vt 0.939028 0.087179
vt 0.936861 0.093119
vt 0.931646 0.108442
vt 0.886297 0.399715
vt 0.901370 0.386969
vt 0.897644 0.407308
vt 0.882390 0.416010
vt 0.865815 0.413279
vt 0.878351 0.393033
vt 0.904662 0.392687
vt 0.647523 0.019323
vt 0.639585 0.021873
vt 0.639029 0.011652
vt 0.652965 0.014293
vt 0.661003 0.027090
vt 0.647981 0.032823
vt 0.645085 0.009352
vt 0.693253 0.809189
vt 0.681771 0.800389
vt 0.696531 0.804497
vt 0.684204 0.814859
vt 0.698045 0.818827
vt 0.152613 0.650914
vt 0.146167 0.657569
vt 0.138187 0.650749
vt 0.706604 0.810626
vt 0.564764 0.876677
vt 0.549744 0.882585
vt 0.558486 0.866393
vt 0.712654 0.242260
vt 0.697966 0.243232
vt 0.713024 0.229043
vt 0.562835 0.863713
vt 0.574223 0.862267
vt 0.722112 0.249521
vt 0.863785 0.288242
vt 0.881007 0.272793
vt 0.879322 0.285335
vt 0.137003 0.602958
vt 0.126874 0.599664
vt 0.138732 0.588632
vt 0.123564 0.611601
vt 0.872218 0.303781
vt 0.861736 0.306594
vt 0.862793 0.273562
vt 0.123427 0.616667
vt 0.058638 0.030068
vt 0.079020 0.031995
vt 0.077067 0.043067
vt 0.063841 0.010345
vt 0.044108 0.012021
vt 0.057091 0.044136
vt 0.038451 0.029692
vt 0.291808 0.975631
vt 0.296960 0.963441
vt 0.298004 0.973500
vt 0.290298 0.966517
vt 0.279499 0.976343
vt 0.848766 0.716446
vt 0.843358 0.714795
vt 0.182987 0.236619
vt 0.184602 0.243315
vt 0.180025 0.244863
vt 0.189174 0.236984
vt 0.026811 0.803338
vt 0.027713 0.818924
vt 0.020864 0.815644
vt 0.018164 0.801802
vt 0.031423 0.794262
vt 0.010607 0.817473
vt 0.033135 0.805710
vt 0.748790 0.114144
vt 0.732631 0.109814
vt 0.750667 0.103153
vt 0.745960 0.123846
vt 0.154661 0.879013
vt 0.156943 0.855576
vt 0.166851 0.881508
vt 0.142777 0.872140
vt 0.785893 0.572630
vt 0.769146 0.571307
vt 0.404274 0.887341
vt 0.385670 0.870902
vt 0.401676 0.872568
vt 0.421631 0.871537
vt 0.402429 0.905196
vt 0.390909 0.887846
vt 0.773631 0.587833
vt 0.415246 0.899443
vt 0.478300 0.285483
vt 0.459009 0.278221
vt 0.480708 0.279363
vt 0.455872 0.284993
vt 0.503663 0.287551
vt 0.502970 0.294154
vt 0.605357 0.940219
vt 0.596934 0.951423
vt 0.592214 0.939768
vt 0.608134 0.944287
vt 0.643528 0.945777
vt 0.620454 0.934256
vt 0.633850 0.928766
vt 0.877350 0.026303
vt 0.859915 0.032057
vt 0.873278 0.018855
vt 0.655771 0.936058
vt 0.885637 0.015813
vt 0.201061 0.169893
vt 0.218889 0.152130
vt 0.219666 0.177215
vt 0.844984 0.584185
vt 0.858882 0.596466
vt 0.834720 0.596900
vt 0.201459 0.151149
vt 0.204180 0.196299
vt 0.856954 0.571193
vt 0.870758 0.582766
vt 0.086194 0.217514
vt 0.071576 0.233354
vt 0.084343 0.208263
vt 0.105221 0.205947
vt 0.118605 0.213271
vt 0.094027 0.225364
vt 0.875135 0.821519
vt 0.882789 0.827942
vt 0.851738 0.845097
vt 0.106850 0.193293
vt 0.091728 0.256489
vt 0.091316 0.241588
vt 0.108131 0.257424
vt 0.109524 0.268405
vt 0.091029 0.267172
vt 0.071575 0.255432
vt 0.502403 0.460523
vt 0.498162 0.472032
vt 0.518783 0.466467
vt 0.481733 0.450063
vt 0.982236 0.375229
vt 0.699039 0.573911
vt 0.726140 0.594050
vt 0.697166 0.595317
vt 0.668584 0.565005
vt 0.704395 0.549496
vt 0.730182 0.561315
vt 0.666622 0.595872
vt 0.228790 0.022583
vt 0.210446 0.009836
vt 0.219924 0.006587
vt 0.229864 0.000157
vt 0.287150 0.734320
vt 0.308219 0.728799
vt 0.298201 0.750600
vt 0.180919 0.002377
vt 0.182688 0.018579
vt 0.163604 0.016910
vt 0.265123 0.742934
vt 0.274948 0.720308
vt 0.299186 0.710257
vt 0.162670 0.001607
vt 0.937797 0.763935
vt 0.916763 0.768790
vt 0.917294 0.747964
vt 0.934445 0.783625
vt 0.921662 0.782234
vt 0.044007 0.725069
vt 0.047428 0.719388
vt 0.050383 0.728169
vt 0.030319 0.717269
vt 0.045517 0.733165
vt 0.036979 0.729551
vt 0.994589 0.866568
vt 0.980743 0.872038
vt 0.973825 0.850748
vt 0.997822 0.887626
vt 0.946326 0.663550
vt 0.928327 0.646003
vt 0.941662 0.645756
vt 0.958627 0.658735
vt 0.952648 0.487051
vt 0.945078 0.489497
vt 0.957663 0.490195
vt 0.290036 0.923561
vt 0.288415 0.914543
vt 0.280877 0.924516
vt 0.287201 0.930318
vt 0.298220 0.929455
vt 0.302731 0.924683
vt 0.026646 0.486988
vt 0.042405 0.482057
vt 0.046667 0.496035
vt 0.627567 0.847399
vt 0.009407 0.487333
vt 0.024736 0.470865
vt 0.614920 0.826041
vt 0.006239 0.496577
vt 0.536090 0.869739
vt 0.520796 0.881324
vt 0.554012 0.856267
vt 0.524540 0.855132
vt 0.404889 0.762214
vt 0.402463 0.736017
vt 0.408356 0.737544
vt 0.500682 0.712356
vt 0.498020 0.687617
vt 0.506517 0.712888
vt 0.399117 0.761944
vt 0.433737 0.764016
vt 0.470418 0.713225
vt 0.976427 0.732508
vt 0.971764 0.731422
vt 0.273322 0.652897
vt 0.266140 0.641595
vt 0.279679 0.649516
vt 0.978168 0.730600
vt 0.980478 0.733134
vt 0.270549 0.541087
vt 0.254576 0.542183
vt 0.249728 0.488419
vt 0.288250 0.558730
vt 0.270589 0.558277
vt 0.463526 0.209226
vt 0.450702 0.189392
vt 0.473118 0.182814
vt 0.785877 0.480697
vt 0.981620 0.540505
vt 0.974445 0.543043
vt 0.976889 0.533808
vt 0.989850 0.535193
vt 0.989769 0.543709
vt 0.981978 0.548923
vt 0.978532 0.530968
vt 0.983761 0.531484
vt 0.227388 0.393041
vt 0.237507 0.376698
vt 0.232228 0.394061
vt 0.230243 0.375499
vt 0.234469 0.405236
vt 0.227251 0.407350
vt 0.218767 0.392906
vt 0.221306 0.375336
vt 0.191410 0.766642
vt 0.182654 0.759446
vt 0.186284 0.750342
vt 0.209117 0.774285
vt 0.186482 0.787592
vt 0.175165 0.784113
vt 0.175167 0.770359
vt 0.202304 0.754684
vt 0.192674 0.747121
vt 0.449019 0.967738
vt 0.448368 0.961225
vt 0.453573 0.961225
vt 0.453498 0.968188
vt 0.452961 0.971592
vt 0.449230 0.973262
vt 0.375474 0.025937
vt 0.368316 0.017307
vt 0.880923 0.047318
vt 0.885435 0.046158
vt 0.877430 0.044538
vt 0.874803 0.048921
vt 0.876166 0.054378
vt 0.889469 0.050586
vt 0.883072 0.052845
vt 0.661124 0.949387
vt 0.660732 0.943404
vt 0.667277 0.945457
vt 0.666153 0.969648
vt 0.649245 0.955027
vt 0.646241 0.945432
vt 0.673313 0.963508
vt 0.676334 0.891507
vt 0.675750 0.873800
vt 0.683152 0.886931
vt 0.679022 0.897095
vt 0.672800 0.899828
vt 0.668824 0.893303
vt 0.664499 0.877743
vt 0.669998 0.875939
vt 0.902509 0.553757
vt 0.912355 0.536913
vt 0.920692 0.543195
vt 0.648858 0.074549
vt 0.624744 0.086130
vt 0.623541 0.081248
vt 0.669854 0.078106
vt 0.650218 0.084695
vt 0.645016 0.067219
vt 0.896365 0.548731
vt 0.964198 0.088727
vt 0.976395 0.083363
vt 0.971441 0.095566
vt 0.970255 0.078097
vt 0.954610 0.081029
vt 0.359192 0.808798
vt 0.376626 0.806338
vt 0.346540 0.820304
vt 0.350367 0.803368
vt 0.362899 0.796497
vt 0.817452 0.972257
vt 0.803841 0.961370
vt 0.823061 0.970630
vt 0.357728 0.564268
vt 0.373585 0.561763
vt 0.340537 0.566408
vt 0.353488 0.539130
vt 0.367095 0.535180
vt 0.474581 0.859931
vt 0.478276 0.854605
vt 0.487181 0.861479
vt 0.470922 0.851803
vt 0.471148 0.872292
vt 0.460254 0.856062
vt 0.483352 0.865908
vt 0.893939 0.259034
vt 0.868719 0.256077
vt 0.884933 0.256230
vt 0.660909 0.172597
vt 0.671866 0.166771
vt 0.669558 0.185403
vt 0.656028 0.162864
vt 0.666935 0.161862
vt 0.655760 0.189282
vt 0.646220 0.179661
vt 0.292855 0.954022
vt 0.289006 0.958718
vt 0.283138 0.955602
vt 0.282613 0.947007
vt 0.291285 0.944381
vt 0.301443 0.947699
vt 0.304322 0.955875
vt 0.195483 0.106273
vt 0.190133 0.094375
vt 0.205422 0.098307
vt 0.007485 0.877803
vt 0.019188 0.869041
vt 0.019318 0.879889
vt 0.883430 0.711821
vt 0.885000 0.726260
vt 0.873875 0.713664
vt 0.879618 0.700864
vt 0.006387 0.868447
vt 0.922566 0.589601
vt 0.932914 0.580021
vt 0.931749 0.588353
vt 0.907662 0.598425
vt 0.908995 0.590264
vt 0.921939 0.602412
vt 0.910871 0.588958
vt 0.919127 0.576999
vt 0.528381 0.092474
vt 0.517356 0.091691
vt 0.517779 0.085947
vt 0.528097 0.080206
vt 0.539616 0.088480
vt 0.536988 0.098829
vt 0.525508 0.101719
vt 0.517184 0.095179
vt 0.170960 0.661158
vt 0.150971 0.660562
vt 0.158450 0.651482
vt 0.678875 0.406355
vt 0.693989 0.413939
vt 0.676958 0.414445
vt 0.705510 0.402432
vt 0.687877 0.382877
vt 0.460538 0.317739
vt 0.475567 0.306796
vt 0.470883 0.332582
vt 0.445834 0.332073
vt 0.701235 0.535879
vt 0.677667 0.523717
vt 0.708051 0.518464
vt 0.724946 0.541632
vt 0.878822 0.543258
vt 0.882241 0.527583
vt 0.863818 0.542776
vt 0.863648 0.525388
vt 0.874000 0.564417
vt 0.821773 0.151283
vt 0.818878 0.167700
vt 0.806786 0.148722
vt 0.830710 0.167919
vt 0.838137 0.141669
vt 0.834010 0.154709
vt 0.221517 0.592206
vt 0.209966 0.602606
vt 0.209836 0.579447
vt 0.220284 0.572843
vt 0.221929 0.764400
vt 0.239777 0.749250
vt 0.230531 0.770841
vt 0.076924 0.715225
vt 0.100209 0.708826
vt 0.068747 0.724375
vt 0.232651 0.745110
vt 0.059267 0.714893
vt 0.209460 0.786155
vt 0.203966 0.045249
vt 0.217779 0.037396
vt 0.216509 0.045995
vt 0.201095 0.056112
vt 0.191189 0.045494
vt 0.927132 0.620459
vt 0.929024 0.633705
vt 0.932842 0.609991
vt 0.214046 0.056266
vt 0.459322 0.764189
vt 0.462195 0.743610
vt 0.483105 0.762465
vt 0.444053 0.715237
vt 0.468405 0.688603
vt 0.555372 0.978064
vt 0.547430 0.961032
vt 0.555929 0.955786
vt 0.441806 0.692914
vt 0.436612 0.741071
vt 0.418698 0.700675
vt 0.309902 0.939534
vt 0.309175 0.941793
vt 0.308128 0.929939
vt 0.311707 0.929215
vt 0.324849 0.934052
vt 0.661456 0.006266
vt 0.667510 0.014420
vt 0.321336 0.946595
vt 0.308037 0.953869
vt 0.662363 0.451722
vt 0.650202 0.450177
vt 0.660783 0.433180
vt 0.660654 0.461031
vt 0.861353 0.223507
vt 0.858260 0.239166
vt 0.675891 0.437861
vt 0.675331 0.455919
vt 0.977180 0.653831
vt 0.972044 0.651276
vt 0.974320 0.650655
vt 0.977916 0.651719
vt 0.975367 0.655378
vt 0.607982 0.962406
vt 0.161709 0.246166
vt 0.153312 0.241295
vt 0.161377 0.238981
vt 0.166789 0.245060
vt 0.613503 0.129061
vt 0.616400 0.122820
vt 0.620138 0.124145
vt 0.722801 0.201682
vt 0.725353 0.196302
vt 0.729631 0.203058
vt 0.713734 0.197957
vt 0.617212 0.140111
vt 0.214537 0.437971
vt 0.217395 0.434823
vt 0.221504 0.448571
vt 0.212137 0.446044
vt 0.263252 0.216709
vt 0.266385 0.225755
vt 0.258341 0.217215
vt 0.269170 0.214347
vt 0.261854 0.210681
vt 0.449119 0.791925
vt 0.467973 0.798314
vt 0.431312 0.795326
vt 0.450515 0.767588
vt 0.458353 0.804322
vt 0.448312 0.812104
vt 0.283018 0.306832
vt 0.298034 0.299389
vt 0.296191 0.315263
vt 0.281349 0.319573
vt 0.283017 0.297866
vt 0.268316 0.305166
vt 0.964947 0.879744
vt 0.935947 0.878314
vt 0.942637 0.860799
vt 0.954169 0.898171
vt 0.967411 0.862893
vt 0.978782 0.868585
vt 0.007395 0.383185
vt 0.016960 0.377116
vt 0.014032 0.391870
vt 0.971714 0.896190
vt 0.171551 0.567226
vt 0.159518 0.592356
vt 0.145723 0.567256
vt 0.179280 0.560324
vt 0.185952 0.579510
vt 0.156052 0.551007
vt 0.595120 0.886370
vt 0.595496 0.873318
vt 0.601552 0.875983
vt 0.609090 0.904988
vt 0.602580 0.908835
vt 0.298889 0.101783
vt 0.290813 0.097236
vt 0.303270 0.092352
vt 0.603320 0.881776
vt 0.604235 0.890920
vt 0.284156 0.109040
vt 0.129323 0.894025
vt 0.112946 0.881445
vt 0.129121 0.875827
vt 0.968568 0.723926
vt 0.129333 0.898214
vt 0.113239 0.893683
vt 0.140127 0.891142
vt 0.261213 0.595224
vt 0.254394 0.604993
vt 0.254268 0.602810
vt 0.271410 0.583817
vt 0.270485 0.592548
vt 0.251069 0.588998
vt 0.263195 0.573992
vt 0.262713 0.598608
vt 0.041034 0.929045
vt 0.051878 0.929456
vt 0.038866 0.921557
vt 0.053155 0.917361
vt 0.030769 0.937805
vt 0.786750 0.711253
vt 0.781914 0.690455
vt 0.798657 0.690239
vt 0.803552 0.710030
vt 0.360437 0.272424
vt 0.372446 0.270203
vt 0.359753 0.277513
vt 0.366749 0.265984
vt 0.349180 0.275448
vt 0.984876 0.476582
vt 0.987346 0.476648
vt 0.981469 0.486810
vt 0.981726 0.475810
vt 0.986315 0.475052
vt 0.873728 0.040843
vt 0.518703 0.394777
vt 0.506682 0.401147
vt 0.511134 0.380411
vt 0.472354 0.545170
vt 0.476244 0.530442
vt 0.477909 0.540694
vt 0.470823 0.532692
vt 0.100462 0.454133
vt 0.119537 0.458784
vt 0.117468 0.473171
vt 0.509776 0.407825
vt 0.119215 0.442538
vt 0.457970 0.544764
vt 0.520753 0.399589
vt 0.249726 0.243937
vt 0.278871 0.244408
vt 0.258111 0.284231
vt 0.780955 0.838407
vt 0.791910 0.848295
vt 0.762884 0.846299
vt 0.200917 0.257568
vt 0.207525 0.252161
vt 0.209229 0.262749
vt 0.203162 0.271262
vt 0.192019 0.270607
vt 0.188900 0.257649
vt 0.194507 0.250441
vt 0.969629 0.201656
vt 0.958819 0.218167
vt 0.947656 0.211460
vt 0.956291 0.198628
vt 0.996266 0.996402
vt 0.987688 0.991730
vt 0.997741 0.993287
vt 0.974794 0.210370
vt 0.973627 0.199833
vt 0.985196 0.994191
vt 0.070284 0.209316
vt 0.057202 0.222239
vt 0.050144 0.205785
vt 0.049930 0.867668
vt 0.037577 0.853214
vt 0.071776 0.229476
vt 0.067629 0.871299
vt 0.472766 0.150282
vt 0.485010 0.127981
vt 0.490595 0.149659
vt 0.461414 0.130919
vt 0.038018 0.395426
vt 0.028495 0.388084
vt 0.035670 0.385361
vt 0.041278 0.409036
vt 0.027952 0.397789
vt 0.040941 0.789116
vt 0.036937 0.797944
vt 0.033610 0.785437
vt 0.548112 0.844887
vt 0.550975 0.843402
vt 0.634230 0.352706
vt 0.617762 0.359215
vt 0.625195 0.322586
vt 0.267915 0.022227
vt 0.270626 0.035642
vt 0.260836 0.045439
vt 0.645492 0.349766
vt 0.636968 0.363871
vt 0.643274 0.326029
vt 0.629579 0.371288
vt 0.018066 0.859598
vt 0.005752 0.859980
vt 0.035975 0.860274
vt 0.018591 0.850473
vt 0.613493 0.649212
vt 0.597457 0.644805
vt 0.612614 0.642152
vt 0.611637 0.659118
vt 0.597480 0.647354
vt 0.628812 0.649331
vt 0.626602 0.659246
vt 0.959290 0.109560
vt 0.964471 0.110159
vt 0.962001 0.116996
vt 0.962942 0.105049
vt 0.956199 0.116232
vt 0.515094 0.478037
vt 0.474273 0.478793
vt 0.308476 0.284132
vt 0.311288 0.289682
vt 0.296782 0.293614
vt 0.307402 0.278382
vt 0.323021 0.277152
vt 0.324967 0.282553
vt 0.294162 0.287404
vt 0.733638 0.756015
vt 0.750835 0.765673
vt 0.734764 0.764187
vt 0.982341 0.046297
vt 0.977225 0.037348
vt 0.983956 0.038881
vt 0.738191 0.746172
vt 0.745767 0.753013
vt 0.055522 0.590457
vt 0.058017 0.573595
vt 0.068309 0.589668
vt 0.988953 0.038726
vt 0.866338 0.671371
vt 0.872574 0.670668
vt 0.868878 0.677739
vt 0.890471 0.066081
vt 0.900244 0.054337
vt 0.901854 0.062690
vt 0.978996 0.928197
vt 0.970667 0.925966
vt 0.979731 0.924752
vt 0.971541 0.929605
vt 0.886820 0.065180
vt 0.890088 0.061952
vt 0.893583 0.071860
vt 0.188890 0.405978
vt 0.188578 0.388839
vt 0.196951 0.408014
vt 0.804300 0.006256
vt 0.808597 0.016719
vt 0.797654 0.017188
vt 0.726338 0.952557
vt 0.735005 0.966981
vt 0.707825 0.966124
vt 0.280824 0.000601
vt 0.301711 0.007550
vt 0.291365 0.017381
vt 0.119044 0.040879
vt 0.120154 0.050727
vt 0.102656 0.053182
vt 0.099610 0.043684
vt 0.138349 0.036846
vt 0.923688 0.476217
vt 0.937200 0.485554
vt 0.918262 0.501468
vt 0.907429 0.494559
vt 0.102275 0.033091
vt 0.120397 0.027606
vt 0.877322 0.182655
vt 0.878672 0.191084
vt 0.866018 0.190729
vt 0.876822 0.172651
vt 0.897648 0.187963
vt 0.863024 0.181328
vt 0.888630 0.585624
vt 0.885969 0.584518
vt 0.897648 0.585867
vt 0.890571 0.590870
vt 0.900567 0.580986
vt 0.993336 0.053137
vt 0.993356 0.050114
vt 0.996845 0.050419
vt 0.518786 0.880623
vt 0.518156 0.889122
vt 0.506255 0.880540
vt 0.620515 0.184832
vt 0.626270 0.182894
vt 0.630672 0.188003
vt 0.510145 0.875198
vt 0.623038 0.198816
vt 0.613431 0.189038
vt 0.619196 0.175014
vt 0.812206 0.257117
vt 0.796803 0.242707
vt 0.593802 0.484149
vt 0.622363 0.484519
vt 0.597580 0.500431
vt 0.565596 0.495089
vt 0.604334 0.467299
vt 0.629722 0.470602
vt 0.920889 0.185173
vt 0.924581 0.181698
vt 0.934381 0.184499
vt 0.921637 0.190443
vt 0.914887 0.186499
vt 0.928267 0.187950
vt 0.781423 0.420110
vt 0.758899 0.437539
vt 0.774882 0.415206
vt 0.785368 0.431572
vt 0.980459 0.281847
vt 0.978189 0.286562
vt 0.975198 0.285136
vt 0.983096 0.275358
vt 0.999332 0.399124
vt 0.995831 0.399761
vt 0.999245 0.392028
vt 0.997852 0.405828
vt 0.926851 0.818835
vt 0.937490 0.831018
vt 0.925107 0.835816
vt 0.923860 0.811822
vt 0.940559 0.805365
vt 0.911542 0.820865
vt 0.944322 0.814272
vt 0.945877 0.120829
vt 0.936284 0.116853
vt 0.985200 0.341891
vt 0.988185 0.352753
vt 0.981293 0.345245
vt 0.511398 0.032953
vt 0.497871 0.040511
vt 0.508085 0.027981
vt 0.505708 0.055339
vt 0.512476 0.026624
vt 0.516648 0.031158
vt 0.517921 0.044578
vt 0.511277 0.104991
vt 0.513251 0.100877
vt 0.515701 0.105383
vt 0.898520 0.262400
vt 0.900203 0.259564
vt 0.900742 0.264264
vt 0.899932 0.266592
vt 0.896286 0.262696
vt 0.504145 0.098899
vt 0.599755 0.687489
vt 0.595394 0.711855
vt 0.583898 0.685008
vt 0.627523 0.639497
vt 0.644183 0.637133
vt 0.645040 0.649699
vt 0.614117 0.689031
vt 0.924990 0.978820
vt 0.905240 0.980918
vt 0.913340 0.973732
vt 0.514278 0.812918
vt 0.509403 0.798227
vt 0.515507 0.833632
vt 0.495249 0.828230
vt 0.020531 0.869799
vt 0.029336 0.870816
vt 0.026205 0.882904
vt 0.544094 0.959735
vt 0.544094 0.980316
vt 0.534976 0.977631
vt 0.572652 0.383470
vt 0.559573 0.379698
vt 0.938185 0.578230
vt 0.944421 0.586219
vt 0.938979 0.591030
vt 0.721195 0.382534
vt 0.715051 0.389119
vt 0.708067 0.381142
vt 0.713332 0.363582
vt 0.729661 0.372443
vt 0.945870 0.573839
vt 0.941883 0.567895
vt 0.579697 0.377857
vt 0.045324 0.235115
vt 0.059214 0.235123
vt 0.058470 0.247550
vt 0.046466 0.223334
vt 0.050120 0.247241
vt 0.040065 0.231909
vt 0.034221 0.510131
vt 0.042865 0.508114
vt 0.038574 0.513826
vt 0.500855 0.903396
vt 0.505341 0.911544
vt 0.030989 0.530772
vt 0.023501 0.514142
vt 0.169931 0.397613
vt 0.150634 0.393968
vt 0.151076 0.382931
vt 0.170651 0.406957
vt 0.170778 0.382660
vt 0.413699 0.705634
vt 0.380856 0.724078
vt 0.374706 0.756385
vt 0.981006 0.658158
vt 0.976147 0.673730
vt 0.971414 0.655935
vt 0.302378 0.432522
vt 0.289408 0.431875
vt 0.293462 0.408952
vt 0.561477 0.038684
vt 0.561477 0.015062
vt 0.574957 0.028872
vt 0.305336 0.410571
vt 0.023784 0.342765
vt 0.027731 0.336169
vt 0.031660 0.353524
vt 0.386652 0.956163
vt 0.398361 0.952583
vt 0.391713 0.974549
vt 0.439791 0.000056
vt 0.443903 0.020036
vt 0.425523 0.016875
vt 0.896871 0.324273
vt 0.898118 0.354785
vt 0.880355 0.342616
vt 0.488055 0.719236
vt 0.515992 0.738925
vt 0.489352 0.745475
vt 0.514629 0.713827
vt 0.872272 0.308719
vt 0.459569 0.001015
vt 0.570618 0.358574
vt 0.558195 0.358077
vt 0.575829 0.342976
vt 0.582796 0.363916
vt 0.219802 0.133360
vt 0.533184 0.192976
vt 0.530763 0.215500
vt 0.526648 0.165135
vt 0.544494 0.173382
vt 0.236353 0.152500
vt 0.511721 0.211345
vt 0.935079 0.027614
vt 0.943745 0.003785
vt 0.960719 0.029576
vt 0.390642 0.555292
vt 0.955856 0.046359
vt 0.885329 0.704402
vt 0.886531 0.683599
vt 0.897230 0.700209
vt 0.559616 0.030488
vt 0.532890 0.026325
vt 0.538785 0.002681
vt 0.557217 0.053133
vt 0.756877 0.906537
vt 0.739372 0.900861
vt 0.753069 0.893248
vt 0.740790 0.916346
vt 0.761903 0.922753
vt 0.774693 0.907160
vt 0.733503 0.365429
vt 0.751056 0.372328
vt 0.753505 0.388376
vt 0.734203 0.347901
vt 0.107317 0.507020
vt 0.102475 0.488338
vt 0.121699 0.472959
vt 0.215460 0.717551
vt 0.657458 0.276582
vt 0.677207 0.267590
vt 0.058029 0.964581
vt 0.048212 0.962870
vt 0.062165 0.954615
vt 0.055463 0.976648
vt 0.039182 0.969727
vt 0.912387 0.057407
vt 0.922800 0.060667
vt 0.930425 0.069439
vt 0.920861 0.076046
vt 0.070588 0.977898
vt 0.852812 0.735807
vt 0.852167 0.733029
vt 0.854395 0.732729
vt 0.854707 0.736329
vt 0.853675 0.740290
vt 0.180351 0.358831
vt 0.179117 0.372224
vt 0.796812 0.641347
vt 0.785227 0.642575
vt 0.290637 0.237899
vt 0.288214 0.263731
vt 0.272765 0.220337
vt 0.806688 0.842600
vt 0.813201 0.834219
vt 0.822059 0.834454
vt 0.821265 0.845485
vt 0.810056 0.850792
vt 0.799565 0.837479
vt 0.190947 0.244100
vt 0.195752 0.234296
vt 0.252611 0.974035
vt 0.260085 0.968914
vt 0.260707 0.976205
vt 0.250599 0.974758
vt 0.250180 0.969320
vt 0.254731 0.979196
vt 0.252224 0.968644
vt 0.980213 0.716100
vt 0.982280 0.710380
vt 0.986216 0.713253
vt 0.982842 0.718810
vt 0.976604 0.712152
vt 0.979479 0.679116
vt 0.444015 0.357662
vt 0.456906 0.346962
vt 0.460415 0.358060
vt 0.662082 0.504966
vt 0.661596 0.532736
vt 0.444784 0.371324
vt 0.316928 0.829050
vt 0.318839 0.849048
vt 0.306386 0.850784
vt 0.120293 0.186199
vt 0.141513 0.175385
vt 0.140201 0.195263
vt 0.119558 0.204141
vt 0.305260 0.833059
vt 0.129671 0.073643
vt 0.123076 0.059344
vt 0.143432 0.057960
vt 0.948715 0.497098
vt 0.933717 0.516843
vt 0.925042 0.508374
vt 0.944609 0.524028
vt 0.120523 0.092291
vt 0.113255 0.079113
vt 0.135112 0.087308
vt 0.091703 0.291563
vt 0.076872 0.304841
vt 0.075757 0.291115
vt 0.091172 0.278749
vt 0.107735 0.279139
vt 0.083915 0.060846
vt 0.027019 0.673469
vt 0.051376 0.682967
vt 0.040858 0.702748
vt 0.022057 0.686885
vt 0.960698 0.983205
vt 0.922005 0.976395
vt 0.946056 0.954469
vt 0.982905 0.969267
vt 0.457556 0.056644
vt 0.496958 0.042090
vt 0.630010 0.797332
vt 0.621967 0.812691
vt 0.611846 0.793548
vt 0.611138 0.787108
vt 0.635212 0.789244
vt 0.650613 0.803502
vt 0.750550 0.287929
vt 0.746753 0.264728
vt 0.762700 0.273237
vt 0.727221 0.303187
vt 0.729218 0.287605
vt 0.748308 0.302628
vt 0.759852 0.298119
vt 0.728373 0.271196
vt 0.664235 0.071235
vt 0.672784 0.048480
vt 0.684986 0.065721
vt 0.656521 0.053144
vt 0.656045 0.366638
vt 0.649034 0.363234
vt 0.657388 0.347096
vt 0.968735 0.066059
vt 0.981868 0.049247
vt 0.985790 0.066031
vt 0.293345 0.041720
vt 0.282589 0.052917
vt 0.286219 0.035476
vt 0.952976 0.048670
vt 0.673210 0.352824
vt 0.290412 0.054815
vt 0.330165 0.906848
vt 0.322967 0.920237
vt 0.314890 0.916249
vt 0.282288 0.602288
vt 0.279939 0.585020
vt 0.297965 0.602522
vt 0.292867 0.609070
vt 0.272545 0.610553
vt 0.023676 0.353297
vt 0.981635 0.642968
vt 0.984498 0.632659
vt 0.375067 0.515909
vt 0.371946 0.500922
vt 0.400688 0.514389
vt 0.742211 0.626480
vt 0.749113 0.610540
vt 0.757589 0.626577
vt 0.754094 0.642214
vt 0.740233 0.642855
vt 0.399766 0.531380
vt 0.378070 0.530838
vt 0.740455 0.610001
vt 0.161206 0.835754
vt 0.147011 0.850841
vt 0.149349 0.832697
vt 0.166063 0.818342
vt 0.742856 0.794630
vt 0.484111 0.002605
vt 0.273604 0.165937
vt 0.289983 0.153780
vt 0.280657 0.187850
vt 0.116634 0.611452
vt 0.118577 0.596842
vt 0.128937 0.586926
vt 0.112455 0.914343
vt 0.109862 0.905425
vt 0.117985 0.900359
vt 0.108620 0.920782
vt 0.106953 0.915394
vt 0.246033 0.595245
vt 0.266926 0.625882
vt 0.247688 0.616635
vt 0.226590 0.595356
vt 0.240564 0.579940
vt 0.224061 0.606328
vt 0.566864 0.049395
vt 0.558293 0.052803
vt 0.561303 0.041256
vt 0.575028 0.060386
vt 0.569189 0.065176
vt 0.559732 0.066370
vt 0.577732 0.040932
vt 0.577558 0.049733
vt 0.571203 0.033220
vt 0.375053 0.339106
vt 0.357126 0.356757
vt 0.356978 0.333707
vt 0.372556 0.317181
vt 0.370871 0.366866
vt 0.391678 0.319840
vt 0.068880 0.105725
vt 0.061053 0.091124
vt 0.075281 0.094499
vt 0.072158 0.108293
vt 0.050530 0.108708
vt 0.077922 0.096326
vt 0.867889 0.438972
vt 0.877872 0.432120
vt 0.887926 0.444101
vt 0.860764 0.445863
vt 0.855786 0.429339
vt 0.873525 0.455072
vt 0.350602 0.887169
vt 0.375651 0.888885
vt 0.355843 0.899773
vt 0.346909 0.871511
vt 0.365420 0.870730
vt 0.444398 0.276185
vt 0.455313 0.270145
vt 0.538856 0.071355
vt 0.556958 0.057108
vt 0.542053 0.074008
vt 0.536913 0.067442
vt 0.533161 0.081508
vt 0.534454 0.073433
vt 0.903954 0.269388
vt 0.901044 0.280396
vt 0.899400 0.268480
vt 0.641079 0.060104
vt 0.640436 0.051986
vt 0.643767 0.054539
vt 0.905160 0.264499
vt 0.899356 0.273664
vt 0.983573 0.522132
vt 0.944869 0.533311
vt 0.979768 0.512721
vt 0.632196 0.109525
vt 0.631452 0.105319
vt 0.660752 0.094586
vt 0.661446 0.103510
vt 0.987556 0.515730
vt 0.622073 0.108795
vt 0.885340 0.232328
vt 0.911782 0.233113
vt 0.917498 0.252579
vt 0.905720 0.013290
vt 0.905443 0.018574
vt 0.880842 0.013942
vt 0.623945 0.968700
vt 0.638587 0.948546
vt 0.637731 0.971867
vt 0.882443 0.000547
vt 0.393658 0.810748
vt 0.395296 0.795268
vt 0.333105 0.203563
vt 0.341339 0.215824
vt 0.328100 0.227292
vt 0.305367 0.212205
vt 0.323566 0.186053
vt 0.344320 0.187815
vt 0.352858 0.200739
vt 0.675597 0.538791
vt 0.634514 0.558823
vt 0.633557 0.596154
vt 0.960899 0.340875
vt 0.954809 0.344576
vt 0.958381 0.337563
vt 0.968002 0.334793
vt 0.960919 0.334763
vt 0.918067 0.898317
vt 0.925773 0.937474
vt 0.935576 0.927400
vt 0.944693 0.920585
vt 0.015513 0.177701
vt 0.011134 0.117014
vt 0.013788 0.125770
vt 0.927027 0.891398
vt 0.628937 0.167928
vt 0.622095 0.172862
vt 0.622643 0.164495
vt 0.627226 0.177632
vt 0.627334 0.160590
vt 0.633966 0.159228
vt 0.636052 0.166782
vt 0.633267 0.178058
vt 0.433417 0.162644
vt 0.364761 0.144745
vt 0.449711 0.146679
vt 0.387311 0.207480
vt 0.371673 0.190948
vt 0.459215 0.161413
vt 0.803954 0.922296
vt 0.804074 0.887386
vt 0.820894 0.898981
vt 0.191355 0.955969
vt 0.786959 0.911140
vt 0.820522 0.932669
vt 0.789182 0.673517
vt 0.795099 0.657766
vt 0.796104 0.674113
vt 0.782129 0.673595
vt 0.328386 0.285420
vt 0.330083 0.290577
vt 0.314485 0.295514
vt 0.338357 0.278048
vt 0.341280 0.285592
vt 0.989206 0.181985
vt 0.983268 0.175963
vt 0.987857 0.169854
vt 0.995888 0.174996
vt 0.237632 0.975047
vt 0.965740 0.189112
vt 0.227782 0.992541
vt 0.691596 0.862961
vt 0.715196 0.865142
vt 0.677662 0.857468
vt 0.682376 0.849963
vt 0.683412 0.870095
vt 0.699185 0.849470
vt 0.009494 0.835642
vt 0.010103 0.837541
vt 0.012518 0.824373
vt 0.009274 0.828240
vt 0.004875 0.834206
vt 0.846467 0.782399
vt 0.860028 0.786245
vt 0.847410 0.788717
vt 0.844739 0.770405
vt 0.859250 0.778509
vt 0.976470 0.797124
vt 0.307606 0.774965
vt 0.119141 0.360636
vt 0.117106 0.377504
vt 0.106935 0.374996
vt 0.123589 0.345895
vt 0.138345 0.354473
vt 0.102899 0.350809
vt 0.134575 0.366320
vt 0.920330 0.082268
vt 0.912968 0.085854
vt 0.907850 0.073525
vt 0.915138 0.066966
vt 0.944364 0.467355
vt 0.764773 0.963627
vt 0.755351 0.973482
vt 0.756728 0.965460
vt 0.763730 0.977618
vt 0.755781 0.963388
vt 0.945445 0.463932
vt 0.763967 0.960990
vt 0.958522 0.412961
vt 0.978847 0.408706
vt 0.969910 0.425237
vt 0.947765 0.389448
vt 0.969023 0.396973
vt 0.953773 0.420829
vt 0.635484 0.972436
vt 0.630932 0.986447
vt 0.624464 0.970659
vt 0.678623 0.660596
vt 0.679650 0.672781
vt 0.662562 0.667924
vt 0.697594 0.651504
vt 0.698497 0.662854
vt 0.678685 0.649324
vt 0.661738 0.657990
vt 0.324307 0.698098
vt 0.318925 0.698801
vt 0.325680 0.673900
vt 0.351999 0.012572
vt 0.356551 0.035550
vt 0.342685 0.032546
vt 0.342674 0.012512
vt 0.322166 0.701813
vt 0.328755 0.699682
vt 0.239135 0.061999
vt 0.241194 0.050696
vt 0.251456 0.050641
vt 0.868916 0.579657
vt 0.879320 0.575715
vt 0.871348 0.572885
vt 0.865674 0.565668
vt 0.980331 0.623885
vt 0.984388 0.621814
vt 0.977818 0.629253
vt 0.976645 0.622233
vt 0.030458 0.961401
vt 0.037415 0.967959
vt 0.034640 0.968268
vt 0.209649 0.243413
vt 0.525101 0.043321
vt 0.769580 0.044586
vt 0.745775 0.035344
vt 0.759462 0.022888
vt 0.778530 0.030969
vt 0.479166 0.097263
vt 0.467385 0.118148
vt 0.449660 0.107621
vt 0.774948 0.074858
vt 0.757265 0.063739
vt 0.493876 0.104604
vt 0.587845 0.738922
vt 0.579006 0.706878
vt 0.807918 0.059814
vt 0.801273 0.074824
vt 0.783591 0.070081
vt 0.152058 0.263321
vt 0.267078 0.110033
vt 0.272480 0.115990
vt 0.270790 0.134224
vt 0.258621 0.147225
vt 0.249014 0.120660
vt 0.248580 0.093795
vt 0.280352 0.102712
vt 0.275310 0.095607
vt 0.213912 0.814408
vt 0.212443 0.829817
vt 0.201106 0.809306
vt 0.372097 0.834319
vt 0.362685 0.854698
vt 0.352426 0.842890
vt 0.028122 0.672162
vt 0.018625 0.652118
vt 0.034063 0.661084
vt 0.382200 0.852254
vt 0.048325 0.667437
vt 0.044491 0.678797
vt 0.009082 0.662405
vt 0.449976 0.938981
vt 0.449719 0.928532
vt 0.450082 0.951037
vt 0.434551 0.938871
vt 0.434550 0.928386
vt 0.146133 0.472587
vt 0.146092 0.452197
vt 0.159562 0.470019
vt 0.136179 0.454297
vt 0.151460 0.492341
vt 0.796651 0.296817
vt 0.778515 0.302119
vt 0.778977 0.292081
vt 0.196762 0.704670
vt 0.206462 0.706892
vt 0.193661 0.715328
vt 0.797283 0.311827
vt 0.182037 0.702699
vt 0.212094 0.695456
vt 0.186317 0.690128
vt 0.053561 0.533912
vt 0.061426 0.552622
vt 0.055009 0.552747
vt 0.349885 0.522711
vt 0.333814 0.523172
vt 0.988147 0.006809
vt 0.982978 0.021613
vt 0.968466 0.012319
vt 0.975360 0.000153
vt 0.877298 0.346395
vt 0.854201 0.335544
vt 0.854304 0.329810
vt 0.845838 0.353348
vt 0.866499 0.368799
vt 0.894765 0.359378
vt 0.310481 0.906937
vt 0.613450 0.773275
vt 0.628111 0.775137
vt 0.609963 0.768019
vt 0.628788 0.768173
vt 0.119472 0.711036
vt 0.110190 0.707701
vt 0.123885 0.698848
vt 0.122420 0.715134
vt 0.214693 0.456677
vt 0.221759 0.459049
vt 0.219147 0.465763
vt 0.206714 0.464700
vt 0.208028 0.451153
vt 0.470769 0.767478
vt 0.861857 0.504319
vt 0.619321 0.033261
vt 0.325744 0.333608
vt 0.307281 0.325348
vt 0.320524 0.317785
vt 0.905752 0.723402
vt 0.915118 0.732787
vt 0.897732 0.731493
vt 0.944002 0.694257
vt 0.033163 0.711884
vt 0.023854 0.709375
vt 0.033220 0.707544
vt 0.043455 0.711759
vt 0.915898 0.096752
vt 0.910831 0.094200
vt 0.915859 0.092644
vt 0.917058 0.102064
vt 0.921012 0.096796
vt 0.919692 0.093004
vt 0.820449 0.942856
vt 0.836046 0.939864
vt 0.829781 0.947762
vt 0.807319 0.952190
vt 0.804934 0.944570
vt 0.820220 0.934305
vt 0.282381 0.030993
vt 0.563049 0.614629
vt 0.540876 0.621024
vt 0.537290 0.591816
vt 0.558069 0.632459
vt 0.568555 0.627170
vt 0.559635 0.587643
vt 0.581682 0.600767
vt 0.579233 0.628625
vt 0.277602 0.781818
vt 0.261458 0.770011
vt 0.237702 0.172858
vt 0.977437 0.313304
vt 0.973312 0.296141
vt 0.991884 0.308589
vt 0.992440 0.322872
vt 0.971181 0.307983
vt 0.980466 0.324874
vt 0.977422 0.324167
vt 0.331191 0.923911
vt 0.337892 0.942744
vt 0.342966 0.910949
vt 0.342560 0.927658
vt 0.709937 0.420578
vt 0.720824 0.411464
vt 0.718126 0.429831
vt 0.703317 0.424787
vt 0.696891 0.775151
vt 0.686088 0.791948
vt 0.671540 0.782202
vt 0.679534 0.764654
vt 0.531510 0.313679
vt 0.582063 0.530607
vt 0.574539 0.514136
vt 0.577568 0.515253
vt 0.525848 0.304844
vt 0.571588 0.534920
vt 0.479668 0.222632
vt 0.497355 0.210429
vt 0.039463 0.003244
vt 0.027648 0.022623
vt 0.026291 0.005406
vt 0.123090 0.037028
vt 0.123090 0.024143
vt 0.139442 0.035735
vt 0.201360 0.043172
vt 0.971720 0.654933
vt 0.040272 0.020994
vt 0.622794 0.372247
vt 0.042128 0.886962
vt 0.044497 0.867269
vt 0.058346 0.872712
vt 0.056420 0.891757
vt 0.040332 0.905979
vt 0.028778 0.900119
vt 0.405150 0.592544
vt 0.416032 0.574750
vt 0.378926 0.587228
vt 0.391845 0.566381
vt 0.958126 0.688383
vt 0.948712 0.689591
vt 0.948405 0.671169
vt 0.957247 0.691333
vt 0.967788 0.687807
vt 0.962373 0.672384
vt 0.980251 0.471712
vt 0.977842 0.473092
vt 0.993526 0.470495
vt 0.980777 0.463497
vt 0.797482 0.629850
vt 0.805698 0.616179
vt 0.823741 0.623407
vt 0.353727 0.313591
vt 0.930902 0.210004
vt 0.944402 0.212387
vt 0.932498 0.227980
vt 0.918134 0.210160
vt 0.941865 0.194146
vt 0.986600 0.957691
vt 0.991333 0.950955
vt 0.990155 0.960512
vt 0.978825 0.945783
vt 0.983494 0.943530
vt 0.920688 0.894653
vt 0.900659 0.895954
vt 0.922939 0.859353
vt 0.726098 0.856609
vt 0.728843 0.847325
vt 0.738394 0.857681
vt 0.861180 0.854554
vt 0.730247 0.867450
vt 0.497131 0.866527
vt 0.501612 0.867156
vt 0.489814 0.866898
vt 0.502692 0.875103
vt 0.970080 0.222342
vt 0.975859 0.232432
vt 0.328430 0.427105
vt 0.318675 0.409946
vt 0.329015 0.415034
vt 0.347664 0.426407
vt 0.343932 0.439865
vt 0.322684 0.438259
vt 0.315082 0.422534
vt 0.563329 0.702746
vt 0.570848 0.822258
vt 0.576233 0.837188
vt 0.565801 0.839176
vt 0.569401 0.812275
vt 0.551682 0.930058
vt 0.573587 0.932772
vt 0.574685 0.944382
vt 0.053096 0.202745
vt 0.023097 0.204396
vt 0.028558 0.193585
vt 0.955044 0.767857
vt 0.959973 0.755658
vt 0.984491 0.758699
vt 0.024034 0.216169
vt 0.231151 0.738105
vt 0.246516 0.738689
vt 0.238847 0.741708
vt 0.390111 0.699032
vt 0.361116 0.711413
vt 0.596845 0.594169
vt 0.569709 0.568095
vt 0.597759 0.562229
vt 0.568799 0.591685
vt 0.367652 0.692142
vt 0.626097 0.596658
vt 0.954297 0.456363
vt 0.934651 0.461775
vt 0.944504 0.443161
vt 0.070702 0.918531
vt 0.084596 0.935444
vt 0.023278 0.307529
vt 0.035458 0.317080
vt 0.021361 0.316243
vt 0.009857 0.302983
vt 0.087096 0.918816
vt 0.137230 0.954172
vt 0.132871 0.965665
vt 0.130201 0.949912
vt 0.160822 0.960478
vt 0.145543 0.972099
vt 0.834884 0.321842
vt 0.823251 0.319459
vt 0.831139 0.302508
vt 0.845628 0.306562
vt 0.133699 0.941750
vt 0.310493 0.587373
vt 0.302596 0.591093
vt 0.303277 0.577647
vt 0.981126 0.565225
vt 0.972813 0.561811
vt 0.978237 0.556046
vt 0.983521 0.565382
vt 0.979886 0.568427
vt 0.836339 0.033395
vt 0.843458 0.035222
vt 0.829660 0.035470
vt 0.838019 0.049790
vt 0.829861 0.045721
vt 0.292782 0.895897
vt 0.152984 0.403633
vt 0.134168 0.392171
vt 0.134943 0.402779
vt 0.177182 0.203977
vt 0.198272 0.207637
vt 0.197228 0.217769
vt 0.178627 0.219449
vt 0.163600 0.215455
vt 0.159536 0.198282
vt 0.177007 0.186399
vt 0.193553 0.187081
vt 0.624635 0.279456
vt 0.645114 0.275591
vt 0.645846 0.283201
vt 0.624648 0.283785
vt 0.599394 0.278300
vt 0.643365 0.289831
vt 0.601962 0.271448
vt 0.625993 0.274196
vt 0.031778 0.360275
vt 0.026199 0.376886
vt 0.023727 0.361848
vt 0.033063 0.376589
vt 0.897177 0.127788
vt 0.504502 0.154677
vt 0.497336 0.162731
vt 0.500025 0.150914
vt 0.509732 0.147622
vt 0.515281 0.155417
vt 0.502754 0.165882
vt 0.071943 0.916800
vt 0.094707 0.908668
vt 0.091209 0.917722
vt 0.073350 0.908201
vt 0.171368 0.423094
vt 0.171596 0.415376
vt 0.997821 0.150576
vt 0.985657 0.153692
vt 0.981030 0.133411
vt 0.412008 0.953866
vt 0.423066 0.951435
vt 0.420681 0.963890
vt 0.409000 0.966793
vt 0.401095 0.954039
vt 0.046547 0.259118
vt 0.059315 0.260821
vt 0.069865 0.265213
vt 0.962803 0.316220
vt 0.613472 0.231813
vt 0.602325 0.216176
vt 0.621113 0.220588
vt 0.999907 0.730491
vt 0.998322 0.723937
vt 0.794420 0.270348
vt 0.795188 0.283606
vt 0.777578 0.270520
vt 0.810960 0.268935
vt 0.795200 0.257891
vt 0.543885 0.295109
vt 0.554269 0.304696
vt 0.418341 0.404622
vt 0.443128 0.405299
vt 0.425931 0.419103
vt 0.433545 0.392064
vt 0.597933 0.523212
vt 0.597905 0.511722
vt 0.428023 0.384999
vt 0.570656 0.977424
vt 0.579005 0.982612
vt 0.562054 0.983284
vt 0.573986 0.972386
vt 0.141846 0.072845
vt 0.152825 0.054761
vt 0.153735 0.081417
vt 0.913991 0.311041
vt 0.913240 0.299702
vt 0.929509 0.305386
vt 0.900694 0.301412
vt 0.036108 0.839630
vt 0.035786 0.850386
vt 0.021803 0.839491
vt 0.900862 0.313563
vt 0.933563 0.313489
vt 0.740682 0.165772
vt 0.748041 0.143472
vt 0.748821 0.169261
vt 0.739570 0.181804
vt 0.726015 0.180335
vt 0.641102 0.158175
vt 0.633314 0.151959
vt 0.639986 0.150791
vt 0.652388 0.147516
vt 0.654421 0.155001
vt 0.642851 0.166183
vt 0.965161 0.118138
vt 0.460724 0.834280
vt 0.459733 0.846004
vt 0.447361 0.840548
vt 0.445841 0.821308
vt 0.430241 0.821263
vt 0.412303 0.820390
vt 0.417158 0.816680
vt 0.424675 0.811266
vt 0.457545 0.814084
vt 0.484031 0.828897
vt 0.165814 0.778685
vt 0.169244 0.795104
vt 0.819631 0.792591
vt 0.159671 0.775167
vt 0.165123 0.763947
vt 0.159009 0.784277
vt 0.365278 0.032446
vt 0.358182 0.022884
vt 0.448293 0.955108
vt 0.149250 0.956441
vt 0.134802 0.928631
vt 0.164344 0.926045
vt 0.319876 0.745328
vt 0.327134 0.725411
vt 0.339999 0.741924
vt 0.332455 0.764303
vt 0.174710 0.952341
vt 0.698395 0.937110
vt 0.689452 0.946941
vt 0.687013 0.926315
vt 0.656752 0.983246
vt 0.643575 0.975171
vt 0.659672 0.979026
vt 0.924176 0.178746
vt 0.919248 0.181875
vt 0.935248 0.173654
vt 0.077155 0.321430
vt 0.346470 0.456432
vt 0.327571 0.455659
vt 0.361200 0.472876
vt 0.366325 0.439456
vt 0.229793 0.818526
vt 0.349029 0.858821
vt 0.449358 0.906385
vt 0.433746 0.916967
vt 0.433422 0.904626
vt 0.462827 0.891157
vt 0.463589 0.905722
vt 0.449186 0.917851
vt 0.449291 0.893144
vt 0.769720 0.691407
vt 0.969831 0.177520
vt 0.969598 0.174840
vt 0.984115 0.171536
vt 0.964661 0.175349
vt 0.834657 0.330261
vt 0.766629 0.450270
vt 0.781174 0.449841
vt 0.781042 0.469249
vt 0.759599 0.464883
vt 0.769787 0.445887
vt 0.956829 0.436306
vt 0.952296 0.437699
vt 0.951444 0.426070
vt 0.970993 0.438857
vt 0.969111 0.435057
vt 0.693239 0.135735
vt 0.670094 0.150209
vt 0.961679 0.120027
vt 0.956932 0.121101
vt 0.957374 0.118412
vt 0.626243 0.153309
vt 0.961505 0.123261
vt 0.985625 0.222404
vt 0.974737 0.216597
vt 0.977045 0.210558
vt 0.983881 0.213426
vt 0.992039 0.219105
vt 0.928665 0.568840
vt 0.917908 0.262129
vt 0.928552 0.259589
vt 0.535279 0.110221
vt 0.547222 0.102186
vt 0.545409 0.117165
vt 0.143417 0.672972
vt 0.138383 0.668563
vt 0.476594 0.340450
vt 0.606682 0.322036
vt 0.082489 0.145147
vt 0.060056 0.157163
vt 0.060588 0.145601
vt 0.598764 0.349055
vt 0.601703 0.366774
vt 0.068738 0.128814
vt 0.073051 0.164371
vt 0.171925 0.253795
vt 0.180689 0.252997
vt 0.178136 0.261759
vt 0.170312 0.259376
vt 0.599008 0.807502
vt 0.757980 0.233614
vt 0.740003 0.209860
vt 0.758634 0.195874
vt 0.734891 0.228458
vt 0.771939 0.251640
vt 0.745849 0.250489
vt 0.772484 0.224459
vt 0.227945 0.856909
vt 0.240435 0.859014
vt 0.227464 0.868306
vt 0.228550 0.831437
vt 0.241302 0.838849
vt 0.282609 0.330869
vt 0.266349 0.330470
vt 0.263224 0.316515
vt 0.919391 0.746852
vt 0.927168 0.741349
vt 0.933291 0.757825
vt 0.297686 0.327255
vt 0.906672 0.736909
vt 0.208630 0.955779
vt 0.225776 0.968279
vt 0.210482 0.965363
vt 0.431545 0.990684
vt 0.428135 0.990444
vt 0.429355 0.983224
vt 0.432063 0.981684
vt 0.446324 0.975763
vt 0.206102 0.958335
vt 0.226605 0.957651
vt 0.146886 0.900228
vt 0.125154 0.901705
vt 0.142992 0.591521
vt 0.150957 0.606400
vt 0.139531 0.599804
vt 0.160866 0.897656
vt 0.034268 0.503602
vt 0.034268 0.508457
vt 0.015033 0.501544
vt 0.029750 0.255219
vt 0.003646 0.236254
vt 0.033563 0.237850
vt 0.050923 0.505677
vt 0.482890 0.646647
vt 0.459220 0.653971
vt 0.451391 0.643135
vt 0.050828 0.499812
vt 0.493921 0.661449
vt 0.008270 0.231653
vt 0.003752 0.221295
vt 0.066928 0.345385
vt 0.055407 0.344225
vt 0.061426 0.333867
vt 0.835162 0.199776
vt 0.812275 0.201667
vt 0.825630 0.185996
vt 0.829979 0.183545
vt 0.014452 0.236128
vt 0.080066 0.336949
vt 0.309290 0.779157
vt 0.300054 0.778567
vt 0.566905 0.761925
vt 0.585554 0.772146
vt 0.567031 0.777064
vt 0.541538 0.736584
vt 0.560319 0.732170
vt 0.540643 0.768726
vt 0.598910 0.764111
vt 0.382361 0.452592
vt 0.381157 0.427911
vt 0.403028 0.428364
vt 0.894067 0.421116
vt 0.903595 0.410269
vt 0.908390 0.394698
vt 0.652054 0.040088
vt 0.648284 0.053183
vt 0.643206 0.045339
vt 0.991394 0.703149
vt 0.985972 0.705802
vt 0.656110 0.050545
vt 0.991985 0.711073
vt 0.987203 0.699541
vt 0.669056 0.791952
vt 0.672015 0.806269
vt 0.588666 0.872440
vt 0.582535 0.859170
vt 0.679569 0.227347
vt 0.681813 0.214553
vt 0.431121 0.278086
vt 0.425053 0.265554
vt 0.495229 0.412790
vt 0.477503 0.394171
vt 0.106124 0.424329
vt 0.122750 0.425596
vt 0.499670 0.422062
vt 0.981171 0.401339
vt 0.989450 0.407473
vt 0.981667 0.408234
vt 0.999901 0.275369
vt 0.774455 0.821996
vt 0.762200 0.835252
vt 0.763019 0.822251
vt 0.787968 0.833169
vt 0.938238 0.860834
vt 0.923912 0.858864
vt 0.934318 0.843067
vt 0.937903 0.870604
vt 0.097078 0.071582
vt 0.088986 0.070022
vt 0.091732 0.066126
vt 0.098312 0.059647
vt 0.101585 0.069958
vt 0.791247 0.094887
vt 0.782358 0.103964
vt 0.783318 0.094680
vt 0.792845 0.087929
vt 0.805342 0.095777
vt 0.792703 0.106525
vt 0.802932 0.855784
vt 0.787201 0.877745
vt 0.111673 0.142643
vt 0.114997 0.127962
vt 0.120603 0.131382
vt 0.826113 0.856236
vt 0.820370 0.864118
vt 0.117339 0.147023
vt 0.094152 0.132217
vt 0.111074 0.160057
vt 0.322922 0.395929
vt 0.574016 0.144900
vt 0.580078 0.169612
vt 0.557673 0.157960
vt 0.305922 0.394492
vt 0.620189 0.886289
vt 0.634856 0.876365
vt 0.638739 0.902284
vt 0.680149 0.017714
vt 0.699472 0.003676
vt 0.709515 0.021131
vt 0.606368 0.764169
vt 0.582277 0.761060
vt 0.003675 0.425514
vt 0.013920 0.406671
vt 0.014090 0.424389
vt 0.569883 0.732913
vt 0.901672 0.960940
vt 0.906373 0.996715
vt 0.895078 0.987664
vt 0.887868 0.971920
vt 0.096728 0.885263
vt 0.097046 0.873572
vt 0.110207 0.868087
vt 0.076676 0.673541
vt 0.066643 0.671705
vt 0.096033 0.617242
vt 0.252954 0.558526
vt 0.068650 0.685556
vt 0.066396 0.921933
vt 0.287262 0.223655
vt 0.314076 0.254679
vt 0.307807 0.231416
vt 0.423079 0.143662
vt 0.406439 0.143056
vt 0.406439 0.115098
vt 0.083044 0.809498
vt 0.084185 0.784370
vt 0.102289 0.786205
vt 0.100267 0.812129
vt 0.425345 0.114517
vt 0.251774 0.707969
vt 0.274936 0.715265
vt 0.255847 0.725726
vt 0.458372 0.033664
vt 0.443008 0.041259
vt 0.274852 0.694771
vt 0.459690 0.017965
vt 0.112857 0.566382
vt 0.103063 0.564697
vt 0.110668 0.583966
vt 0.125374 0.566442
vt 0.509579 0.869219
vt 0.504040 0.863948
vt 0.127051 0.973887
vt 0.127666 0.967981
vt 0.128520 0.956411
vt 0.987097 0.567980
vt 0.982453 0.570071
vt 0.995702 0.569256
vt 0.981169 0.574458
vt 0.989852 0.558217
vt 0.173383 0.419198
vt 0.176101 0.403833
vt 0.186162 0.419534
vt 0.153657 0.765770
vt 0.152323 0.779074
vt 0.129324 0.767180
vt 0.132597 0.752384
vt 0.814994 0.803944
vt 0.824825 0.798323
vt 0.831929 0.809846
vt 0.731222 0.789602
vt 0.757816 0.747060
vt 0.867325 0.665044
vt 0.880708 0.663478
vt 0.890730 0.056750
vt 0.892538 0.051980
vt 0.887660 0.060218
vt 0.888879 0.054766
vt 0.436600 0.845209
vt 0.597867 0.282951
vt 0.606166 0.298303
vt 0.827956 0.755523
vt 0.106315 0.060136
vt 0.139144 0.047831
vt 0.666418 0.861886
vt 0.675045 0.862103
vt 0.125820 0.114985
vt 0.130262 0.100079
vt 0.142991 0.106104
vt 0.137233 0.120568
vt 0.415680 0.407471
vt 0.395304 0.405215
vt 0.424389 0.385377
vt 0.423745 0.421742
vt 0.305429 0.129202
vt 0.308657 0.103718
vt 0.322135 0.116035
vt 0.321353 0.142746
vt 0.394236 0.068401
vt 0.386933 0.089415
vt 0.364616 0.067811
vt 0.669447 0.734375
vt 0.426968 0.065745
vt 0.409131 0.085285
vt 0.672305 0.751747
vt 0.830176 0.071434
vt 0.831442 0.083504
vt 0.814302 0.076124
vt 0.320576 0.653931
vt 0.313231 0.674664
vt 0.307097 0.656063
vt 0.827421 0.056516
vt 0.845348 0.064748
vt 0.103731 0.588982
vt 0.111293 0.596658
vt 0.108495 0.609412
vt 0.891422 0.286943
vt 0.885516 0.308837
vt 0.880770 0.300876
vt 0.684973 0.171936
vt 0.677029 0.185073
vt 0.677092 0.163884
vt 0.285295 0.961401
vt 0.275845 0.965853
vt 0.186345 0.079318
vt 0.185997 0.060327
vt 0.199401 0.075144
vt 0.175422 0.082616
vt 0.202965 0.089423
vt 0.175060 0.060865
vt 0.254956 0.958207
vt 0.260195 0.961671
vt 0.254068 0.959766
vt 0.260904 0.959153
vt 0.255818 0.955099
vt 0.252633 0.957370
vt 0.716529 0.117276
vt 0.715240 0.109399
vt 0.863037 0.465864
vt 0.841769 0.462426
vt 0.852090 0.454008
vt 0.872510 0.476810
vt 0.858706 0.474936
vt 0.761286 0.599891
vt 0.765210 0.582866
vt 0.772471 0.590722
vt 0.263509 0.618089
vt 0.107030 0.982969
vt 0.120691 0.973657
vt 0.116278 0.986416
vt 0.748449 0.608192
vt 0.750571 0.591966
vt 0.279405 0.629411
vt 0.015868 0.913258
vt 0.012812 0.899482
vt 0.020925 0.902911
vt 0.020805 0.914351
vt 0.016203 0.928099
vt 0.013220 0.927070
vt 0.546185 0.773746
vt 0.557737 0.777321
vt 0.550314 0.789300
vt 0.524423 0.304298
vt 0.528135 0.294877
vt 0.540179 0.792293
vt 0.926235 0.544631
vt 0.942631 0.551285
vt 0.936419 0.553800
vt 0.605177 0.921017
vt 0.611555 0.911193
vt 0.613756 0.926966
vt 0.592808 0.938206
vt 0.016310 0.033065
vt 0.015527 0.022287
vt 0.511460 0.916162
vt 0.049025 0.512340
vt 0.984430 0.270352
vt 0.831181 0.978564
vt 0.841230 0.972208
vt 0.844614 0.980584
vt 0.833524 0.987557
vt 0.341433 0.793360
vt 0.326182 0.780221
vt 0.341259 0.779972
vt 0.352538 0.786278
vt 0.322328 0.797278
vt 0.328816 0.807134
vt 0.837191 0.739614
vt 0.210176 0.305719
vt 0.236989 0.318050
vt 0.212002 0.323267
vt 0.233679 0.298860
vt 0.074487 0.451734
vt 0.044194 0.466812
vt 0.059945 0.440142
vt 0.105068 0.443330
vt 0.092580 0.461631
vt 0.064649 0.475532
vt 0.311968 0.706096
vt 0.309479 0.701439
vt 0.335498 0.720676
vt 0.297924 0.706301
vt 0.730214 0.460462
vt 0.725613 0.447548
vt 0.876210 0.802089
vt 0.862564 0.805350
vt 0.875081 0.783515
vt 0.053257 0.714474
vt 0.054078 0.721981
vt 0.101313 0.979851
vt 0.105336 0.972108
vt 0.985253 0.889875
vt 0.973177 0.895505
vt 0.968070 0.879786
vt 0.401644 0.924024
vt 0.405195 0.913156
vt 0.406109 0.925479
vt 0.401702 0.938395
vt 0.387721 0.921245
vt 0.395289 0.908905
vt 0.387192 0.936658
vt 0.338617 0.722151
vt 0.353928 0.741150
vt 0.629659 0.031741
vt 0.630985 0.015202
vt 0.134956 0.646778
vt 0.141651 0.641791
vt 0.126921 0.658478
vt 0.125202 0.638812
vt 0.268144 0.456690
vt 0.241577 0.469328
vt 0.244393 0.456489
vt 0.253910 0.432054
vt 0.264512 0.483700
vt 0.610123 0.948568
vt 0.686182 0.298194
vt 0.671794 0.324884
vt 0.668363 0.302262
vt 0.712793 0.331202
vt 0.695389 0.334544
vt 0.714607 0.295119
vt 0.833211 0.125650
vt 0.831185 0.143421
vt 0.822345 0.133855
vt 0.839633 0.118218
vt 0.844131 0.134878
vt 0.827468 0.120132
vt 0.732915 0.197052
vt 0.742627 0.197632
vt 0.626795 0.110115
vt 0.266853 0.205805
vt 0.281946 0.210445
vt 0.282662 0.349904
vt 0.264401 0.353936
vt 0.262945 0.334821
vt 0.201006 0.448374
vt 0.203147 0.441665
vt 0.188346 0.886479
vt 0.194935 0.882404
vt 0.282207 0.188143
vt 0.029247 0.760626
vt 0.024534 0.775760
vt 0.014809 0.755507
vt 0.035715 0.779349
vt 0.030632 0.741282
vt 0.044318 0.328905
vt 0.039674 0.339338
vt 0.031452 0.326965
vt 0.078856 0.531051
vt 0.073427 0.570679
vt 0.074632 0.550816
vt 0.553680 0.240696
vt 0.539373 0.257167
vt 0.531229 0.236913
vt 0.717090 0.841955
vt 0.612481 0.894509
vt 0.617660 0.903817
vt 0.939365 0.295174
vt 0.945015 0.301815
vt 0.163308 0.061563
vt 0.950833 0.310992
vt 0.168332 0.039169
vt 0.905539 0.532950
vt 0.911101 0.949539
vt 0.917189 0.966864
vt 0.885348 0.956988
vt 0.413786 0.786099
vt 0.378489 0.259837
vt 0.384775 0.261513
vt 0.383990 0.278061
vt 0.371705 0.286118
vt 0.577223 0.031383
vt 0.579374 0.012767
vt 0.585290 0.030142
vt 0.036397 0.992629
vt 0.034384 0.990235
vt 0.037849 0.979363
vt 0.027486 0.991550
vt 0.055101 0.990658
vt 0.959402 0.354014
vt 0.892486 0.762218
vt 0.898619 0.732310
vt 0.014710 0.506534
vt 0.506095 0.642386
vt 0.527796 0.643921
vt 0.498964 0.658980
vt 0.523258 0.153440
vt 0.541482 0.124348
vt 0.548228 0.144338
vt 0.516415 0.131502
vt 0.774856 0.169150
vt 0.758850 0.162895
vt 0.766371 0.155582
vt 0.780066 0.158734
vt 0.799178 0.180299
vt 0.767901 0.181398
vt 0.753086 0.173145
vt 0.077189 0.610986
vt 0.083107 0.598521
vt 0.057448 0.605248
vt 0.868081 0.010254
vt 0.585332 0.315967
vt 0.515199 0.168648
vt 0.501919 0.179883
vt 0.521974 0.172626
vt 0.514252 0.179563
vt 0.521892 0.152440
vt 0.096341 0.899423
vt 0.764686 0.575280
vt 0.755880 0.577178
vt 0.146428 0.510950
vt 0.137594 0.512800
vt 0.156691 0.509946
vt 0.213770 0.429636
vt 0.211443 0.423065
vt 0.216217 0.420892
vt 0.145910 0.522813
vt 0.765168 0.306018
vt 0.779248 0.314000
vt 0.587958 0.013489
vt 0.575922 0.002058
vt 0.065528 0.992726
vt 0.865159 0.750154
vt 0.868593 0.742400
vt 0.871199 0.035243
vt 0.867255 0.036929
vt 0.864808 0.031839
vt 0.858977 0.744223
vt 0.636665 0.323776
vt 0.624267 0.293145
vt 0.642013 0.303454
vt 0.243248 0.246229
vt 0.254066 0.269495
vt 0.255360 0.292153
vt 0.740150 0.839724
vt 0.740669 0.830251
vt 0.740155 0.819179
vt 0.499871 0.860852
vt 0.493006 0.858494
vt 0.969674 0.220180
vt 0.031212 0.426688
vt 0.016606 0.445410
vt 0.041802 0.415254
vt 0.042622 0.429617
vt 0.028468 0.407505
vt 0.714659 0.714532
vt 0.715741 0.684927
vt 0.556265 0.854374
vt 0.895423 0.958074
vt 0.880630 0.930056
vt 0.903116 0.950410
vt 0.874572 0.500445
vt 0.892941 0.527906
vt 0.802945 0.164781
vt 0.812102 0.182884
vt 0.246009 0.774044
vt 0.256342 0.759034
vt 0.765052 0.960302
vt 0.775447 0.950449
vt 0.784423 0.956194
vt 0.247870 0.756414
vt 0.249844 0.789668
vt 0.223705 0.791109
vt 0.776361 0.967162
vt 0.840074 0.378137
vt 0.825007 0.362641
vt 0.843830 0.357656
vt 0.861808 0.368829
vt 0.856954 0.392237
vt 0.824163 0.383366
vt 0.467641 0.725861
vt 0.484639 0.749505
vt 0.443935 0.716303
vt 0.188347 0.967942
vt 0.180618 0.951368
vt 0.188374 0.945753
vt 0.899944 0.471491
vt 0.886452 0.482557
vt 0.886245 0.464406
vt 0.898450 0.455202
vt 0.905958 0.455828
vt 0.859012 0.205309
vt 0.850415 0.208644
vt 0.647625 0.460012
vt 0.632109 0.450216
vt 0.648125 0.431870
vt 0.013282 0.329913
vt 0.809684 0.133975
vt 0.795304 0.143977
vt 0.799125 0.132873
vt 0.816007 0.149162
vt 0.803090 0.124804
vt 0.813169 0.125993
vt 0.688391 0.020188
vt 0.695113 0.020720
vt 0.668527 0.020649
vt 0.213460 0.879393
vt 0.241176 0.879560
vt 0.163653 0.236503
vt 0.605025 0.233434
vt 0.603211 0.259464
vt 0.148927 0.276928
vt 0.123708 0.281352
vt 0.126803 0.271229
vt 0.128033 0.261993
vt 0.166668 0.287141
vt 0.143644 0.287454
vt 0.778763 0.082286
vt 0.797170 0.087900
vt 0.798106 0.444780
vt 0.798935 0.462590
vt 0.785472 0.438519
vt 0.777675 0.441376
vt 0.989581 0.944563
vt 0.983949 0.937174
vt 0.997359 0.940924
vt 0.997239 0.947929
vt 0.963880 0.123028
vt 0.967368 0.117390
vt 0.972677 0.120869
vt 0.967046 0.126571
vt 0.590345 0.029018
vt 0.592716 0.013574
vt 0.022372 0.987400
vt 0.020885 0.972260
vt 0.025096 0.987459
vt 0.930018 0.113753
vt 0.495564 0.035117
vt 0.253361 0.962252
vt 0.514214 0.096223
vt 0.515926 0.099088
vt 0.119778 0.673607
vt 0.112410 0.690516
vt 0.099404 0.684995
vt 0.131596 0.660906
vt 0.124371 0.676570
vt 0.115975 0.652313
vt 0.103906 0.667019
vt 0.016691 0.894645
vt 0.532348 0.789162
vt 0.913652 0.610582
vt 0.898797 0.603953
vt 0.903723 0.597277
vt 0.025498 0.223133
vt 0.425480 0.126298
vt 0.444255 0.119437
vt 0.441972 0.136539
vt 0.752389 0.149338
vt 0.430724 0.113276
vt 0.098798 0.041692
vt 0.100644 0.033288
vt 0.845192 0.987339
vt 0.415457 0.011435
vt 0.410755 0.033364
vt 0.401111 0.027937
vt 0.728481 0.992000
vt 0.727943 0.984999
vt 0.739906 0.989500
vt 0.422999 0.015043
vt 0.191698 0.343600
vt 0.196695 0.461525
vt 0.177536 0.466722
vt 0.175775 0.446571
vt 0.195655 0.484030
vt 0.722634 0.075851
vt 0.716166 0.084992
vt 0.706249 0.074327
vt 0.744783 0.066908
vt 0.736693 0.085349
vt 0.709730 0.066851
vt 0.935753 0.070684
vt 0.935004 0.068396
vt 0.951261 0.068187
vt 0.928526 0.080554
vt 0.866219 0.733671
vt 0.862728 0.740463
vt 0.875254 0.727539
vt 0.877419 0.738727
vt 0.859192 0.735607
vt 0.859353 0.729125
vt 0.865527 0.724985
vt 0.340558 0.082058
vt 0.321971 0.037202
vt 0.339744 0.033207
vt 0.329302 0.083235
vt 0.356035 0.037009
vt 0.349252 0.083320
vt 0.929756 0.379614
vt 0.946406 0.377851
vt 0.931032 0.390958
vt 0.874436 0.680778
vt 0.875375 0.690688
vt 0.861390 0.685443
vt 0.005827 0.851519
vt 0.007493 0.842219
vt 0.910210 0.854375
vt 0.891990 0.888485
vt 0.903195 0.845702
vt 0.917349 0.832306
vt 0.965183 0.103496
vt 0.967904 0.110789
vt 0.235320 0.418903
vt 0.233867 0.428402
vt 0.226837 0.419016
vt 0.248937 0.431173
vt 0.423410 0.967011
vt 0.435513 0.970461
vt 0.423647 0.978900
vt 0.421465 0.980726
vt 0.426237 0.954617
vt 0.437740 0.957737
vt 0.910615 0.046332
vt 0.910163 0.057123
vt 0.909223 0.039395
vt 0.493479 0.179420
vt 0.488105 0.174210
vt 0.482686 0.157414
vt 0.810236 0.024639
vt 0.547166 0.633152
vt 0.522784 0.627265
vt 0.518923 0.592907
vt 0.538550 0.636511
vt 0.894574 0.614299
vt 0.909481 0.614092
vt 0.905620 0.624263
vt 0.895603 0.603715
vt 0.996013 0.038853
vt 0.366151 0.920667
vt 0.364298 0.931820
vt 0.354956 0.917360
vt 0.825855 0.262965
vt 0.550372 0.462399
vt 0.554492 0.477624
vt 0.538452 0.491362
vt 0.517504 0.490277
vt 0.568808 0.461074
vt 0.112583 0.616937
vt 0.904290 0.780456
vt 0.956865 0.711295
vt 0.937395 0.749774
vt 0.967901 0.719486
vt 0.949116 0.704753
vt 0.846204 0.720232
vt 0.852141 0.720417
vt 0.947991 0.809441
vt 0.934998 0.799235
vt 0.949886 0.792892
vt 0.976629 0.809407
vt 0.952096 0.827227
vt 0.006310 0.786983
vt 0.020518 0.789003
vt 0.010306 0.773255
vt 0.176391 0.816540
vt 0.758028 0.567317
vt 0.464248 0.364315
vt 0.447891 0.377444
vt 0.643501 0.919437
vt 0.248412 0.083806
vt 0.264039 0.085396
vt 0.620790 0.909601
vt 0.633095 0.907482
vt 0.228065 0.084439
vt 0.934990 0.271002
vt 0.942988 0.285269
vt 0.004647 0.043975
vt 0.006442 0.032627
vt 0.014234 0.043464
vt 0.931568 0.231142
vt 0.943186 0.232479
vt 0.949802 0.252474
vt 0.976774 0.502865
vt 0.950953 0.500408
vt 0.070935 0.876109
vt 0.071256 0.894254
vt 0.876996 0.819723
vt 0.866112 0.822723
vt 0.526582 0.476666
vt 0.427789 0.800909
vt 0.423506 0.806449
vt 0.413020 0.799285
vt 0.528478 0.464458
vt 0.995001 0.378009
vt 0.996531 0.383184
vt 0.990642 0.263478
vt 0.996022 0.262533
vt 0.994622 0.264846
vt 0.991333 0.273784
vt 0.987342 0.267723
vt 0.989034 0.375751
vt 0.385861 0.951666
vt 0.385861 0.973916
vt 0.377447 0.968548
vt 0.337218 0.677289
vt 0.959499 0.361812
vt 0.963350 0.366127
vt 0.958298 0.365914
vt 0.954583 0.365114
vt 0.950933 0.360186
vt 0.058642 0.134199
vt 0.042142 0.137753
vt 0.175201 0.283701
vt 0.166689 0.278968
vt 0.170673 0.271638
vt 0.181990 0.279613
vt 0.643138 0.779602
vt 0.400433 0.051223
vt 0.418398 0.058399
vt 0.391084 0.067635
vt 0.388222 0.043347
vt 0.043734 0.086469
vt 0.030910 0.102680
vt 0.172563 0.724582
vt 0.974570 0.145703
vt 0.976492 0.143597
vt 0.982642 0.156066
vt 0.259361 0.186595
vt 0.240370 0.190187
vt 0.255558 0.168654
vt 0.841096 0.757403
vt 0.857355 0.766781
vt 0.840787 0.744730
vt 0.978469 0.810167
vt 0.918998 0.088324
vt 0.898385 0.423905
vt 0.745131 0.965271
vt 0.754892 0.965976
vt 0.753019 0.973411
vt 0.745621 0.961347
vt 0.744271 0.974599
vt 0.627252 0.049197
vt 0.616211 0.028819
vt 0.618019 0.020421
vt 0.892896 0.284377
vt 0.896366 0.289594
vt 0.699923 0.673169
vt 0.700006 0.689744
vt 0.680741 0.689512
vt 0.712427 0.662208
vt 0.716837 0.673368
vt 0.678571 0.982922
vt 0.643933 0.963435
vt 0.663782 0.852316
vt 0.659048 0.866352
vt 0.653577 0.866065
vt 0.660452 0.846662
vt 0.136045 0.682833
vt 0.131747 0.681041
vt 0.130212 0.701512
vt 0.788938 0.244889
vt 0.881729 0.972105
vt 0.338926 0.813008
vt 0.328305 0.827761
vt 0.338171 0.834708
vt 0.950183 0.759574
vt 0.948137 0.767758
vt 0.474469 0.846305
vt 0.489086 0.853083
vt 0.482739 0.848914
vt 0.769220 0.627293
vt 0.775720 0.642676
vt 0.887503 0.777655
vt 0.877112 0.760027
vt 0.267994 0.394291
vt 0.277849 0.391824
vt 0.278797 0.415924
vt 0.903781 0.784417
vt 0.887881 0.783448
vt 0.876157 0.782560
vt 0.806431 0.830272
vt 0.818150 0.825728
vt 0.826618 0.825864
vt 0.833097 0.840458
vt 0.844445 0.864479
vt 0.123863 0.167941
vt 0.128248 0.153899
vt 0.077672 0.114468
vt 0.514759 0.091214
vt 0.846506 0.205251
vt 0.839030 0.210003
vt 0.454908 0.384156
vt 0.480019 0.349402
vt 0.506047 0.139134
vt 0.511817 0.143785
vt 0.729067 0.976008
vt 0.738749 0.980247
vt 0.711543 0.982396
vt 0.061780 0.734152
vt 0.076800 0.746242
vt 0.061051 0.756465
vt 0.058061 0.739138
vt 0.084343 0.723863
vt 0.822622 0.466962
vt 0.031530 0.255440
vt 0.018663 0.263909
vt 0.418966 0.903275
vt 0.419843 0.915121
vt 0.416115 0.915165
vt 0.134003 0.089424
vt 0.729737 0.026996
vt 0.726690 0.045183
vt 0.730740 0.009110
vt 0.748259 0.016504
vt 0.711660 0.020943
vt 0.627375 0.558837
vt 0.594225 0.532232
vt 0.634362 0.526856
vt 0.641257 0.529066
vt 0.725876 0.907435
vt 0.713731 0.348547
vt 0.731072 0.326887
vt 0.725299 0.890553
vt 0.005389 0.299662
vt 0.016353 0.280734
vt 0.029533 0.299558
vt 0.891443 0.238967
vt 0.244120 0.078425
vt 0.251981 0.062807
vt 0.256776 0.080168
vt 0.243732 0.066952
vt 0.232216 0.083716
vt 0.871947 0.239239
vt 0.904401 0.246058
vt 0.290263 0.571425
vt 0.282588 0.576701
vt 0.309456 0.558914
vt 0.290779 0.577348
vt 0.314613 0.571607
vt 0.996130 0.552099
vt 0.980156 0.120785
vt 0.989168 0.117783
vt 0.990362 0.120133
vt 0.973587 0.116133
vt 0.975667 0.124659
vt 0.782406 0.657476
vt 0.176423 0.388053
vt 0.994927 0.606147
vt 0.981642 0.616477
vt 0.982697 0.600743
vt 0.999885 0.595367
vt 0.833711 0.824298
vt 0.851640 0.826330
vt 0.993859 0.619733
vt 0.821157 0.820687
vt 0.448316 0.952167
vt 0.454645 0.954882
vt 0.492654 0.029218
vt 0.832268 0.083491
vt 0.456353 0.050073
vt 0.518341 0.940092
vt 0.513454 0.929299
vt 0.512662 0.941917
vt 0.989559 0.105841
vt 0.981371 0.103042
vt 0.990369 0.091655
vt 0.997172 0.105872
vt 0.232786 0.709467
vt 0.231055 0.706789
vt 0.237817 0.706566
vt 0.865040 0.040697
vt 0.953789 0.339275
vt 0.951907 0.351272
vt 0.149303 0.093158
vt 0.146801 0.106361
vt 0.409819 0.904199
vt 0.739687 0.054065
vt 0.713695 0.640176
vt 0.697472 0.638387
vt 0.719082 0.620652
vt 0.730131 0.642870
vt 0.729289 0.651538
vt 0.713515 0.652073
vt 0.718251 0.310769
vt 0.731723 0.308778
vt 0.036784 0.278813
vt 0.033415 0.268297
vt 0.041260 0.276858
vt 0.045257 0.294320
vt 0.243471 0.059910
vt 0.250426 0.058185
vt 0.672888 0.377256
vt 0.692800 0.363246
vt 0.991727 0.049655
vt 0.061758 0.174216
vt 0.629763 0.184045
vt 0.633661 0.186614
vt 0.963035 0.547541
vt 0.970439 0.568495
vt 0.975167 0.111690
vt 0.960976 0.541291
vt 0.966634 0.534450
vt 0.752415 0.659093
vt 0.761095 0.675525
vt 0.750580 0.676554
vt 0.763730 0.658650
vt 0.738536 0.660979
vt 0.188194 0.726292
vt 0.195791 0.729373
vt 0.179814 0.739996
vt 0.178822 0.713871
vt 0.876797 0.673013
vt 0.884318 0.665619
vt 0.297919 0.140770
vt 0.315735 0.139483
vt 0.955579 0.553795
vt 0.945876 0.559897
vt 0.607899 0.939463
vt 0.945430 0.534551
vt 0.994730 0.817007
vt 0.992672 0.838853
vt 0.985307 0.815215
vt 0.087341 0.225554
vt 0.072266 0.241282
vt 0.388995 0.825946
vt 0.405292 0.818296
vt 0.396253 0.821640
vt 0.596480 0.094332
vt 0.606334 0.076655
vt 0.315951 0.565960
vt 0.334287 0.541521
vt 0.980597 0.354974
vt 0.974387 0.342771
vt 0.502642 0.674421
vt 0.504114 0.687305
vt 0.204620 0.620694
vt 0.220096 0.616066
vt 0.202739 0.632567
vt 0.788645 0.946879
vt 0.792687 0.939311
vt 0.799802 0.955529
vt 0.787121 0.932654
vt 0.781966 0.940702
vt 0.381057 0.373866
vt 0.369860 0.371730
vt 0.380167 0.403363
vt 0.934703 0.600975
vt 0.928508 0.613982
vt 0.360341 0.426777
vt 0.484408 0.323025
vt 0.146319 0.554604
vt 0.158435 0.533967
vt 0.167388 0.972566
vt 0.841858 0.288374
vt 0.861932 0.292788
vt 0.858618 0.310179
vt 0.006535 0.338787
vt 0.005751 0.345269
vt 0.971226 0.643670
vt 0.971459 0.637358
vt 0.974195 0.645149
vt 0.008084 0.331466
vt 0.771880 0.674284
vt 0.755778 0.694241
vt 0.170836 0.753266
vt 0.451614 0.978065
vt 0.451596 0.974510
vt 0.455491 0.972639
vt 0.403058 0.005923
vt 0.402505 0.021420
vt 0.390275 0.000763
vt 0.225208 0.065414
vt 0.908767 0.025408
vt 0.246621 0.818991
vt 0.243700 0.797636
vt 0.233306 0.808382
vt 0.894611 0.531098
vt 0.900939 0.506976
vt 0.913378 0.512046
vt 0.681516 0.107968
vt 0.676030 0.098193
vt 0.690225 0.096797
vt 0.890481 0.511693
vt 0.142366 0.343354
vt 0.156469 0.337014
vt 0.155504 0.347148
vt 0.980184 0.490676
vt 0.991904 0.295308
vt 0.285658 0.904939
vt 0.657061 0.784904
vt 0.654390 0.794165
vt 0.439840 0.252547
vt 0.425621 0.221863
vt 0.449448 0.226910
vt 0.600810 0.849203
vt 0.593366 0.852199
vt 0.588133 0.837118
vt 0.436873 0.260142
vt 0.463980 0.245407
vt 0.241555 0.027900
vt 0.276031 0.215742
vt 0.307224 0.963235
vt 0.208008 0.225382
vt 0.208502 0.234761
vt 0.849585 0.724567
vt 0.841104 0.718581
vt 0.851358 0.729598
vt 0.216645 0.229382
vt 0.698531 0.104269
vt 0.718717 0.104093
vt 0.874404 0.489581
vt 0.991496 0.661940
vt 0.997396 0.666199
vt 0.026535 0.922924
vt 0.037279 0.912010
vt 0.585633 0.939714
vt 0.657293 0.899236
vt 0.671960 0.916911
vt 0.985322 0.076586
vt 0.977453 0.072212
vt 0.992961 0.067772
vt 0.997025 0.079354
vt 0.983962 0.087789
vt 0.493820 0.519407
vt 0.512211 0.537798
vt 0.472860 0.507447
vt 0.473496 0.520764
vt 0.497065 0.534823
vt 0.765403 0.281856
vt 0.773948 0.268491
vt 0.776844 0.280900
vt 0.768429 0.266228
vt 0.762360 0.296145
vt 0.310088 0.966816
vt 0.257111 0.728663
vt 0.045570 0.147889
vt 0.165897 0.236902
vt 0.064045 0.488527
vt 0.061002 0.477544
vt 0.588634 0.683774
vt 0.591690 0.668521
vt 0.575296 0.667453
vt 0.939189 0.096987
vt 0.049388 0.828541
vt 0.043015 0.839106
vt 0.043769 0.835105
vt 0.047766 0.825325
vt 0.048536 0.821380
vt 0.304204 0.312094
vt 0.238699 0.971378
vt 0.119766 0.293424
vt 0.238966 0.362038
vt 0.465539 0.411493
vt 0.482787 0.428093
vt 0.452877 0.432735
vt 0.856618 0.185174
vt 0.579499 0.648787
vt 0.565850 0.642528
vt 0.573174 0.637306
vt 0.594235 0.888155
vt 0.576626 0.900612
vt 0.590622 0.877674
vt 0.323874 0.782151
vt 0.573130 0.653007
vt 0.940960 0.604307
vt 0.179841 0.042372
vt 0.950691 0.600311
vt 0.463948 0.671121
vt 0.639441 0.220788
vt 0.210221 0.676515
vt 0.637659 0.203251
vt 0.353570 0.204323
vt 0.730293 0.553758
vt 0.357347 0.235154
vt 0.978316 0.570489
vt 0.904947 0.211274
vt 0.913852 0.192571
vt 0.912929 0.221531
vt 0.820591 0.599244
vt 0.801061 0.582344
vt 0.818789 0.581546
vt 0.239685 0.336756
vt 0.215050 0.341329
vt 0.241978 0.354751
vt 0.794747 0.822180
vt 0.794683 0.829879
vt 0.954191 0.121136
vt 0.956210 0.122129
vt 0.488858 0.843385
vt 0.488450 0.846245
vt 0.861363 0.880954
vt 0.856599 0.852191
vt 0.083957 0.101445
vt 0.853236 0.885429
vt 0.837432 0.874478
vt 0.726117 0.816782
vt 0.889339 0.420727
vt 0.900146 0.433075
vt 0.250540 0.010686
vt 0.232147 0.024049
vt 0.236351 0.000757
vt 0.873591 0.415713
vt 0.382124 0.923023
vt 0.379390 0.920627
vt 0.385985 0.909122
vt 0.371315 0.933772
vt 0.177262 0.923575
vt 0.188112 0.943980
vt 0.183150 0.947227
vt 0.909539 0.716520
vt 0.900804 0.725497
vt 0.923985 0.703587
vt 0.734183 0.251969
vt 0.638086 0.946737
vt 0.621346 0.969778
vt 0.621747 0.936165
vt 0.706550 0.248833
vt 0.283998 0.093488
vt 0.279429 0.090234
vt 0.623174 0.896528
vt 0.150798 0.886167
vt 0.151874 0.892548
vt 0.158548 0.890267
vt 0.146712 0.875866
vt 0.518172 0.076084
vt 0.623097 0.103929
vt 0.627593 0.095654
vt 0.018147 0.454927
vt 0.000150 0.454927
vt 0.019025 0.446872
vt 0.018930 0.463112
vt 0.723074 0.723319
vt 0.750331 0.714256
vt 0.750979 0.747105
vt 0.727511 0.741400
vt 0.979850 0.685014
vt 0.301258 0.392873
vt 0.078301 0.371675
vt 0.086224 0.358045
vt 0.098097 0.353418
vt 0.102164 0.363042
vt 0.094502 0.863530
vt 0.077239 0.866904
vt 0.074214 0.856363
vt 0.090534 0.851683
vt 0.106088 0.857176
vt 0.068055 0.805655
vt 0.052483 0.826020
vt 0.862552 0.151025
vt 0.888726 0.159843
vt 0.037292 0.799750
vt 0.060010 0.780898
vt 0.078910 0.783318
vt 0.096558 0.815264
vt 0.600897 0.148035
vt 0.587776 0.153954
vt 0.595568 0.135513
vt 0.137212 0.136836
vt 0.131497 0.137931
vt 0.141310 0.121817
vt 0.921460 0.430024
vt 0.935269 0.424747
vt 0.975446 0.940346
vt 0.688909 0.441938
vt 0.690369 0.419672
vt 0.703853 0.449137
vt 0.687529 0.456141
vt 0.700987 0.461604
vt 0.214132 0.489852
vt 0.676417 0.204292
vt 0.666360 0.216916
vt 0.958863 0.455033
vt 0.979066 0.461058
vt 0.931601 0.424200
vt 0.915594 0.414182
vt 0.927200 0.413056
vt 0.967125 0.447530
vt 0.305843 0.917282
vt 0.311072 0.913914
vt 0.307421 0.919652
vt 0.304880 0.922950
vt 0.965475 0.837566
vt 0.970748 0.815443
vt 0.973364 0.837253
vt 0.088940 0.147122
vt 0.074815 0.163518
vt 0.098397 0.145142
vt 0.945624 0.990523
vt 0.925464 0.996643
vt 0.923540 0.986303
vt 0.088411 0.138104
vt 0.412142 0.812977
vt 0.420464 0.809972
vt 0.303822 0.265333
vt 0.317853 0.259501
vt 0.321590 0.270649
vt 0.581995 0.230101
vt 0.576414 0.257366
vt 0.559400 0.220705
vt 0.290395 0.272524
vt 0.015970 0.361871
vt 0.353910 0.759914
vt 0.104042 0.929516
vt 0.901819 0.164374
vt 0.880644 0.154239
vt 0.688366 0.975756
vt 0.003866 0.733878
vt 0.025087 0.721626
vt 0.041096 0.735221
vt 0.476890 0.888463
vt 0.489314 0.310868
vt 0.010398 0.953009
vt 0.016546 0.940631
vt 0.019760 0.953403
vt 0.419087 0.708779
vt 0.203768 0.731923
vt 0.202211 0.719062
vt 0.945686 0.050133
vt 0.954787 0.067536
vt 0.943222 0.054178
vt 0.964099 0.064930
vt 0.932650 0.043771
vt 0.939406 0.033775
vt 0.127135 0.430320
vt 0.140131 0.431965
vt 0.125200 0.443901
vt 0.233730 0.363265
vt 0.224383 0.360295
vt 0.907543 0.812812
vt 0.492925 0.633030
vt 0.484744 0.613926
vt 0.494538 0.615080
vt 0.503763 0.627800
vt 0.485636 0.632439
vt 0.535788 0.063043
vt 0.411755 0.450509
vt 0.328299 0.169955
vt 0.336591 0.153311
vt 0.207436 0.213927
vt 0.222559 0.194848
vt 0.344182 0.178768
vt 0.052656 0.417589
vt 0.911952 0.948240
vt 0.925183 0.957439
vt 0.210391 0.012874
vt 0.202311 0.012436
vt 0.636290 0.177876
vt 0.985503 0.487478
vt 0.995113 0.472576
vt 0.997169 0.484967
vt 0.360404 0.425613
vt 0.365795 0.404315
vt 0.349486 0.402977
vt 0.643606 0.065052
vt 0.651445 0.063631
vt 0.572510 0.798792
vt 0.556807 0.800474
vt 0.561790 0.807380
vt 0.566831 0.778394
vt 0.228006 0.094721
vt 0.904779 0.204869
vt 0.067163 0.247993
vt 0.527464 0.910605
vt 0.352431 0.766378
vt 0.359699 0.747517
vt 0.048058 0.427520
vt 0.373876 0.972429
vt 0.373876 0.949687
vt 0.385298 0.949535
vt 0.035986 0.476468
vt 0.019792 0.463210
vt 0.029749 0.457589
vt 0.041070 0.434724
vt 0.908290 0.251861
vt 0.274465 0.560698
vt 0.999944 0.119629
vt 0.169151 0.434861
vt 0.323813 0.243547
vt 0.973536 0.129234
vt 0.921948 0.025868
vt 0.917117 0.026292
vt 0.920659 0.035918
vt 0.143661 0.212874
vt 0.149765 0.227174
vt 0.034376 0.370611
vt 0.044776 0.356954
vt 0.370054 0.940562
vt 0.384468 0.922113
vt 0.377499 0.948171
vt 0.267548 0.470239
vt 0.269537 0.454844
vt 0.289876 0.449430
vt 0.981477 0.991220
vt 0.983280 0.975374
vt 0.973539 0.993518
vt 0.418998 0.348010
vt 0.409143 0.320711
vt 0.427775 0.327752
vt 0.426056 0.362654
vt 0.703231 0.610559
vt 0.663958 0.711568
vt 0.646263 0.708710
vt 0.961972 0.534763
vt 0.516638 0.106514
vt 0.507669 0.123038
vt 0.778780 0.008863
vt 0.836008 0.719986
vt 0.822588 0.702646
vt 0.846772 0.702360
vt 0.423860 0.296176
vt 0.848080 0.336490
vt 0.831096 0.340161
vt 0.820553 0.735242
vt 0.968913 0.731838
vt 0.766616 0.931130
vt 0.787588 0.927270
vt 0.753740 0.948510
vt 0.745783 0.935187
vt 0.778629 0.938144
vt 0.132320 0.514797
vt 0.121822 0.527609
vt 0.134698 0.522970
vt 0.451711 0.493169
vt 0.466327 0.493233
vt 0.374739 0.249051
vt 0.586504 0.002018
vt 0.161853 0.449386
vt 0.146551 0.435305
vt 0.162648 0.427760
vt 0.268126 0.354839
vt 0.758348 0.865246
vt 0.741051 0.849650
vt 0.186159 0.248892
vt 0.183968 0.259887
vt 0.560015 0.105765
vt 0.053366 0.120390
vt 0.097837 0.972228
vt 0.103767 0.951191
vt 0.106692 0.970511
vt 0.754021 0.189208
vt 0.776370 0.212556
vt 0.746828 0.184109
vt 0.037903 0.604093
vt 0.029918 0.588346
vt 0.054168 0.591566
vt 0.652183 0.480297
vt 0.316576 0.879231
vt 0.304099 0.871885
vt 0.121191 0.227889
vt 0.132152 0.225165
vt 0.302742 0.881096
vt 0.730957 0.478115
vt 0.873172 0.775938
vt 0.021407 0.714519
vt 0.027017 0.721353
vt 0.115541 0.381489
vt 0.133378 0.379216
vt 0.114395 0.813774
vt 0.927959 0.450348
vt 0.937477 0.927389
vt 0.952007 0.417952
vt 0.945525 0.403356
vt 0.021147 0.137722
vt 0.824033 0.105302
vt 0.613733 0.456686
vt 0.616854 0.446957
vt 0.627029 0.459894
vt 0.595636 0.455639
vt 0.014383 0.360957
vt 0.006270 0.354773
vt 0.399203 0.497290
vt 0.369585 0.485081
vt 0.050501 0.361784
vt 0.915089 0.634710
vt 0.314829 0.498165
vt 0.324875 0.483948
vt 0.324204 0.496206
vt 0.311400 0.486713
vt 0.321071 0.514786
vt 0.305329 0.515469
vt 0.886754 0.142066
vt 0.874616 0.142971
vt 0.680723 0.954071
vt 0.700094 0.968176
vt 0.503012 0.298989
vt 0.420166 0.555526
vt 0.395739 0.549442
vt 0.440343 0.559774
vt 0.434104 0.579164
vt 0.426007 0.534222
vt 0.711426 0.095889
vt 0.700154 0.087323
vt 0.735142 0.099294
vt 0.990483 0.973421
vt 0.996571 0.958852
vt 0.698125 0.123542
vt 0.692601 0.109050
vt 0.499231 0.852468
vt 0.621747 0.160529
vt 0.244598 0.982073
vt 0.252197 0.979080
vt 0.552366 0.072324
vt 0.538557 0.036131
vt 0.241938 0.970040
vt 0.666253 0.688908
vt 0.663480 0.678120
vt 0.092961 0.642851
vt 0.106525 0.648906
vt 0.100012 0.628747
vt 0.799267 0.941708
vt 0.798023 0.947754
vt 0.074317 0.898743
vt 0.076732 0.888670
vt 0.095327 0.895064
vt 0.418318 0.636629
vt 0.432671 0.629086
vt 0.424505 0.646922
vt 0.066099 0.778244
vt 0.074441 0.773992
vt 0.057801 0.762410
vt 0.996641 0.783340
vt 0.124799 0.783479
vt 0.132904 0.798729
vt 0.211450 0.139274
vt 0.194173 0.135557
vt 0.215228 0.124053
vt 0.120330 0.761343
vt 0.132941 0.773612
vt 0.941044 0.470520
vt 0.930253 0.465598
vt 0.922744 0.454098
vt 0.779217 0.287508
vt 0.799668 0.295139
vt 0.356835 0.175250
vt 0.355078 0.161096
vt 0.262116 0.954257
vt 0.279871 0.955043
vt 0.243988 0.954280
vt 0.247434 0.929529
vt 0.752590 0.891684
vt 0.769440 0.868853
vt 0.770410 0.901458
vt 0.354848 0.095176
vt 0.342733 0.100460
vt 0.511809 0.941494
vt 0.515625 0.990322
vt 0.501373 0.987710
vt 0.499877 0.943003
vt 0.371409 0.042233
vt 0.904200 0.289523
vt 0.958198 0.096280
vt 0.960840 0.092441
vt 0.962551 0.100457
vt 0.950686 0.086011
vt 0.569749 0.268188
vt 0.583105 0.278154
vt 0.456366 0.961685
vt 0.456022 0.968111
vt 0.457179 0.955780
vt 0.463787 0.957425
vt 0.461678 0.965861
vt 0.961956 0.926464
vt 0.962779 0.929597
vt 0.870198 0.065504
vt 0.878527 0.066150
vt 0.859978 0.063625
vt 0.951928 0.927038
vt 0.873368 0.307825
vt 0.021573 0.359763
vt 0.438283 0.582776
vt 0.443814 0.548509
vt 0.465080 0.560309
vt 0.448973 0.602463
vt 0.101073 0.720207
vt 0.791115 0.129729
vt 0.785212 0.134101
vt 0.785364 0.117202
vt 0.795509 0.118489
vt 0.320794 0.377464
vt 0.846185 0.609068
vt 0.872606 0.608279
vt 0.547945 0.145803
vt 0.858108 0.622676
vt 0.824458 0.612379
vt 0.005028 0.402846
vt 0.727696 0.922593
vt 0.734586 0.943845
vt 0.716185 0.929725
vt 0.713892 0.912001
vt 0.553634 0.079117
vt 0.549293 0.089584
vt 0.547463 0.076741
vt 0.986501 0.846573
vt 0.983163 0.853002
vt 0.977274 0.851565
vt 0.995249 0.848385
vt 0.979578 0.844305
vt 0.069665 0.915134
vt 0.981311 0.688172
vt 0.278390 0.386577
vt 0.314055 0.523608
vt 0.062734 0.361866
vt 0.071351 0.358531
vt 0.061949 0.365860
vt 0.310650 0.542246
vt 0.053837 0.357433
vt 0.058582 0.349062
vt 0.163783 0.257841
vt 0.162238 0.269209
vt 0.645307 0.772515
vt 0.656687 0.757444
vt 0.659809 0.774502
vt 0.658702 0.779029
vt 0.635961 0.752908
vt 0.554864 0.407454
vt 0.858454 0.957236
vt 0.878379 0.970316
vt 0.860014 0.973917
vt 0.832619 0.965341
vt 0.837051 0.948877
vt 0.270700 0.962592
vt 0.263682 0.959445
vt 0.208783 0.967330
vt 0.195993 0.974470
vt 0.412417 0.984902
vt 0.171762 0.599496
vt 0.921370 0.102879
vt 0.933614 0.122566
vt 0.932246 0.151279
vt 0.969457 0.619973
vt 0.969233 0.606448
vt 0.248235 0.744810
vt 0.253321 0.737717
vt 0.259293 0.750705
vt 0.303360 0.932622
vt 0.712620 0.795935
vt 0.547328 0.510549
vt 0.536268 0.532526
vt 0.575276 0.471287
vt 0.262511 0.054935
vt 0.083589 0.690243
vt 0.093996 0.701199
vt 0.073753 0.703142
vt 0.472757 0.802886
vt 0.462657 0.808807
vt 0.908426 0.090871
vt 0.904200 0.085712
vt 0.908208 0.087395
vt 0.942233 0.924043
vt 0.949255 0.930221
vt 0.851695 0.057314
vt 0.952326 0.334596
vt 0.953444 0.331597
vt 0.835150 0.926663
vt 0.861015 0.922246
vt 0.858590 0.949020
vt 0.864913 0.933499
vt 0.077357 0.877779
vt 0.561380 0.645343
vt 0.557371 0.641798
vt 0.549111 0.643157
vt 0.554338 0.684049
vt 0.557890 0.710088
vt 0.533220 0.709079
vt 0.553916 0.662951
vt 0.572516 0.681776
vt 0.529946 0.683713
vt 0.309633 0.923912
vt 0.306848 0.925008
vt 0.557393 0.429163
vt 0.713368 0.430806
vt 0.545842 0.418420
vt 0.935432 0.180078
vt 0.426759 0.862496
vt 0.444241 0.861000
vt 0.803259 0.819246
vt 0.947755 0.822869
vt 0.166270 0.973316
vt 0.152531 0.992226
vt 0.147425 0.973149
vt 0.973234 0.368241
vt 0.430207 0.888745
vt 0.437229 0.879233
vt 0.452200 0.891756
vt 0.424883 0.865735
vt 0.508913 0.020379
vt 0.524023 0.017200
vt 0.528770 0.022894
vt 0.378808 0.130735
vt 0.358247 0.142220
vt 0.894405 0.617503
vt 0.889979 0.594157
vt 0.626797 0.667991
vt 0.610534 0.668419
vt 0.648862 0.670319
vt 0.650217 0.679620
vt 0.674951 0.932337
vt 0.945737 0.149914
vt 0.324615 0.240131
vt 0.766132 0.321284
vt 0.927415 0.647912
vt 0.567172 0.913404
vt 0.569174 0.923788
vt 0.549489 0.919281
vt 0.809768 0.034571
vt 0.997328 0.092039
vt 0.103127 0.933588
vt 0.842224 0.249621
vt 0.859607 0.254755
vt 0.838434 0.266157
vt 0.193778 0.491303
vt 0.230457 0.904789
vt 0.207237 0.878140
vt 0.575947 0.964559
vt 0.947256 0.080617
vt 0.942433 0.083346
vt 0.943543 0.075705
vt 0.221748 0.578493
vt 0.158219 0.177709
vt 0.174193 0.160122
vt 0.188422 0.166168
vt 0.833809 0.449901
vt 0.845873 0.456538
vt 0.180237 0.881801
vt 0.186914 0.910961
vt 0.825118 0.467128
vt 0.133414 0.615411
vt 0.956514 0.578804
vt 0.950500 0.583927
vt 0.951565 0.567599
vt 0.968643 0.585508
vt 0.962709 0.590577
vt 0.974032 0.713372
vt 0.987918 0.657602
vt 0.983228 0.663035
vt 0.983098 0.658479
vt 0.991860 0.654143
vt 0.992742 0.659266
vt 0.986195 0.653771
vt 0.986748 0.663484
vt 0.743474 0.695582
vt 0.738517 0.677155
vt 0.718604 0.697660
vt 0.936274 0.483466
vt 0.957938 0.709809
vt 0.691154 0.070957
vt 0.961366 0.074594
vt 0.998792 0.467992
vt 0.804705 0.559931
vt 0.834714 0.558679
vt 0.835571 0.579930
vt 0.983553 0.438889
vt 0.984130 0.446798
vt 0.747566 0.880562
vt 0.725837 0.873675
vt 0.752800 0.873013
vt 0.988560 0.986318
vt 0.997115 0.978720
vt 0.986684 0.977132
vt 0.647780 0.882545
vt 0.646280 0.864344
vt 0.656260 0.881143
vt 0.660791 0.648578
vt 0.644936 0.657630
vt 0.525856 0.551834
vt 0.512914 0.541571
vt 0.550508 0.545190
vt 0.729646 0.509080
vt 0.112928 0.395310
vt 0.198868 0.980033
vt 0.071626 0.268234
vt 0.570894 0.662993
vt 0.980322 0.396479
vt 0.974402 0.389282
vt 0.571522 0.850688
vt 0.486625 0.985196
vt 0.103057 0.143220
vt 0.100957 0.137706
vt 0.428845 0.513033
vt 0.427252 0.490972
vt 0.452121 0.511654
vt 0.149932 0.124691
vt 0.171372 0.113511
vt 0.178059 0.140927
vt 0.448236 0.536495
vt 0.803909 0.223558
vt 0.794276 0.220243
vt 0.798128 0.198705
vt 0.377203 0.030472
vt 0.368542 0.036915
vt 0.386346 0.025645
vt 0.386567 0.042982
vt 0.505819 0.789840
vt 0.515689 0.763938
vt 0.529264 0.791599
vt 0.486878 0.781273
vt 0.559305 0.326541
vt 0.794927 0.352371
vt 0.807078 0.368426
vt 0.788321 0.371479
vt 0.500444 0.136046
vt 0.813446 0.345981
vt 0.041651 0.529723
vt 0.152295 0.370932
vt 0.466082 0.510676
vt 0.466490 0.523900
vt 0.452086 0.513657
vt 0.626092 0.075780
vt 0.616804 0.087617
vt 0.377127 0.295788
vt 0.222205 0.260470
vt 0.458567 0.873095
vt 0.466216 0.882385
vt 0.775714 0.086630
vt 0.772205 0.100874
vt 0.219155 0.360330
vt 0.302109 0.187538
vt 0.155841 0.894451
vt 0.748151 0.561337
vt 0.753015 0.569319
vt 0.738373 0.563332
vt 0.666611 0.490030
vt 0.685276 0.477333
vt 0.688120 0.500426
vt 0.943930 0.889131
vt 0.008246 0.136832
vt 0.806611 0.115424
vt 0.799428 0.109969
vt 0.816052 0.116598
vt 0.825273 0.292019
vt 0.825466 0.277489
vt 0.816856 0.302926
vt 0.814755 0.281673
vt 0.060135 0.569850
vt 0.320696 0.471704
vt 0.941152 0.163925
vt 0.943227 0.173697
vt 0.941016 0.179460
vt 0.837242 0.794064
vt 0.848008 0.807415
vt 0.571823 0.888172
vt 0.557586 0.893171
vt 0.563419 0.879423
vt 0.581223 0.869958
vt 0.755729 0.982943
vt 0.893207 0.301655
vt 0.278682 0.970285
vt 0.006987 0.805623
vt 0.376073 0.904507
vt 0.487384 0.261587
vt 0.476780 0.222385
vt 0.496500 0.238465
vt 0.979582 0.499764
vt 0.988464 0.504819
vt 0.984822 0.508347
vt 0.613651 0.099434
vt 0.754872 0.483467
vt 0.858047 0.565784
vt 0.972448 0.143293
vt 0.081499 0.759263
vt 0.101257 0.757917
vt 0.077681 0.747322
vt 0.089652 0.744066
vt 0.429923 0.086337
vt 0.436508 0.072261
vt 0.297678 0.679911
vt 0.308269 0.632933
vt 0.190620 0.287280
vt 0.187760 0.274104
vt 0.197429 0.283403
vt 0.423040 0.035789
vt 0.731020 0.542464
vt 0.745131 0.540002
vt 0.811597 0.958191
vt 0.110958 0.477942
vt 0.079338 0.485486
vt 0.176450 0.533007
vt 0.192517 0.548976
vt 0.196039 0.570573
vt 0.765456 0.642228
vt 0.762078 0.609977
vt 0.162601 0.794480
vt 0.989781 0.721074
vt 0.994881 0.717853
vt 0.934101 0.806358
vt 0.904584 0.798291
vt 0.921920 0.786382
vt 0.934374 0.786842
vt 0.901052 0.812909
vt 0.806618 0.823639
vt 0.836724 0.909964
vt 0.812630 0.819080
vt 0.944142 0.692564
vt 0.927170 0.702819
vt 0.368537 0.931791
vt 0.025689 0.593022
vt 0.004285 0.622482
vt 0.004451 0.593375
vt 0.945032 0.663791
vt 0.280577 0.637725
vt 0.463123 0.929589
vt 0.761394 0.340946
vt 0.781884 0.358583
vt 0.767866 0.370028
vt 0.776978 0.337185
vt 0.401341 0.951011
vt 0.096459 0.349213
vt 0.084304 0.353534
vt 0.093509 0.335109
vt 0.387288 0.952891
vt 0.969401 0.308068
vt 0.960168 0.313463
vt 0.959077 0.304106
vt 0.972368 0.277053
vt 0.265642 0.987827
vt 0.274304 0.981862
vt 0.190236 0.109049
vt 0.163498 0.090072
vt 0.550845 0.327427
vt 0.910322 0.996449
vt 0.906572 0.986907
vt 0.968755 0.101863
vt 0.662705 0.153774
vt 0.949070 0.166743
vt 0.948616 0.169067
vt 0.486739 0.202810
vt 0.877946 0.900842
vt 0.877028 0.913661
vt 0.861051 0.913014
vt 0.011923 0.003969
vt 0.126409 0.013102
vt 0.139410 0.024424
vt 0.758138 0.353373
vt 0.746108 0.326739
vt 0.762032 0.328458
vt 0.737278 0.067538
vt 0.723417 0.045503
vt 0.114712 0.747007
vt 0.356499 0.379885
vt 0.793366 0.434812
vt 0.700460 0.144234
vt 0.698724 0.125394
vt 0.707309 0.121492
vt 0.952570 0.119265
vt 0.992803 0.350120
vt 0.995320 0.354738
vt 0.965810 0.331615
vt 0.611556 0.957448
vt 0.611556 0.950562
vt 0.616868 0.954089
vt 0.958884 0.333869
vt 0.964273 0.326333
vt 0.655911 0.324244
vt 0.852601 0.121321
vt 0.527082 0.105018
vt 0.007763 0.093337
vt 0.030206 0.114776
vt 0.148093 0.676214
vt 0.963940 0.590898
vt 0.145878 0.061959
vt 0.140826 0.038756
vt 0.163611 0.037262
vt 0.861369 0.412107
vt 0.615475 0.951708
vt 0.212086 0.559373
vt 0.207466 0.560568
vt 0.206935 0.542862
vt 0.765331 0.958016
vt 0.236095 0.545625
vt 0.229262 0.428709
vt 0.215959 0.409150
vt 0.388781 0.288328
vt 0.604581 0.096495
vt 0.852402 0.740942
vt 0.262130 0.435692
vt 0.262313 0.417477
vt 0.088542 0.062967
vt 0.906897 0.583094
vt 0.175915 0.797848
vt 0.189949 0.806346
vt 0.653034 0.465228
vt 0.703393 0.473355
vt 0.143115 0.571147
vt 0.640124 0.188396
vt 0.982861 0.556687
vt 0.198868 0.424172
vt 0.211643 0.408662
vt 0.892870 0.493614
vt 0.180897 0.627164
vt 0.171207 0.636502
vt 0.171196 0.618680
vt 0.769910 0.143631
vt 0.757058 0.140783
vt 0.191422 0.617816
vt 0.783508 0.145795
vt 0.952175 0.499645
vt 0.281427 0.937578
vt 0.622378 0.007677
vt 0.579971 0.847037
vt 0.931721 0.959448
vt 0.179494 0.099427
vt 0.251953 0.959825
vt 0.244715 0.958268
vt 0.250013 0.963199
vt 0.242559 0.962142
vt 0.121870 0.949315
vt 0.121981 0.931819
vt 0.124980 0.985348
vt 0.120433 0.985045
vt 0.146635 0.983086
vt 0.011478 0.886792
vt 0.928174 0.564930
vt 0.021211 0.531661
vt 0.986374 0.255061
vt 0.988454 0.243851
vt 0.970110 0.068197
vt 0.366915 0.944145
vt 0.361914 0.975504
vt 0.690539 0.163782
vt 0.711370 0.180501
vt 0.687649 0.190102
vt 0.708353 0.196410
vt 0.833149 0.324534
vt 0.556809 0.646922
vt 0.527049 0.661440
vt 0.188208 0.859079
vt 0.202265 0.861398
vt 0.184056 0.880934
vt 0.979595 0.669932
vt 0.983293 0.672380
vt 0.273475 0.087803
vt 0.623935 0.903458
vt 0.003655 0.019190
vt 0.983059 0.837404
vt 0.130414 0.786780
vt 0.000489 0.468623
vt 0.001326 0.442631
vt 0.493584 0.807605
vt 0.387445 0.116495
vt 0.362458 0.096735
vt 0.067043 0.496511
vt 0.349272 0.738385
vt 0.183568 0.005893
vt 0.197311 0.015878
vt 0.183864 0.028732
vt 0.715311 0.678151
vt 0.350475 0.282467
vt 0.333674 0.301395
vt 0.903290 0.169272
vt 0.891694 0.174672
vt 0.009635 0.822050
vt 0.032174 0.822722
vt 0.032339 0.828032
vt 0.544720 0.980340
vt 0.544720 0.959712
vt 0.554505 0.979350
vt 0.462942 0.966926
vt 0.462942 0.985529
vt 0.450753 0.981159
vt 0.244194 0.715981
vt 0.250090 0.728732
vt 0.436570 0.585271
vt 0.678504 0.754787
vt 0.696107 0.738800
vt 0.697620 0.741712
vt 0.591473 0.369897
vt 0.584182 0.370923
vt 0.593153 0.363434
vt 0.029179 0.546707
vt 0.019124 0.546891
vt 0.187345 0.939948
vt 0.177513 0.918865
vt 0.186979 0.913282
vt 0.473460 0.492998
vt 0.376287 0.256103
vt 0.445676 0.861721
vt 0.999996 0.265981
vt 0.997198 0.272648
vt 0.514867 0.078192
vt 0.514127 0.085761
vt 0.504759 0.080465
vt 0.513044 0.072500
vt 0.271482 0.034472
vt 0.275256 0.022856
vt 0.279940 0.034508
vt 0.158706 0.159515
vt 0.145522 0.162394
vt 0.160014 0.147380
vt 0.815104 0.797084
vt 0.216754 0.358422
vt 0.294110 0.935378
vt 0.633211 0.008019
vt 0.600302 0.378200
vt 0.614714 0.750534
vt 0.395018 0.480382
vt 0.766779 0.086808
vt 0.767761 0.098805
vt 0.751590 0.090777
vt 0.755334 0.069520
vt 0.133735 0.844256
vt 0.360511 0.037254
vt 0.378311 0.046266
vt 0.513795 0.199751
vt 0.500895 0.197001
vt 0.867288 0.960657
vt 0.870325 0.945517
vt 0.877696 0.957442
vt 0.523949 0.197587
vt 0.261160 0.635450
vt 0.972424 0.483134
vt 0.216368 0.087282
vt 0.893847 0.732013
vt 0.316012 0.817001
vt 0.792170 0.542622
vt 0.784654 0.509864
vt 0.788347 0.495835
vt 0.809371 0.498935
vt 0.871467 0.862993
vt 0.862811 0.874180
vt 0.557547 0.104916
vt 0.253284 0.024132
vt 0.253990 0.011052
vt 0.265389 0.009835
vt 0.861957 0.166037
vt 0.008157 0.171624
vt 0.901261 0.492815
vt 0.918084 0.475111
vt 0.818296 0.028998
vt 0.825647 0.051622
vt 0.811046 0.035965
vt 0.284809 0.619951
vt 0.713482 0.180820
vt 0.699479 0.164061
vt 0.629129 0.149620
vt 0.962885 0.846142
vt 0.007366 0.367483
vt 0.973354 0.840847
vt 0.024198 0.974161
vt 0.809189 0.035925
vt 0.125329 0.459262
vt 0.222131 0.702828
vt 0.673857 0.283740
vt 0.656655 0.285277
vt 0.664829 0.293205
vt 0.856371 0.741503
vt 0.594874 0.657871
vt 0.685873 0.083171
vt 0.761225 0.315288
vt 0.749851 0.309146
vt 0.491566 0.820613
vt 0.481308 0.812405
vt 0.318135 0.306658
vt 0.898654 0.076416
vt 0.569525 0.186266
vt 0.580269 0.195453
vt 0.925695 0.617814
vt 0.949040 0.305949
vt 0.204976 0.992439
vt 0.399671 0.963861
vt 0.347306 0.498470
vt 0.973691 0.996719
vt 0.423972 0.031028
vt 0.429293 0.030536
vt 0.452355 0.063406
vt 0.009394 0.268830
vt 0.714523 0.895598
vt 0.995854 0.308627
vt 0.931121 0.393532
vt 0.329843 0.894452
vt 0.297280 0.582608
vt 0.975948 0.637216
vt 0.974499 0.628160
vt 0.773095 0.658274
vt 0.875295 0.658475
vt 0.889118 0.657330
vt 0.144028 0.013679
vt 0.182047 0.037210
vt 0.315874 0.454918
vt 0.964235 0.074994
vt 0.994457 0.359099
vt 0.989725 0.359674
vt 0.472261 0.841061
vt 0.674445 0.199525
vt 0.164712 0.085134
vt 0.254151 0.982369
vt 0.980545 0.704453
vt 0.731337 0.582595
vt 0.730638 0.571783
vt 0.749135 0.573256
vt 0.836073 0.208594
vt 0.833112 0.211490
vt 0.735980 0.589956
vt 0.376443 0.059326
vt 0.029674 0.820325
vt 0.540183 0.896927
vt 0.539820 0.886963
vt 0.935511 0.078717
vt 0.126425 0.385245
vt 0.869268 0.395794
vt 0.711773 0.292024
vt 0.084572 0.020690
vt 0.712013 0.992663
vt 0.481369 0.567444
vt 0.486061 0.589664
vt 0.472224 0.591845
vt 0.310972 0.972441
vt 0.495671 0.571792
vt 0.730496 0.120171
vt 0.011113 0.054816
vt 0.018308 0.058772
vt 0.943439 0.540999
vt 0.957069 0.194648
vt 0.950797 0.233491
vt 0.259890 0.313684
vt 0.077362 0.340524
vt 0.546233 0.570870
vt 0.544753 0.552512
vt 0.566483 0.538877
vt 0.273398 0.674937
vt 0.628766 0.689943
vt 0.384994 0.925096
vt 0.384994 0.948806
vt 0.379347 0.946394
vt 0.692652 0.983161
vt 0.565596 0.652115
vt 0.806250 0.386984
vt 0.437673 0.675333
vt 0.614154 0.208923
vt 0.636295 0.458877
vt 0.980334 0.433864
vt 0.687909 0.154516
vt 0.464369 0.955845
vt 0.457841 0.952588
vt 0.117108 0.693012
vt 0.941735 0.841719
vt 0.888640 0.383430
vt 0.859447 0.393090
vt 0.592248 0.919171
vt 0.169128 0.330657
vt 0.243268 0.208100
vt 0.269835 0.300040
vt 0.266665 0.294694
vt 0.280437 0.290590
vt 0.699234 0.960610
vt 0.705559 0.934919
vt 0.717458 0.956501
vt 0.835502 0.917425
vt 0.123607 0.859945
vt 0.565104 0.076378
vt 0.581139 0.084696
vt 0.568736 0.087613
vt 0.055065 0.910516
vt 0.178893 0.434949
vt 0.173934 0.513310
vt 0.166046 0.490232
vt 0.180674 0.489364
vt 0.799846 0.325808
vt 0.971234 0.469068
vt 0.853637 0.743710
vt 0.851114 0.745313
vt 0.854730 0.745830
vt 0.532901 0.416867
vt 0.710285 0.735769
vt 0.953807 0.140803
vt 0.943585 0.121406
vt 0.073394 0.280066
vt 0.031184 0.951196
vt 0.463135 0.916604
vt 0.798479 0.348781
vt 0.960969 0.185842
vt 0.857972 0.722540
vt 0.854927 0.726944
vt 0.860550 0.717931
vt 0.489837 0.433209
vt 0.817879 0.819904
vt 0.242833 0.120722
vt 0.668561 0.220399
vt 0.835515 0.011109
vt 0.826507 0.003394
vt 0.653312 0.303690
vt 0.907095 0.820842
vt 0.274811 0.278913
vt 0.702051 0.915623
vt 0.978352 0.938105
vt 0.456683 0.631793
vt 0.447396 0.647371
vt 0.471115 0.618440
vt 0.472091 0.641016
vt 0.655869 0.919711
vt 0.505149 0.860578
vt 0.984919 0.202691
vt 0.066659 0.375365
vt 0.055031 0.378665
vt 0.073691 0.362026
vt 0.068589 0.378836
vt 0.057187 0.381738
vt 0.968985 0.368045
vt 0.966396 0.383399
vt 0.849096 0.693272
vt 0.144434 0.227888
vt 0.313285 0.593011
vt 0.442854 0.958866
vt 0.921159 0.051990
vt 0.942056 0.277285
vt 0.935126 0.259663
vt 0.950968 0.277738
vt 0.777344 0.257066
vt 0.590684 0.001216
vt 0.997762 0.494853
vt 0.501791 0.087380
vt 0.504536 0.092926
vt 0.057237 0.748805
vt 0.369990 0.601927
vt 0.881775 0.497077
vt 0.197679 0.590693
vt 0.181762 0.607658
vt 0.924114 0.628262
vt 0.403959 0.277993
vt 0.395437 0.264956
vt 0.314561 0.599043
vt 0.974676 0.335219
vt 0.510586 0.638299
vt 0.506459 0.620039
vt 0.397523 0.295212
vt 0.799564 0.684885
vt 0.912003 0.570172
vt 0.216633 0.840654
vt 0.206686 0.881954
vt 0.085777 0.087762
vt 0.151120 0.308123
vt 0.874477 0.570946
vt 0.410004 0.981891
vt 0.133172 0.742899
vt 0.132605 0.722144
vt 0.977835 0.378027
vt 0.288492 0.882823
vt 0.967231 0.093416
vt 0.965798 0.096941
vt 0.041231 0.821517
vt 0.263863 0.289170
vt 0.994912 0.462770
vt 0.875889 0.877880
vt 0.106514 0.704673
vt 0.298129 0.335781
vt 0.450455 0.486805
vt 0.352767 0.163112
vt 0.973430 0.735262
vt 0.993047 0.754986
vt 0.383525 0.637767
vt 0.745342 0.959520
vt 0.725978 0.951106
vt 0.558395 0.089339
vt 0.793349 0.389070
vt 0.951038 0.920350
vt 0.945391 0.898771
vt 0.973546 0.901234
vt 0.988976 0.918661
vt 0.474337 0.151780
vt 0.077763 0.579291
vt 0.069425 0.576508
vt 0.142900 0.619686
vt 0.160633 0.613906
vt 0.845964 0.053437
vt 0.120326 0.584027
vt 0.683123 0.198401
vt 0.201077 0.611684
vt 0.840341 0.437799
vt 0.949709 0.173868
vt 0.391048 0.144591
vt 0.434731 0.951275
vt 0.107946 0.380995
vt 0.305885 0.928277
vt 0.575422 0.301221
vt 0.157805 0.358553
vt 0.828271 0.963709
vt 0.823812 0.949986
vt 0.830451 0.950047
vt 0.172037 0.370584
vt 0.166879 0.342740
vt 0.772437 0.119912
vt 0.499386 0.590815
vt 0.793942 0.926799
vt 0.797192 0.931565
vt 0.727767 0.564658
vt 0.963231 0.595882
vt 0.845438 0.746301
vt 0.882495 0.800466
vt 0.909735 0.580642
vt 0.790579 0.548972
vt 0.343857 0.701569
vt 0.157189 0.266938
vt 0.862183 0.983835
vt 0.077928 0.691490
vt 0.071103 0.704825
vt 0.253264 0.149576
vt 0.236965 0.133885
vt 0.516956 0.240523
vt 0.270463 0.145769
vt 0.304993 0.531063
vt 0.676352 0.155461
vt 0.849034 0.200122
vt 0.838705 0.200252
vt 0.312730 0.444570
vt 0.627270 0.859817
vt 0.983306 0.360622
vt 0.576105 0.661311
vt 0.034073 0.243154
vt 0.160909 0.627857
vt 0.884309 0.311920
vt 0.891311 0.312991
vt 0.478829 0.887774
vt 0.708494 0.272767
vt 0.712774 0.022542
vt 0.077846 0.515947
vt 0.961281 0.276869
vt 0.774348 0.975502
vt 0.314668 0.984620
vt 0.312184 0.989675
vt 0.943848 0.770706
vt 0.889315 0.661468
vt 0.262433 0.083432
vt 0.063458 0.441119
vt 0.608423 0.313852
vt 0.103485 0.613549
vt 0.111862 0.635494
vt 0.113222 0.618415
vt 0.242767 0.956495
vt 0.690722 0.833778
vt 0.497931 0.093214
vt 0.982039 0.698908
vt 0.020521 0.472614
vt 0.977617 0.339681
vt 0.729980 0.486174
vt 0.956763 0.444025
vt 0.753063 0.952457
vt 0.930948 0.047269
vt 0.836572 0.001267
vt 0.593958 0.917906
vt 0.993259 0.438458
vt 0.992778 0.446347
vt 0.989741 0.437073
vt 0.434995 0.646394
vt 0.270025 0.384482
vt 0.994730 0.538687
vt 0.989846 0.426423
vt 0.987343 0.432624
vt 0.981568 0.426374
vt 0.123416 0.969891
vt 0.434109 0.100527
vt 0.017869 0.325457
vt 0.641871 0.307291
vt 0.558424 0.657075
vt 0.427496 0.654317
vt 0.661963 0.207246
vt 0.468354 0.991068
vt 0.815933 0.088135
vt 0.578635 0.395650
vt 0.181012 0.151133
vt 0.186320 0.157990
vt 0.044581 0.378670
vt 0.015096 0.697235
vt 0.893600 0.318245
vt 0.437411 0.100284
vt 0.578951 0.654760
vt 0.228102 0.072463
vt 0.820518 0.793716
vt 0.175647 0.954039
vt 0.175647 0.966891
vt 0.168539 0.954499
vt 0.951798 0.367254
vt 0.415791 0.457911
vt 0.387986 0.464274
vt 0.301589 0.918779
vt 0.309114 0.000213
vt 0.892920 0.833910
vt 0.006218 0.361043
vt 0.296105 0.039504
vt 0.597528 0.456435
vt 0.978426 0.365679
vt 0.890536 0.293396
vt 0.279923 0.134957
vt 0.852937 0.002770
vt 0.003781 0.539129
vt 0.022575 0.513261
vt 0.017034 0.543587
vt 0.353200 0.931868
vt 0.859891 0.272800
vt 0.194694 0.447046
vt 0.311515 0.465665
vt 0.882310 0.992199
vt 0.876541 0.792015
vt 0.077471 0.435938
vt 0.037341 0.044952
vt 0.926982 0.026423
vt 0.965527 0.111672
vt 0.579937 0.462896
vt 0.153921 0.278139
vt 0.344593 0.899512
vt 0.263109 0.971562
vt 0.270093 0.973371
vt 0.660308 0.931783
vt 0.665031 0.934424
vt 0.049359 0.193259
vt 0.695942 0.381671
vt 0.565443 0.965315
vt 0.558229 0.954852
vt 0.557319 0.970531
vt 0.105678 0.198196
s 1
usemtl Material
f 1/1/1 2/2/2 3/3/3
f 1/4/1 4/5/4 5/6/5
f 1/1/1 5/7/5 2/2/2
f 1/1/1 3/3/3 6/8/6
f 1/1/1 6/8/6 7/9/7
f 1/4/1 7/10/7 4/5/4
f 8/11/8 9/12/9 10/13/10
f 8/14/8 11/15/11 12/16/12
f 8/11/8 13/17/13 14/18/14
f 8/11/8 12/19/12 15/20/15
f 8/11/8 15/20/15 16/21/16
f 8/11/8 10/13/10 13/17/13
f 8/11/8 14/18/14 11/22/11
f 8/11/8 16/21/16 9/12/9
f 17/23/17 18/24/18 19/25/19
f 17/23/17 20/26/20 21/27/21
f 17/23/17 21/27/21 22/28/22
f 17/23/17 22/28/22 18/24/18
f 17/23/17 23/29/23 24/30/24
f 17/23/17 19/25/19 23/29/23
f 17/23/17 24/30/24 20/26/20
f 25/31/25 26/32/26 27/33/27
f 25/31/25 28/34/28 29/35/29
f 25/31/25 30/36/30 31/37/31
f 25/31/25 29/35/29 30/36/30
f 25/38/25 31/39/31 26/40/26
f 25/31/25 27/33/27 28/34/28
f 32/41/32 33/42/33 34/43/34
f 32/41/32 35/44/35 36/45/36
f 32/41/32 34/43/34 37/46/37
f 32/41/32 37/46/37 38/47/38
f 32/41/32 36/45/36 33/42/33
f 32/41/32 38/47/38 35/44/35
f 39/48/39 40/49/40 41/50/41
f 39/48/39 41/50/41 42/51/42
f 39/48/39 42/51/42 43/52/43
f 39/48/39 44/53/44 40/49/40
f 39/48/39 45/54/45 46/55/46
f 39/48/39 46/55/46 44/53/44
f 39/48/39 43/52/43 45/54/45
f 47/56/47 48/57/48 49/58/49
f 47/59/47 50/60/50 48/61/48
f 47/59/47 51/62/51 50/60/50
f 47/59/47 52/63/52 51/62/51
f 47/59/47 53/64/53 52/63/52
f 47/56/47 49/58/49 54/65/54
f 47/56/47 54/65/54 53/66/53
f 55/67/55 56/68/56 57/69/57
f 55/67/55 57/69/57 58/70/58
f 55/67/55 58/70/58 59/71/59
f 55/72/55 60/73/60 61/74/61
f 55/67/55 59/71/59 60/75/60
f 55/72/55 61/74/61 56/76/56
f 62/77/62 63/78/63 64/79/64
f 62/77/62 65/80/65 66/81/66
f 62/77/62 67/82/67 68/83/68
f 62/77/62 66/81/66 67/82/67
f 62/77/62 68/83/68 63/78/63
f 62/77/62 64/79/64 65/80/65
f 69/84/69 70/85/70 71/86/71
f 69/84/69 72/87/72 73/88/73
f 69/84/69 73/88/73 70/85/70
f 69/84/69 74/89/74 72/87/72
f 69/84/69 71/86/71 74/89/74
f 75/90/75 76/91/76 77/92/77
f 75/90/75 77/92/77 78/93/78
f 75/94/75 79/95/79 76/96/76
f 75/94/75 80/97/80 79/95/79
f 75/98/75 78/99/78 81/100/81
f 75/101/75 81/102/81 80/103/80
f 82/104/82 83/105/83 84/106/84
f 82/104/82 85/107/85 86/108/86
f 82/104/82 86/108/86 83/105/83
f 82/104/82 84/106/84 87/109/87
f 82/104/82 88/110/88 85/107/85
f 82/104/82 87/109/87 88/110/88
f 89/111/89 90/112/90 91/113/91
f 89/111/89 92/114/92 93/115/93
f 89/116/89 94/117/94 95/118/95
f 89/111/89 91/113/91 94/119/94
f 89/111/89 95/120/95 92/114/92
f 89/111/89 93/115/93 90/112/90
f 96/121/96 97/122/97 98/123/98
f 96/121/96 99/124/99 100/125/100
f 96/121/96 100/125/100 101/126/101
f 96/121/96 101/126/101 97/122/97
f 96/121/96 98/123/98 99/124/99
f 102/127/102 103/128/103 104/129/104
f 102/127/102 105/130/105 106/131/106
f 102/127/102 107/132/107 105/130/105
f 102/133/102 108/134/108 109/135/109
f 102/133/102 104/136/104 108/134/108
f 102/127/102 106/131/106 110/137/110
f 102/127/102 110/137/110 103/128/103
f 102/138/102 109/139/109 107/140/107
f 111/141/111 112/142/112 113/143/113
f 111/141/111 114/144/114 115/145/115
f 111/141/111 115/145/115 112/142/112
f 111/141/111 113/143/113 116/146/116
f 111/141/111 116/146/116 114/144/114
f 117/147/117 118/148/118 119/149/119
f 117/147/117 120/150/120 121/151/121
f 117/147/117 122/152/122 123/153/123
f 117/147/117 119/149/119 120/150/120
f 117/147/117 121/151/121 122/152/122
f 117/147/117 123/153/123 118/148/118
f 124/154/124 125/155/125 126/156/126
f 124/154/124 127/157/127 125/155/125
f 124/154/124 128/158/128 127/157/127
f 124/154/124 129/159/129 128/158/128
f 124/154/124 126/156/126 130/160/130
f 124/154/124 130/160/130 129/159/129
f 18/24/18 22/28/22 131/161/131
f 18/24/18 132/162/132 19/25/19
f 18/24/18 131/161/131 132/162/132
f 133/163/133 134/164/134 135/165/135
f 133/163/133 136/166/136 137/167/137
f 133/163/133 138/168/138 136/166/136
f 133/163/133 135/165/135 138/168/138
f 133/163/133 137/167/137 134/164/134
f 139/169/139 140/170/140 141/171/141
f 139/169/139 142/172/142 143/173/143
f 139/169/139 144/174/144 145/175/145
f 139/169/139 143/173/143 140/170/140
f 139/169/139 145/175/145 142/172/142
f 139/176/139 141/177/141 144/178/144
f 146/179/146 147/180/147 148/181/148
f 146/179/146 149/182/149 150/183/150
f 146/179/146 151/184/151 152/185/152
f 146/179/146 148/181/148 149/182/149
f 146/179/146 152/185/152 147/180/147
f 146/179/146 150/183/150 151/184/151
f 153/186/153 154/187/154 155/188/155
f 153/189/153 156/190/156 157/191/157
f 153/186/153 158/192/158 154/187/154
f 153/193/153 159/194/159 156/195/156
f 153/186/153 157/196/157 158/192/158
f 153/186/153 155/188/155 159/197/159
f 160/198/160 161/199/161 162/200/162
f 160/198/160 162/200/162 163/201/163
f 160/198/160 163/201/163 164/202/164
f 160/198/160 165/203/165 161/199/161
f 160/198/160 166/204/166 165/203/165
f 160/198/160 164/202/164 166/204/166
f 167/205/167 168/206/168 169/207/169
f 167/208/167 170/209/170 171/210/171
f 167/208/167 172/211/172 170/209/170
f 167/205/167 169/207/169 173/212/173
f 167/208/167 174/213/174 172/211/172
f 167/205/167 173/212/173 174/214/174
f 167/205/167 171/215/171 168/206/168
f 175/216/175 176/217/176 177/218/177
f 175/216/175 177/218/177 178/219/178
f 175/220/175 179/221/179 180/222/180
f 175/220/175 180/222/180 176/223/176
f 175/216/175 178/219/178 181/224/181
f 175/220/175 181/225/181 179/221/179
f 182/226/182 183/227/183 184/228/184
f 182/226/182 185/229/185 186/230/186
f 182/226/182 187/231/187 188/232/188
f 182/226/182 188/232/188 185/229/185
f 182/226/182 184/228/184 187/231/187
f 182/226/182 186/230/186 183/227/183
f 189/233/189 190/234/190 191/235/191
f 189/236/189 192/237/192 190/238/190
f 189/233/189 193/239/193 194/240/194
f 189/236/189 194/241/194 195/242/195
f 189/236/189 195/242/195 192/237/192
f 189/233/189 191/235/191 193/239/193
f 196/243/196 197/244/197 198/245/198
f 196/243/196 199/246/199 200/247/200
f 196/243/196 201/248/201 199/246/199
f 196/243/196 198/245/198 201/248/201
f 196/249/196 202/250/202 203/251/203
f 196/243/196 203/252/203 197/244/197
f 196/243/196 200/247/200 202/253/202
f 204/254/204 205/255/205 206/256/206
f 204/254/204 207/257/207 208/258/208
f 204/254/204 209/259/209 210/260/210
f 204/254/204 208/258/208 211/261/211
f 204/254/204 210/260/210 207/257/207
f 204/254/204 211/261/211 205/255/205
f 204/254/204 212/262/212 209/259/209
f 204/254/204 206/256/206 212/262/212
f 213/263/213 214/264/214 215/265/215
f 213/263/213 216/266/216 214/264/214
f 213/267/213 217/268/217 218/269/218
f 213/267/213 215/270/215 217/268/217
f 219/271/219 220/272/220 221/273/221
f 219/271/219 222/274/222 220/272/220
f 219/271/219 223/275/223 224/276/224
f 219/271/219 224/276/224 222/274/222
f 219/271/219 221/273/221 223/275/223
f 225/277/225 226/278/226 227/279/227
f 225/277/225 228/280/228 229/281/229
f 225/277/225 227/279/227 228/280/228
f 225/282/225 229/283/229 226/284/226
f 230/285/230 231/286/231 232/287/232
f 230/288/230 233/289/233 234/290/234
f 230/285/230 235/291/235 231/286/231
f 230/285/230 232/287/232 233/292/233
f 230/285/230 234/293/234 235/291/235
f 236/294/236 237/295/237 238/296/238
f 236/294/236 239/297/239 240/298/240
f 236/294/236 241/299/241 239/297/239
f 236/294/236 242/300/242 237/295/237
f 236/294/236 238/296/238 241/299/241
f 236/294/236 240/298/240 242/300/242
f 243/301/243 244/302/244 245/303/245
f 243/301/243 246/304/246 247/305/247
f 243/301/243 247/305/247 248/306/248
f 243/301/243 249/307/249 244/302/244
f 243/301/243 248/306/248 249/307/249
f 243/301/243 245/303/245 246/304/246
f 250/308/250 251/309/251 252/310/252
f 250/311/250 252/312/252 253/313/253
f 250/314/250 254/315/254 251/316/251
f 250/311/250 255/317/255 256/318/256
f 250/311/250 257/319/257 255/317/255
f 250/311/250 253/313/253 257/319/257
f 250/314/250 256/320/256 254/315/254
f 258/321/258 259/322/259 260/323/260
f 258/321/258 261/324/261 262/325/262
f 258/321/258 263/326/263 259/322/259
f 258/321/258 262/325/262 263/326/263
f 258/321/258 260/323/260 261/324/261
f 264/327/264 265/328/265 266/329/266
f 264/327/264 266/329/266 267/330/267
f 264/331/264 268/332/268 269/333/269
f 264/327/264 269/334/269 270/335/270
f 264/327/264 270/335/270 265/328/265
f 264/327/264 267/330/267 268/336/268
f 271/337/271 272/338/272 273/339/273
f 271/337/271 274/340/274 275/341/275
f 271/337/271 276/342/276 274/340/274
f 271/337/271 275/341/275 272/338/272
f 271/337/271 273/339/273 276/342/276
f 277/343/277 278/344/278 279/345/279
f 277/343/277 280/346/280 281/347/281
f 277/343/277 279/345/279 282/348/282
f 277/343/277 283/349/283 280/346/280
f 277/343/277 281/347/281 278/344/278
f 277/343/277 282/348/282 283/349/283
f 284/350/284 285/351/285 286/352/286
f 284/350/284 287/353/287 288/354/288
f 284/350/284 289/355/289 285/351/285
f 284/350/284 286/352/286 287/353/287
f 284/350/284 288/354/288 290/356/290
f 284/350/284 290/356/290 289/355/289
f 291/357/291 292/358/292 293/359/293
f 291/357/291 294/360/294 295/361/295
f 291/357/291 293/359/293 296/362/296
f 291/357/291 295/361/295 292/358/292
f 291/357/291 296/362/296 294/360/294
f 297/363/297 298/364/298 299/365/299
f 297/363/297 300/366/300 301/367/301
f 297/363/297 301/367/301 302/368/302
f 297/363/297 302/368/302 298/364/298
f 297/363/297 299/365/299 300/366/300
f 303/369/303 304/370/304 305/371/305
f 303/369/303 306/372/306 307/373/307
f 303/369/303 308/374/308 306/372/306
f 303/369/303 309/375/309 304/370/304
f 303/369/303 307/373/307 309/375/309
f 303/369/303 305/371/305 308/374/308
f 310/376/310 311/377/311 312/378/312
f 310/376/310 312/378/312 313/379/313
f 310/380/310 314/381/314 315/382/315
f 310/376/310 315/383/315 311/377/311
f 310/380/310 313/384/313 316/385/316
f 310/380/310 316/385/316 314/381/314
f 317/386/317 318/387/318 319/388/319
f 317/386/317 320/389/320 318/387/318
f 317/386/317 321/390/321 322/391/322
f 317/386/317 322/391/322 323/392/323
f 317/386/317 323/392/323 320/389/320
f 317/386/317 319/388/319 321/390/321
f 220/272/220 324/393/324 221/273/221
f 220/272/220 222/274/222 325/394/325
f 220/272/220 326/395/326 324/393/324
f 220/272/220 325/394/325 326/395/326
f 327/396/327 328/397/328 329/398/329
f 327/396/327 330/399/330 328/397/328
f 327/400/327 331/401/331 332/402/332
f 327/400/327 332/402/332 333/403/333
f 327/400/327 329/404/329 331/401/331
f 327/396/327 333/405/333 330/399/330
f 334/406/334 335/407/335 336/408/336
f 334/409/334 337/410/337 338/411/338
f 334/409/334 336/412/336 337/410/337
f 334/409/334 338/411/338 339/413/339
f 334/409/334 339/413/339 335/414/335
f 340/415/340 341/416/341 342/417/342
f 340/415/340 343/418/343 344/419/344
f 340/415/340 345/420/345 346/421/346
f 340/422/340 346/423/346 343/424/343
f 340/415/340 344/419/344 341/416/341
f 340/415/340 342/417/342 345/420/345
f 347/425/347 348/426/348 349/427/349
f 347/428/347 350/429/350 348/430/348
f 351/431/351 352/432/352 353/433/353
f 351/434/351 354/435/354 355/436/355
f 351/437/351 353/438/353 356/439/356
f 351/440/351 357/441/357 352/442/352
f 351/434/351 355/436/355 357/443/357
f 351/444/351 356/445/356 354/446/354
f 358/447/358 359/448/359 360/449/360
f 358/447/358 360/449/360 361/450/361
f 358/447/358 362/451/362 363/452/363
f 358/447/358 364/453/364 362/451/362
f 358/447/358 361/450/361 364/453/364
f 358/447/358 363/452/363 359/448/359
f 365/454/365 366/455/366 367/456/367
f 365/454/365 368/457/368 366/455/366
f 365/454/365 369/458/369 368/457/368
f 365/454/365 370/459/370 369/458/369
f 365/460/365 367/461/367 370/462/370
f 371/463/371 372/464/372 373/465/373
f 371/463/371 374/466/374 375/467/375
f 371/468/371 376/469/376 377/470/377
f 371/463/371 378/471/378 374/466/374
f 371/463/371 375/467/375 372/464/372
f 371/468/371 377/470/377 379/472/379
f 371/463/371 373/465/373 376/473/376
f 371/468/371 379/472/379 378/474/378
f 380/475/380 381/476/381 382/477/382
f 380/475/380 383/478/383 381/476/381
f 380/479/380 384/480/384 385/481/385
f 380/479/380 385/481/385 383/482/383
f 380/479/380 386/483/386 384/480/384
f 380/479/380 382/484/382 386/483/386
f 387/485/387 388/486/388 389/487/389
f 387/485/387 390/488/390 388/486/388
f 387/485/387 391/489/391 390/488/390
f 387/485/387 389/487/389 392/490/392
f 387/485/387 392/490/392 393/491/393
f 387/485/387 393/491/393 391/489/391
f 394/492/394 395/493/395 396/494/396
f 394/492/394 397/495/397 398/496/398
f 394/492/394 396/494/396 399/497/399
f 394/492/394 398/496/398 400/498/400
f 394/492/394 400/498/400 395/493/395
f 394/492/394 399/497/399 397/495/397
f 401/499/401 402/500/402 403/501/403
f 401/499/401 404/502/404 405/503/405
f 401/499/401 403/501/403 404/502/404
f 406/504/406 407/505/407 408/506/408
f 406/504/406 409/507/409 410/508/410
f 406/504/406 408/506/408 411/509/411
f 406/504/406 411/509/411 412/510/412
f 406/504/406 412/510/412 409/507/409
f 406/504/406 410/508/410 407/505/407
f 413/511/413 414/512/414 415/513/415
f 413/511/413 416/514/416 414/512/414
f 413/511/413 417/515/417 418/516/418
f 413/511/413 419/517/419 420/518/420
f 413/511/413 415/513/415 419/517/419
f 413/511/413 418/516/418 416/514/416
f 413/511/413 420/518/420 417/515/417
f 421/519/421 422/520/422 423/521/423
f 421/522/421 424/523/424 425/524/425
f 421/519/421 426/525/426 422/520/422
f 421/522/421 423/526/423 427/527/427
f 421/519/421 425/528/425 426/525/426
f 421/522/421 427/527/427 424/523/424
f 428/529/428 429/530/429 430/531/430
f 428/532/428 430/533/430 431/534/431
f 428/535/428 432/536/432 433/537/433
f 428/532/428 434/538/434 432/539/432
f 428/532/428 431/534/431 434/538/434
f 428/540/428 433/541/433 429/542/429
f 183/227/183 435/543/435 184/228/184
f 183/227/183 436/544/436 437/545/437
f 183/227/183 186/230/186 436/544/436
f 183/546/183 437/547/437 435/548/435
f 438/549/438 439/550/439 440/551/440
f 438/549/438 441/552/441 439/550/439
f 438/553/438 440/554/440 442/555/442
f 438/553/438 442/555/442 443/556/443
f 438/553/438 443/556/443 441/557/441
f 444/558/444 445/559/445 446/560/446
f 444/561/444 447/562/447 445/563/445
f 444/558/444 446/560/446 448/564/448
f 444/565/444 449/566/449 447/567/447
f 444/558/444 448/564/448 450/568/450
f 444/569/444 450/570/450 449/571/449
f 451/572/451 452/573/452 453/574/453
f 451/575/451 454/576/454 455/577/455
f 451/578/451 456/579/456 454/580/454
f 451/575/451 455/577/455 452/581/452
f 451/572/451 453/574/453 457/582/457
f 451/583/451 458/584/458 456/585/456
f 451/572/451 457/582/457 458/586/458
f 459/587/459 460/588/460 461/589/461
f 459/590/459 462/591/462 460/592/460
f 459/587/459 463/593/463 464/594/464
f 459/587/459 461/589/461 463/593/463
f 459/590/459 464/595/464 462/591/462
f 9/12/9 465/596/465 466/597/466
f 9/12/9 466/597/466 10/13/10
f 9/12/9 467/598/467 465/596/465
f 9/12/9 16/21/16 467/598/467
f 468/599/468 469/600/469 470/601/470
f 468/599/468 471/602/471 472/603/472
f 468/599/468 473/604/473 469/600/469
f 468/599/468 474/605/474 473/604/473
f 468/599/468 472/603/472 474/605/474
f 468/599/468 470/601/470 471/602/471
f 475/606/475 476/607/476 477/608/477
f 475/609/475 478/610/478 479/611/479
f 475/606/475 477/608/477 480/612/480
f 475/613/475 84/106/84 478/614/478
f 475/606/475 479/615/479 476/607/476
f 475/613/475 480/616/480 84/106/84
f 481/617/481 482/618/482 483/619/483
f 481/617/481 483/619/483 484/620/484
f 481/617/481 485/621/485 486/622/486
f 481/617/481 484/620/484 487/623/487
f 481/617/481 487/623/487 485/621/485
f 481/617/481 486/622/486 482/618/482
f 488/624/488 489/625/489 490/626/490
f 488/624/488 491/627/491 489/625/489
f 488/624/488 492/628/492 491/627/491
f 488/629/488 490/630/490 493/631/493
f 488/629/488 493/631/493 492/632/492
f 494/633/494 495/634/495 496/635/496
f 494/633/494 497/636/497 498/637/498
f 494/638/494 496/639/496 497/640/497
f 494/633/494 499/641/499 500/642/500
f 494/633/494 501/643/501 499/641/499
f 494/633/494 500/642/500 495/634/495
f 494/633/494 498/637/498 501/643/501
f 502/644/502 503/645/503 504/646/504
f 502/647/502 505/648/505 506/649/506
f 502/650/502 504/651/504 507/652/507
f 502/644/502 506/653/506 503/645/503
f 502/650/502 507/652/507 508/654/508
f 502/650/502 508/654/508 505/655/505
f 509/656/509 510/657/510 511/658/511
f 509/656/509 512/659/512 513/660/513
f 509/656/509 513/660/513 510/657/510
f 509/656/509 514/661/514 515/662/515
f 509/656/509 515/662/515 512/659/512
f 509/656/509 511/658/511 514/661/514
f 516/663/516 517/664/517 518/665/518
f 516/663/516 519/666/519 520/667/520
f 516/663/516 520/667/520 517/664/517
f 516/663/516 518/665/518 521/668/521
f 516/663/516 521/668/521 519/666/519
f 522/669/522 523/670/523 524/671/524
f 522/669/522 524/671/524 525/672/525
f 522/669/522 526/673/526 523/670/523
f 522/669/522 525/672/525 527/674/527
f 522/669/522 527/674/527 526/673/526
f 528/675/528 529/676/529 530/677/530
f 528/675/528 531/678/531 532/679/532
f 528/675/528 530/677/530 533/680/533
f 528/675/528 533/680/533 534/681/534
f 528/675/528 534/681/534 531/678/531
f 528/675/528 532/679/532 529/676/529
f 168/206/168 171/215/171 535/682/535
f 536/683/536 537/684/537 538/685/538
f 536/683/536 539/686/539 537/684/537
f 536/683/536 540/687/540 541/688/541
f 536/683/536 538/685/538 542/689/542
f 536/683/536 542/689/542 540/687/540
f 536/683/536 541/688/541 539/686/539
f 543/690/543 544/691/544 545/692/545
f 543/690/543 546/693/546 547/694/547
f 543/690/543 548/695/548 544/691/544
f 543/690/543 547/694/547 549/696/549
f 543/690/543 549/696/549 548/695/548
f 543/690/543 545/692/545 546/693/546
f 550/697/550 551/698/551 552/699/552
f 550/697/550 100/700/100 553/701/553
f 550/697/550 554/702/554 555/703/555
f 550/697/550 556/704/556 554/702/554
f 550/697/550 552/699/552 100/700/100
f 550/697/550 553/701/553 556/704/556
f 550/697/550 555/703/555 551/698/551
f 557/705/557 558/706/558 559/707/559
f 557/705/557 559/707/559 560/708/560
f 557/709/557 355/436/355 558/710/558
f 557/705/557 560/708/560 355/711/355
f 561/712/561 562/713/562 563/714/563
f 561/715/561 564/716/564 562/717/562
f 561/715/561 565/718/565 566/719/566
f 561/715/561 567/720/567 564/716/564
f 561/715/561 566/719/566 567/720/567
f 561/715/561 563/721/563 565/718/565
f 20/26/20 568/722/568 569/723/569
f 20/26/20 570/724/570 568/722/568
f 20/26/20 569/723/569 21/27/21
f 20/26/20 24/30/24 570/724/570
f 571/725/571 572/726/572 573/727/573
f 571/728/571 574/729/574 575/730/575
f 571/725/571 573/727/573 576/731/576
f 571/728/571 577/732/577 574/729/574
f 571/728/571 576/733/576 578/734/578
f 571/728/571 578/734/578 577/732/577
f 579/735/579 580/736/580 581/737/581
f 579/735/579 582/738/582 583/739/583
f 579/735/579 584/740/584 582/738/582
f 579/735/579 583/739/583 585/741/585
f 579/735/579 585/741/585 580/736/580
f 579/735/579 581/737/581 584/740/584
f 586/742/586 587/743/587 588/744/588
f 586/742/586 589/745/589 590/746/590
f 586/742/586 588/744/588 589/745/589
f 586/742/586 590/746/590 591/747/591
f 586/742/586 592/748/592 587/743/587
f 586/742/586 591/747/591 592/748/592
f 593/749/593 594/750/594 595/751/595
f 593/749/593 596/752/596 597/753/597
f 593/749/593 598/754/598 596/752/596
f 593/749/593 595/751/595 598/754/598
f 593/749/593 597/753/597 594/750/594
f 599/755/599 600/756/600 91/113/91
f 599/755/599 91/113/91 90/112/90
f 599/757/599 601/758/601 600/759/600
f 602/760/602 603/761/603 604/762/604
f 602/760/602 605/763/605 603/761/603
f 602/760/602 606/764/606 607/765/607
f 602/760/602 604/762/604 608/766/608
f 602/760/602 608/766/608 606/764/606
f 602/760/602 607/765/607 605/763/605
f 609/767/609 610/768/610 611/769/611
f 609/770/609 612/771/612 613/772/613
f 609/773/609 611/774/611 614/775/614
f 609/770/609 613/772/613 610/776/610
f 609/777/609 614/778/614 615/779/615
f 609/777/609 615/779/615 612/780/612
f 616/781/616 617/782/617 618/783/618
f 616/784/616 619/785/619 620/786/620
f 616/781/616 620/787/620 621/788/621
f 616/784/616 618/789/618 619/785/619
f 616/781/616 621/788/621 622/790/622
f 616/781/616 622/790/622 617/782/617
f 623/791/623 624/792/624 625/793/625
f 623/794/623 625/795/625 626/796/626
f 623/794/623 626/796/626 627/797/627
f 623/791/623 628/798/628 629/799/629
f 623/791/623 629/799/629 630/800/630
f 623/791/623 627/801/627 628/798/628
f 623/791/623 630/800/630 624/792/624
f 631/802/631 632/803/632 633/804/633
f 631/805/631 634/806/634 635/807/635
f 631/805/631 633/808/633 634/806/634
f 631/805/631 635/807/635 636/809/636
f 631/802/631 636/810/636 637/811/637
f 631/802/631 637/811/637 632/803/632
f 265/328/265 638/812/638 639/813/639
f 265/328/265 639/813/639 640/814/640
f 265/328/265 270/335/270 638/812/638
f 265/328/265 640/814/640 266/329/266
f 641/815/641 594/750/594 642/816/642
f 641/815/641 643/817/643 644/818/644
f 641/815/641 642/816/642 645/819/645
f 641/815/641 646/820/646 647/821/647
f 641/815/641 647/821/647 643/817/643
f 641/815/641 645/819/645 646/820/646
f 641/815/641 644/818/644 594/750/594
f 648/822/648 649/823/649 650/824/650
f 648/822/648 651/825/651 649/823/649
f 648/826/648 650/827/650 652/828/652
f 648/826/648 653/829/653 654/830/654
f 648/826/648 654/830/654 651/831/651
f 648/826/648 652/828/652 653/829/653
f 655/832/655 656/833/656 657/834/657
f 655/835/655 658/836/658 212/837/212
f 655/835/655 659/838/659 660/839/660
f 655/835/655 657/840/657 659/838/659
f 655/835/655 212/837/212 656/841/656
f 655/835/655 660/839/660 658/836/658
f 661/842/661 662/843/662 663/844/663
f 661/845/661 664/846/664 53/64/53
f 661/842/661 663/844/663 665/847/665
f 661/842/661 665/847/665 666/848/666
f 661/842/661 53/849/53 662/843/662
f 661/845/661 666/850/666 664/846/664
f 667/851/667 668/852/668 669/853/669
f 667/851/667 670/854/670 668/852/668
f 667/851/667 671/855/671 670/854/670
f 667/856/667 669/857/669 672/858/672
f 667/851/667 672/859/672 671/855/671
f 673/860/673 674/861/674 675/862/675
f 673/860/673 676/863/676 677/864/677
f 673/860/673 677/864/677 678/865/678
f 673/860/673 675/862/675 679/866/679
f 673/867/673 678/868/678 674/869/674
f 673/860/673 679/866/679 676/863/676
f 680/870/680 681/871/681 682/872/682
f 680/870/680 683/873/683 681/871/681
f 680/870/680 682/872/682 684/874/684
f 680/870/680 685/875/685 683/873/683
f 680/870/680 684/874/684 685/875/685
f 328/397/328 686/876/686 687/877/687
f 328/878/328 688/879/688 689/880/689
f 328/397/328 690/881/690 686/876/686
f 328/878/328 691/882/691 692/883/692
f 328/878/328 689/880/689 690/884/690
f 328/397/328 687/877/687 329/398/329
f 328/878/328 330/885/330 693/886/693
f 328/878/328 693/886/693 691/882/691
f 328/878/328 692/883/692 688/879/688
f 694/887/694 695/888/695 696/889/696
f 694/890/694 697/891/697 698/892/698
f 694/887/694 699/893/699 697/894/697
f 694/890/694 700/895/700 695/896/695
f 694/890/694 698/892/698 700/895/700
f 694/887/694 696/889/696 699/893/699
f 701/897/701 702/898/702 703/899/703
f 701/897/701 252/310/252 704/900/704
f 701/897/701 703/899/703 705/901/705
f 701/897/701 705/901/705 252/310/252
f 701/897/701 704/900/704 702/898/702
f 706/902/706 707/903/707 708/904/708
f 706/902/706 709/905/709 707/903/707
f 706/906/706 467/598/467 16/21/16
f 706/902/706 15/907/15 709/905/709
f 706/902/706 708/904/708 467/908/467
f 706/906/706 16/21/16 15/20/15
f 710/909/710 711/910/711 268/332/268
f 710/909/710 712/911/712 713/912/713
f 710/909/710 268/332/268 267/913/267
f 710/914/710 474/915/474 712/916/712
f 710/909/710 714/917/714 474/918/474
f 710/909/710 713/912/713 711/910/711
f 710/909/710 267/913/267 714/917/714
f 715/919/715 716/920/716 717/921/717
f 715/922/715 718/923/718 716/924/716
f 715/919/715 717/921/717 719/925/719
f 715/919/715 720/926/720 721/927/721
f 715/922/715 721/928/721 718/923/718
f 715/919/715 719/925/719 720/926/720
f 722/929/722 723/930/723 724/931/724
f 722/929/722 725/932/725 726/933/726
f 722/934/722 726/935/726 727/936/727
f 722/929/722 728/937/728 723/930/723
f 722/929/722 729/938/729 728/937/728
f 722/929/722 724/931/724 725/932/725
f 722/934/722 727/936/727 729/939/729
f 730/940/730 44/53/44 731/941/731
f 730/940/730 731/941/731 732/942/732
f 730/940/730 733/943/733 734/944/734
f 730/940/730 734/944/734 44/53/44
f 730/940/730 735/945/735 733/943/733
f 730/940/730 732/942/732 735/945/735
f 736/946/736 737/947/737 738/948/738
f 736/946/736 739/949/739 740/950/740
f 736/946/736 741/951/741 742/952/742
f 736/946/736 738/948/738 741/951/741
f 736/953/736 743/954/743 737/955/737
f 736/946/736 742/952/742 739/949/739
f 736/953/736 740/956/740 743/954/743
f 744/957/744 745/958/745 746/959/746
f 744/957/744 747/960/747 748/961/748
f 744/957/744 749/962/749 745/958/745
f 744/963/744 750/964/750 751/965/751
f 744/957/744 748/961/748 750/966/750
f 744/957/744 746/959/746 747/960/747
f 744/963/744 751/965/751 749/967/749
f 752/968/752 753/969/753 754/970/754
f 752/968/752 754/970/754 755/971/755
f 752/968/752 756/972/756 757/973/757
f 752/968/752 755/971/755 756/972/756
f 752/968/752 758/974/758 753/969/753
f 752/968/752 757/973/757 758/974/758
f 759/975/759 760/976/760 761/977/761
f 759/975/759 762/978/762 763/979/763
f 759/975/759 763/979/763 764/980/764
f 759/975/759 761/977/761 762/978/762
f 759/975/759 764/980/764 760/976/760
f 765/981/765 766/982/766 767/983/767
f 765/981/765 768/984/768 769/985/769
f 765/981/765 767/983/767 770/986/770
f 765/981/765 769/985/769 766/982/766
f 765/981/765 770/986/770 768/984/768
f 771/987/771 772/988/772 773/989/773
f 771/990/771 774/991/774 775/992/775
f 771/987/771 776/993/776 772/988/772
f 771/987/771 775/994/775 776/993/776
f 771/990/771 773/995/773 774/991/774
f 777/996/777 778/997/778 779/998/779
f 777/996/777 780/999/780 778/997/778
f 777/1000/777 779/1001/779 781/1002/781
f 777/1003/777 782/1004/782 780/1005/780
f 777/1003/777 783/1006/783 782/1004/782
f 777/1000/777 781/1002/781 783/1007/783
f 784/1008/784 785/1009/785 786/1010/786
f 784/1008/784 180/222/180 787/1011/787
f 784/1008/784 786/1010/786 180/222/180
f 784/1012/784 787/1013/787 788/1014/788
f 784/1012/784 789/1015/789 785/1016/785
f 784/1012/784 788/1014/788 789/1015/789
f 790/1017/790 791/1018/791 792/1019/792
f 790/1020/790 226/1021/226 793/1022/793
f 790/1020/790 793/1022/793 794/1023/794
f 790/1020/790 227/1024/227 226/1021/226
f 790/1020/790 794/1023/794 791/1025/791
f 790/1017/790 792/1019/792 227/1026/227
f 795/1027/795 796/1028/796 797/1029/797
f 795/1027/795 798/1030/798 799/1031/799
f 795/1027/795 800/1032/800 801/1033/801
f 795/1027/795 797/1029/797 800/1032/800
f 795/1027/795 802/1034/802 796/1028/796
f 795/1027/795 801/1033/801 798/1030/798
f 795/1027/795 799/1031/799 802/1034/802
f 803/1035/803 804/1036/804 805/1037/805
f 803/1035/803 806/1038/806 807/1039/807
f 803/1035/803 805/1037/805 806/1038/806
f 803/1035/803 808/1040/808 804/1036/804
f 803/1035/803 809/1041/809 808/1040/808
f 803/1035/803 807/1039/807 809/1041/809
f 810/1042/810 811/1043/811 812/1044/812
f 810/1042/810 813/1045/813 814/1046/814
f 810/1042/810 815/1047/815 811/1043/811
f 810/1042/810 814/1046/814 815/1047/815
f 810/1042/810 816/1048/816 813/1045/813
f 810/1042/810 812/1044/812 816/1048/816
f 817/1049/817 818/1050/818 819/1051/819
f 817/1049/817 819/1051/819 820/1052/820
f 817/1049/817 821/1053/821 822/1054/822
f 817/1049/817 822/1054/822 823/1055/823
f 817/1049/817 820/1052/820 821/1053/821
f 817/1049/817 823/1055/823 818/1050/818
f 824/1056/824 825/1057/825 826/1058/826
f 824/1059/824 827/1060/827 828/1061/828
f 824/1056/824 826/1058/826 578/734/578
f 824/1059/824 829/1062/829 827/1060/827
f 824/1056/824 578/734/578 829/1063/829
f 824/1056/824 828/1064/828 825/1057/825
f 830/1065/830 831/1066/831 583/1067/583
f 830/1068/830 582/738/582 832/1069/832
f 830/1068/830 583/739/583 582/738/582
f 830/1065/830 833/1070/833 831/1066/831
f 830/1065/830 834/1071/834 833/1070/833
f 830/1068/830 832/1069/832 834/1072/834
f 359/448/359 733/943/733 735/945/735
f 359/448/359 735/945/735 360/449/360
f 359/448/359 363/452/363 733/943/733
f 835/1073/835 836/1074/836 837/1075/837
f 835/1076/835 838/1077/838 839/1078/839
f 835/1079/835 839/1080/839 840/1081/840
f 835/1076/835 841/1082/841 838/1077/838
f 835/1073/835 840/1083/840 836/1074/836
f 835/1076/835 837/1084/837 841/1082/841
f 594/750/594 597/753/597 642/816/642
f 594/750/594 644/818/644 595/751/595
f 753/969/753 842/1085/842 843/1086/843
f 753/969/753 844/1087/844 845/1088/845
f 753/969/753 845/1088/845 842/1085/842
f 753/969/753 843/1086/843 754/970/754
f 753/1089/753 758/1090/758 844/1091/844
f 846/1092/846 847/1093/847 848/1094/848
f 846/1092/846 849/1095/849 847/1093/847
f 846/1092/846 848/1094/848 850/1096/850
f 846/1092/846 850/1096/850 851/1097/851
f 846/1092/846 851/1097/851 849/1095/849
f 852/1098/852 853/1099/853 854/1100/854
f 852/1098/852 855/1101/855 853/1099/853
f 852/1102/852 856/1103/856 857/1104/857
f 852/1102/852 857/1104/857 855/1105/855
f 852/1102/852 854/1106/854 858/1107/858
f 852/1102/852 858/1107/858 856/1103/856
f 859/1108/859 860/1109/860 861/1110/861
f 859/1111/859 862/1112/862 863/1113/863
f 859/1108/859 861/1110/861 864/1114/864
f 859/1111/859 864/1115/864 862/1112/862
f 859/1108/859 865/1116/865 860/1109/860
f 859/1111/859 863/1113/863 865/1117/865
f 866/1118/866 97/122/97 867/1119/867
f 866/1118/866 867/1119/867 79/95/79
f 866/1118/866 868/1120/868 97/122/97
f 866/1118/866 79/95/79 869/1121/869
f 866/1118/866 870/1122/870 782/1004/782
f 866/1118/866 782/1004/782 868/1120/868
f 866/1118/866 869/1121/869 870/1122/870
f 871/1123/871 785/1016/785 872/1124/872
f 871/1123/871 872/1124/872 873/1125/873
f 871/1126/871 874/1127/874 875/1128/875
f 871/1126/871 875/1128/875 876/1129/876
f 871/1126/871 873/1130/873 874/1127/874
f 871/1123/871 876/1131/876 785/1016/785
f 877/1132/877 878/1133/878 879/1134/879
f 877/1132/877 879/1134/879 880/1135/880
f 877/1132/877 880/1135/880 881/1136/881
f 877/1132/877 882/1137/882 569/723/569
f 877/1132/877 881/1136/881 882/1137/882
f 877/1132/877 569/723/569 883/1138/883
f 877/1132/877 883/1138/883 878/1133/878
f 884/1139/884 190/238/190 885/1140/885
f 884/1139/884 886/1141/886 887/1142/887
f 884/1139/884 888/1143/888 889/1144/889
f 884/1139/884 890/1145/890 886/1141/886
f 884/1139/884 885/1140/885 890/1145/890
f 884/1139/884 889/1144/889 190/238/190
f 884/1139/884 887/1142/887 888/1143/888
f 891/1146/891 892/1147/892 893/1148/893
f 891/1146/891 894/1149/894 895/1150/895
f 891/1146/891 896/1151/896 892/1147/892
f 891/1146/891 895/1150/895 896/1151/896
f 891/1146/891 893/1148/893 897/1152/897
f 891/1146/891 897/1152/897 894/1149/894
f 898/1153/898 899/1154/899 900/1155/900
f 898/1153/898 901/1156/901 899/1154/899
f 898/1153/898 902/1157/902 901/1156/901
f 898/1158/898 903/1159/903 902/1160/902
f 898/1153/898 900/1155/900 903/1161/903
f 904/1162/904 905/1163/905 906/1164/906
f 904/1165/904 907/1166/907 368/457/368
f 904/1165/904 368/457/368 908/1167/908
f 904/1162/904 909/1168/909 907/1169/907
f 904/1165/904 908/1167/908 905/1170/905
f 904/1162/904 906/1164/906 909/1168/909
f 910/1171/910 911/1172/911 912/1173/912
f 910/1174/910 913/1175/913 914/1176/914
f 910/1174/910 915/1177/915 913/1175/913
f 910/1171/910 916/1178/916 917/1179/917
f 910/1171/910 912/1173/912 916/1178/916
f 910/1171/910 914/1180/914 911/1172/911
f 910/1174/910 917/1181/917 915/1177/915
f 918/1182/918 919/1183/919 920/1184/920
f 918/1182/918 921/1185/921 919/1183/919
f 918/1182/918 922/1186/922 921/1185/921
f 918/1182/918 920/1184/920 923/1187/923
f 918/1182/918 924/1188/924 922/1186/922
f 918/1182/918 923/1187/923 924/1188/924
f 925/1189/925 926/1190/926 927/1191/927
f 925/1189/925 928/1192/928 926/1190/926
f 925/1189/925 335/407/335 929/1193/929
f 925/1189/925 929/1193/929 928/1192/928
f 925/1189/925 927/1191/927 335/407/335
f 495/634/495 930/1194/930 931/1195/931
f 495/1196/495 932/1197/932 933/1198/933
f 495/1196/495 933/1198/933 496/639/496
f 495/634/495 500/642/500 930/1194/930
f 495/1196/495 931/1199/931 932/1197/932
f 934/1200/934 935/1201/935 936/1202/936
f 934/1200/934 937/1203/937 938/1204/938
f 934/1200/934 936/1202/936 939/1205/939
f 934/1200/934 939/1205/939 937/1203/937
f 934/1200/934 938/1204/938 940/1206/940
f 934/1200/934 940/1206/940 935/1201/935
f 941/1207/941 942/1208/942 943/1209/943
f 941/1207/941 944/1210/944 942/1208/942
f 941/1211/941 945/1212/945 515/662/515
f 941/1211/941 514/661/514 944/1213/944
f 941/1211/941 943/1214/943 945/1212/945
f 941/1211/941 515/662/515 514/661/514
f 946/1215/946 947/1216/947 660/839/660
f 946/1217/946 948/1218/948 949/1219/949
f 946/1217/946 949/1219/949 950/1220/950
f 946/1217/946 951/1221/951 952/1222/952
f 946/1215/946 950/1223/950 947/1216/947
f 946/1217/946 952/1222/952 948/1218/948
f 946/1217/946 660/1224/660 951/1221/951
f 953/1225/953 954/1226/954 955/1227/955
f 953/1225/953 956/1228/956 954/1226/954
f 953/1225/953 957/1229/957 958/1230/958
f 953/1225/953 841/1082/841 837/1084/837
f 953/1225/953 837/1084/837 956/1228/956
f 953/1225/953 955/1227/955 957/1229/957
f 953/1225/953 958/1230/958 841/1082/841
f 959/1231/959 960/1232/960 961/1233/961
f 959/1231/959 962/1234/962 960/1232/960
f 959/1235/959 963/1236/963 964/1237/964
f 959/1238/959 961/1239/961 965/1240/965
f 959/1235/959 964/1237/964 962/1241/962
f 959/1238/959 965/1240/965 963/1242/963
f 966/1243/966 967/1244/967 968/1245/968
f 966/1246/966 969/1247/969 970/1248/970
f 966/1243/966 970/1249/970 967/1244/967
f 966/1243/966 968/1245/968 971/1250/971
f 966/1246/966 971/1251/971 972/1252/972
f 966/1246/966 972/1252/972 969/1247/969
f 973/1253/973 974/1254/974 975/1255/975
f 973/1253/973 976/1256/976 977/1257/977
f 973/1253/973 977/1257/977 978/1258/978
f 973/1259/973 978/1260/978 974/1261/974
f 973/1253/973 975/1255/975 979/1262/979
f 980/1263/980 981/1264/981 982/1265/982
f 980/1263/980 982/1265/982 983/1266/983
f 980/1263/980 984/1267/984 985/1268/985
f 980/1263/980 985/1268/985 981/1264/981
f 980/1263/980 983/1266/983 984/1267/984
f 986/1269/986 987/1270/987 136/166/136
f 986/1269/986 988/1271/988 987/1270/987
f 986/1269/986 136/166/136 989/1272/989
f 986/1269/986 276/342/276 273/339/273
f 986/1269/986 989/1272/989 276/342/276
f 986/1269/986 273/339/273 988/1271/988
f 278/344/278 990/1273/990 279/345/279
f 278/344/278 281/347/281 990/1273/990
f 991/1274/991 992/1275/992 993/1276/993
f 991/1274/991 994/1277/994 465/1278/465
f 991/1274/991 465/1278/465 995/1279/995
f 991/1274/991 993/1276/993 996/1280/996
f 991/1281/991 995/1282/995 997/1283/997
f 991/1281/991 997/1283/997 992/1284/992
f 991/1274/991 996/1280/996 994/1277/994
f 998/1285/998 999/1286/999 1000/1287/1000
f 998/1288/998 1000/1289/1000 1001/1290/1001
f 998/1285/998 1002/1291/1002 1003/1292/1003
f 998/1285/998 1004/1293/1004 999/1286/999
f 998/1288/998 1001/1290/1001 1002/1294/1002
f 998/1285/998 1003/1292/1003 1004/1293/1004
f 1005/1295/1005 1006/1296/1006 1007/1297/1007
f 1005/1295/1005 1008/1298/1008 1009/1299/1009
f 1005/1295/1005 1009/1299/1009 1006/1296/1006
f 1010/1300/1010 1011/1301/1011 1012/1302/1012
f 1010/1300/1010 1013/1303/1013 1011/1301/1011
f 1010/1300/1010 1014/1304/1014 1015/1305/1015
f 1010/1300/1010 1012/1302/1012 1014/1304/1014
f 1010/1300/1010 1015/1305/1015 1013/1303/1013
f 791/1306/791 1016/1307/1016 1017/1308/1017
f 791/1306/791 794/1309/794 1016/1307/1016
f 791/1310/791 1017/1311/1017 1018/1312/1018
f 791/1310/791 1018/1312/1018 792/1313/792
f 1019/1314/1019 1020/1315/1020 802/1034/802
f 1019/1314/1019 802/1034/802 799/1031/799
f 1019/1314/1019 1021/1316/1021 1020/1315/1020
f 1019/1314/1019 799/1031/799 1021/1316/1021
f 1022/1317/1022 1023/1318/1023 808/1040/808
f 1022/1317/1022 1024/1319/1024 1023/1318/1023
f 1022/1317/1022 1025/1320/1025 1024/1319/1024
f 1022/1317/1022 1026/1321/1026 1025/1320/1025
f 1022/1317/1022 808/1040/808 1027/1322/1027
f 1022/1317/1022 1027/1322/1027 1026/1321/1026
f 1028/1323/1028 1029/1324/1029 1030/1325/1030
f 1028/1326/1028 813/1045/813 816/1048/816
f 1028/1323/1028 1031/1327/1031 1032/1328/1032
f 1028/1326/1028 1030/1329/1030 813/1045/813
f 1028/1323/1028 816/1330/816 1031/1327/1031
f 1028/1323/1028 1032/1328/1032 1029/1324/1029
f 1033/1331/1033 905/1163/905 1034/1332/1034
f 1033/1331/1033 1035/1333/1035 906/1164/906
f 1033/1331/1033 1036/1334/1036 1035/1333/1035
f 1033/1331/1033 1034/1332/1034 1036/1334/1036
f 1033/1331/1033 906/1164/906 905/1163/905
f 1037/1335/1037 1038/1336/1038 1039/1337/1039
f 1037/1338/1037 1040/1339/1040 1041/1340/1041
f 1037/1335/1037 1041/1341/1041 1038/1336/1038
f 1037/1335/1037 1039/1337/1039 1042/1342/1042
f 1037/1338/1037 1042/1343/1042 1040/1339/1040
f 1043/1344/1043 1044/1345/1044 66/81/66
f 1043/1346/1043 1045/1347/1045 1044/1348/1044
f 1043/1344/1043 66/81/66 1046/1349/1046
f 1043/1344/1043 1046/1349/1046 200/1350/200
f 1043/1346/1043 200/247/200 1045/1347/1045
f 1047/1351/1047 1048/1352/1048 659/1353/659
f 1047/1351/1047 1049/1354/1049 1050/1355/1050
f 1047/1356/1047 1051/1357/1051 1049/1358/1049
f 1047/1351/1047 1050/1355/1050 1048/1352/1048
f 1047/1359/1047 659/838/659 657/840/657
f 1047/1356/1047 657/834/657 1051/1357/1051
f 1052/1360/1052 1053/1361/1053 1054/1362/1054
f 1052/1360/1052 1055/1363/1055 1056/1364/1056
f 1052/1360/1052 1057/1365/1057 1053/1361/1053
f 1052/1360/1052 1054/1362/1054 1058/1366/1058
f 1052/1360/1052 1056/1364/1056 1057/1365/1057
f 1052/1360/1052 1058/1366/1058 1059/1367/1059
f 1052/1360/1052 1059/1367/1059 1055/1363/1055
f 1060/1368/1060 1061/1369/1061 1062/1370/1062
f 1060/1368/1060 1063/1371/1063 1061/1369/1061
f 1060/1368/1060 1062/1370/1062 135/1372/135
f 1060/1368/1060 135/1372/135 1064/1373/1064
f 1060/1368/1060 1064/1373/1064 1065/1374/1065
f 1060/1368/1060 1065/1374/1065 1066/1375/1066
f 1060/1368/1060 1066/1375/1066 1063/1371/1063
f 1067/1376/1067 1068/1377/1068 1069/1378/1069
f 1067/1376/1067 1070/1379/1070 1071/1380/1071
f 1067/1376/1067 1072/1381/1072 1073/1382/1073
f 1067/1376/1067 1074/1383/1074 1070/1379/1070
f 1067/1376/1067 1071/1380/1071 1072/1381/1072
f 1067/1376/1067 1069/1378/1069 1075/1384/1075
f 1067/1376/1067 1075/1384/1075 1074/1383/1074
f 1067/1376/1067 1073/1382/1073 1068/1377/1068
f 760/1385/760 1076/1386/1076 1077/1387/1077
f 760/1385/760 1078/1388/1078 1079/1389/1079
f 760/1385/760 1079/1389/1079 761/1390/761
f 760/976/760 1080/1391/1080 1076/1392/1076
f 760/1385/760 1077/1387/1077 1078/1388/1078
f 760/976/760 764/980/764 1080/1391/1080
f 1081/1393/1081 103/128/103 1082/1394/1082
f 1081/1393/1081 1083/1395/1083 103/128/103
f 1081/1393/1081 1084/1396/1084 1083/1395/1083
f 1081/1393/1081 1085/1397/1085 1084/1396/1084
f 1081/1393/1081 1086/1398/1086 1087/1399/1087
f 1081/1393/1081 1087/1399/1087 1085/1397/1085
f 1081/1393/1081 1082/1394/1082 1086/1398/1086
f 1088/1400/1088 572/1401/572 1089/1402/1089
f 1088/1400/1088 1090/1403/1090 1091/1404/1091
f 1088/1400/1088 1091/1404/1091 1092/1405/1092
f 1088/1400/1088 1092/1405/1092 572/1401/572
f 1088/1400/1088 1089/1402/1089 1093/1406/1093
f 1088/1400/1088 1093/1406/1093 1090/1403/1090
f 1094/1407/1094 1095/1408/1095 1096/1409/1096
f 1094/1407/1094 341/416/341 1097/1410/1097
f 1094/1407/1094 1098/1411/1098 1099/1412/1099
f 1094/1407/1094 1097/1410/1097 1098/1411/1098
f 1094/1407/1094 1096/1409/1096 341/416/341
f 1094/1407/1094 1100/1413/1100 1101/1414/1101
f 1094/1407/1094 1099/1412/1099 1100/1413/1100
f 1094/1407/1094 1101/1414/1101 1095/1408/1095
f 1102/1415/1102 1103/1416/1103 1104/1417/1104
f 1102/1418/1102 1105/1419/1105 1106/1420/1106
f 1102/1418/1102 1104/1421/1104 1107/1422/1107
f 1102/1418/1102 1106/1420/1106 1108/1423/1108
f 1102/1418/1102 1107/1422/1107 1105/1419/1105
f 1102/1415/1102 1108/1424/1108 1103/1416/1103
f 1109/1425/1109 1110/1426/1110 1111/1427/1111
f 1109/1425/1109 1112/1428/1112 1110/1426/1110
f 1109/1425/1109 1113/1429/1113 1112/1428/1112
f 1114/1430/1114 1115/1431/1115 456/585/456
f 1114/1430/1114 1116/1432/1116 1117/1433/1117
f 1114/1430/1114 456/585/456 458/584/458
f 1114/1430/1114 1118/1434/1118 1115/1431/1115
f 1114/1430/1114 458/584/458 1116/1432/1116
f 1114/1430/1114 1117/1433/1117 1118/1434/1118
f 1119/1435/1119 1120/1436/1120 1121/1437/1121
f 1119/1435/1119 338/411/338 1120/1436/1120
f 1119/1435/1119 339/413/339 338/411/338
f 1122/1438/1122 1123/1439/1123 14/18/14
f 1122/1438/1122 1124/1440/1124 1125/1441/1125
f 1122/1438/1122 1125/1441/1125 1126/1442/1126
f 1122/1438/1122 1126/1442/1126 1123/1439/1123
f 1122/1438/1122 14/18/14 1124/1440/1124
f 1127/1443/1127 1128/1444/1128 1129/1445/1129
f 1127/1443/1127 1130/1446/1130 1128/1444/1128
f 1127/1443/1127 1131/1447/1131 1132/1448/1132
f 1127/1443/1127 1132/1448/1132 1130/1446/1130
f 1127/1443/1127 1129/1445/1129 1133/1449/1133
f 1127/1443/1127 1133/1449/1133 1131/1447/1131
f 911/1172/911 1134/1450/1134 912/1173/912
f 911/1172/911 1135/1451/1135 1136/1452/1136
f 911/1172/911 1136/1452/1136 1134/1450/1134
f 911/1172/911 914/1180/914 1135/1451/1135
f 1137/1453/1137 1138/1454/1138 1139/1455/1139
f 1137/1453/1137 1140/1456/1140 1141/1457/1141
f 1137/1453/1137 1139/1455/1139 1142/1458/1142
f 1137/1453/1137 1141/1457/1141 1138/1454/1138
f 1137/1453/1137 1142/1458/1142 1143/1459/1143
f 1137/1453/1137 1143/1459/1143 1140/1456/1140
f 1144/1460/1144 926/1190/926 1145/1461/1145
f 1144/1460/1144 1146/1462/1146 1120/1463/1120
f 1144/1460/1144 1120/1463/1120 1147/1464/1147
f 1144/1460/1144 1148/1465/1148 1149/1466/1149
f 1144/1460/1144 1145/1461/1145 1146/1462/1146
f 1144/1460/1144 1149/1466/1149 926/1190/926
f 1144/1460/1144 1147/1464/1147 1148/1465/1148
f 1150/1467/1150 1151/1468/1151 1152/1469/1152
f 1150/1470/1150 1153/1471/1153 1151/1472/1151
f 1150/1473/1150 1152/1474/1152 1154/1475/1154
f 1150/1473/1150 1154/1475/1154 1155/1476/1155
f 1150/1470/1150 1155/1477/1155 1153/1471/1153
f 1156/1478/1156 1157/1479/1157 1158/1480/1158
f 1156/1478/1156 1159/1481/1159 1160/1482/1160
f 1156/1478/1156 1161/1483/1161 1159/1481/1159
f 1156/1478/1156 1158/1480/1158 1161/1483/1161
f 1156/1478/1156 1160/1482/1160 1162/1484/1162
f 1156/1478/1156 1162/1484/1162 1163/1485/1163
f 1156/1478/1156 1163/1485/1163 1157/1479/1157
f 1164/1486/1164 1165/1487/1165 1166/1488/1166
f 1164/1486/1164 1167/1489/1167 1168/1490/1168
f 1164/1486/1164 1168/1490/1168 1169/1491/1169
f 1164/1486/1164 1169/1491/1169 1170/1492/1170
f 1164/1486/1164 1171/1493/1171 1165/1487/1165
f 1164/1486/1164 1166/1488/1166 1167/1489/1167
f 1164/1486/1164 1170/1492/1170 1171/1493/1171
f 1172/1494/1172 1173/1495/1173 900/1496/900
f 1172/1497/1172 1174/1498/1174 1175/1499/1175
f 1172/1497/1172 1175/1499/1175 45/54/45
f 1172/1497/1172 45/54/45 43/52/43
f 1172/1497/1172 900/1500/900 1174/1498/1174
f 1172/1497/1172 43/52/43 1173/1501/1173
f 1176/1502/1176 1177/1503/1177 1178/1504/1178
f 1176/1502/1176 1178/1504/1178 1179/1505/1179
f 1176/1506/1176 1179/1507/1179 1180/1508/1180
f 1176/1506/1176 1180/1508/1180 1177/1509/1177
f 1181/1510/1181 1182/1511/1182 620/786/620
f 1181/1510/1181 1183/1512/1183 1184/1513/1184
f 1181/1510/1181 619/785/619 1185/1514/1185
f 1181/1510/1181 1184/1513/1184 1182/1511/1182
f 1181/1510/1181 620/786/620 619/785/619
f 1181/1510/1181 1185/1514/1185 1183/1512/1183
f 1186/1515/1186 1187/1516/1187 1188/1517/1188
f 1186/1515/1186 1189/1518/1189 1187/1516/1187
f 1186/1515/1186 1190/1519/1190 1191/1520/1191
f 1186/1515/1186 1191/1520/1191 1189/1518/1189
f 1186/1521/1186 1188/1522/1188 1192/1523/1192
f 1186/1521/1186 1192/1523/1192 1190/1524/1190
f 1193/1525/1193 1194/1526/1194 1195/1527/1195
f 1193/1528/1193 1196/1529/1196 1197/1530/1197
f 1193/1525/1193 1198/1531/1198 1194/1526/1194
f 1193/1528/1193 1197/1530/1197 1198/1532/1198
f 1193/1525/1193 1195/1527/1195 1196/1533/1196
f 1199/1534/1199 1200/1535/1200 1201/1536/1201
f 1199/1534/1199 1202/1537/1202 1203/1538/1203
f 1199/1539/1199 185/229/185 1200/1540/1200
f 1199/1539/1199 1203/1541/1203 185/229/185
f 1199/1534/1199 1204/1542/1204 1202/1537/1202
f 1199/1534/1199 1201/1536/1201 1204/1542/1204
f 1205/1543/1205 1206/1544/1206 1207/1545/1207
f 1205/1546/1205 1208/1547/1208 1042/1343/1042
f 1205/1548/1205 1207/1549/1207 1209/1550/1209
f 1205/1546/1205 1210/1551/1210 1208/1547/1208
f 1205/1543/1205 1211/1552/1211 1206/1544/1206
f 1205/1543/1205 1042/1342/1042 1211/1552/1211
f 1205/1546/1205 1209/1553/1209 1210/1551/1210
f 1212/1554/1212 894/1555/894 1213/1556/1213
f 1212/1554/1212 1214/1557/1214 1215/1558/1215
f 1212/1559/1212 1216/1560/1216 894/1149/894
f 1212/1554/1212 1217/1561/1217 1216/1562/1216
f 1212/1554/1212 1213/1556/1213 1214/1557/1214
f 1212/1554/1212 1215/1558/1215 1217/1561/1217
f 1218/1563/1218 1219/1564/1219 1220/1565/1220
f 1218/1563/1218 207/1566/207 1219/1564/1219
f 1218/1567/1218 1221/1568/1221 208/258/208
f 1218/1563/1218 1222/1569/1222 1221/1570/1221
f 1218/1567/1218 208/258/208 207/257/207
f 1218/1563/1218 1220/1565/1220 1222/1569/1222
f 1223/1571/1223 1224/1572/1224 1225/1573/1225
f 1223/1571/1223 1226/1574/1226 740/956/740
f 1223/1571/1223 1227/1575/1227 1224/1572/1224
f 1223/1571/1223 1225/1573/1225 1226/1574/1226
f 1223/1571/1223 740/956/740 1227/1575/1227
f 372/464/372 1228/1576/1228 373/465/373
f 372/464/372 960/1232/960 1228/1576/1228
f 372/464/372 217/268/217 960/1232/960
f 372/464/372 375/467/375 217/268/217
f 1229/1577/1229 1230/1578/1230 1231/1579/1231
f 1229/1577/1229 1232/1580/1232 386/483/386
f 1229/1577/1229 386/483/386 382/484/382
f 1229/1577/1229 382/484/382 1230/1578/1230
f 1229/1577/1229 1231/1579/1231 1232/1580/1232
f 1233/1581/1233 1234/1582/1234 1235/1583/1235
f 1233/1581/1233 1235/1583/1235 130/160/130
f 1233/1584/1233 1236/1585/1236 1234/1586/1234
f 1233/1584/1233 1237/1587/1237 1236/1585/1236
f 1233/1581/1233 130/160/130 1237/1588/1237
f 1238/1589/1238 1239/1590/1239 1240/1591/1240
f 1238/1589/1238 1240/1591/1240 1241/1592/1241
f 1238/1593/1238 1242/1594/1242 1239/1595/1239
f 1238/1593/1238 1243/1596/1243 1242/1594/1242
f 1238/1593/1238 1241/1597/1241 1243/1596/1243
f 1244/1598/1244 452/581/452 1245/1599/1245
f 1244/1598/1244 1246/1600/1246 1247/1601/1247
f 1244/1598/1244 1245/1599/1245 1248/1602/1248
f 1244/1598/1244 1247/1601/1247 452/581/452
f 1244/1598/1244 1249/1603/1249 1246/1600/1246
f 1244/1598/1244 1248/1602/1248 1249/1603/1249
f 1250/1604/1250 1251/1605/1251 1252/1606/1252
f 1250/1604/1250 1252/1606/1252 1253/1607/1253
f 1250/1604/1250 1254/1608/1254 1251/1605/1251
f 1250/1604/1250 1253/1607/1253 1255/1609/1255
f 1250/1604/1250 1255/1609/1255 1254/1608/1254
f 1256/1610/1256 1257/1611/1257 1258/1612/1258
f 1256/1610/1256 1259/1613/1259 1257/1611/1257
f 1256/1610/1256 1260/1614/1260 1261/1615/1261
f 1256/1616/1256 1261/1617/1261 1262/1618/1262
f 1256/1610/1256 1262/1619/1262 1259/1613/1259
f 1256/1610/1256 1258/1612/1258 1260/1614/1260
f 1263/1620/1263 1264/1621/1264 1265/1622/1265
f 1263/1620/1263 1266/1623/1266 1267/1624/1267
f 1263/1620/1263 1265/1622/1265 1268/1625/1268
f 1263/1620/1263 1267/1624/1267 1264/1621/1264
f 1263/1620/1263 1268/1625/1268 1266/1623/1266
f 1269/1626/1269 1270/1627/1270 1271/1628/1271
f 1269/1626/1269 1272/1629/1272 1273/1630/1273
f 1269/1631/1269 1274/1632/1274 1270/1633/1270
f 1269/1626/1269 1275/1634/1275 1276/1635/1276
f 1269/1631/1269 1273/1636/1273 1274/1632/1274
f 1269/1626/1269 1276/1635/1276 1272/1629/1272
f 1269/1626/1269 1271/1628/1271 1275/1634/1275
f 1277/1637/1277 1278/1638/1278 1279/1639/1279
f 1277/1640/1277 63/78/63 68/83/68
f 1277/1637/1277 68/1641/68 1280/1642/1280
f 1277/1637/1277 1279/1639/1279 63/1643/63
f 1277/1637/1277 1280/1642/1280 1278/1638/1278
f 1281/1644/1281 1282/1645/1282 950/1646/950
f 1281/1644/1281 1283/1647/1283 1284/1648/1284
f 1281/1644/1281 72/1649/72 74/1650/74
f 1281/1644/1281 1284/1648/1284 1285/1651/1285
f 1281/1644/1281 1285/1651/1285 1282/1645/1282
f 1281/1644/1281 950/1646/950 72/1649/72
f 1281/1644/1281 74/1650/74 1283/1647/1283
f 1286/1652/1286 1287/1653/1287 78/99/78
f 1286/1652/1286 1288/1654/1288 1289/1655/1289
f 1286/1652/1286 1289/1655/1289 1287/1653/1287
f 1286/1652/1286 78/99/78 1290/1656/1290
f 1286/1652/1286 1290/1656/1290 1288/1654/1288
f 1291/1657/1291 83/105/83 1292/1658/1292
f 1291/1657/1291 478/614/478 84/106/84
f 1291/1657/1291 1293/1659/1293 1294/1660/1294
f 1291/1657/1291 1292/1658/1292 1293/1659/1293
f 1291/1657/1291 84/106/84 83/105/83
f 1291/1657/1291 1294/1660/1294 478/614/478
f 1295/1661/1295 1296/1662/1296 1297/1663/1297
f 1295/1661/1295 1298/1664/1298 1296/1662/1296
f 1295/1661/1295 1297/1663/1297 1299/1665/1299
f 1295/1661/1295 257/319/257 1298/1664/1298
f 1295/1661/1295 1299/1665/1299 257/319/257
f 1300/1666/1300 1301/1667/1301 1302/1668/1302
f 1300/1666/1300 1303/1669/1303 1304/1670/1304
f 1300/1666/1300 1304/1670/1304 1301/1667/1301
f 1300/1666/1300 1302/1668/1302 1303/1669/1303
f 103/128/103 1083/1395/1083 1305/1671/1305
f 103/128/103 1305/1671/1305 104/129/104
f 103/128/103 110/137/110 1082/1394/1082
f 1306/1672/1306 1307/1673/1307 1308/1674/1308
f 1306/1675/1306 1309/1676/1309 1310/1677/1310
f 1306/1675/1306 1311/1678/1311 1309/1676/1309
f 1306/1679/1306 1312/1680/1312 1313/1681/1313
f 1306/1672/1306 1314/1682/1314 1307/1673/1307
f 1306/1679/1306 1308/1683/1308 1312/1680/1312
f 1306/1675/1306 1313/1684/1313 1311/1678/1311
f 1306/1672/1306 1310/1685/1310 1314/1682/1314
f 1315/1686/1315 1316/1687/1316 1317/1688/1317
f 1315/1686/1315 1239/1595/1239 1242/1594/1242
f 1315/1686/1315 1242/1594/1242 1316/1687/1316
f 489/625/489 1318/1689/1318 1319/1690/1319
f 489/625/489 491/627/491 1320/1691/1320
f 489/625/489 1320/1691/1320 1318/1689/1318
f 489/625/489 1319/1690/1319 490/626/490
f 1321/1692/1321 294/360/294 1322/1693/1322
f 1321/1692/1321 1322/1693/1322 1323/1694/1323
f 1321/1692/1321 1324/1695/1324 1325/1696/1325
f 1321/1692/1321 1326/1697/1326 1327/1698/1327
f 1321/1692/1321 1325/1696/1325 1326/1697/1326
f 1321/1692/1321 1323/1694/1323 1324/1695/1324
f 1321/1692/1321 1327/1698/1327 294/360/294
f 1328/1699/1328 1329/1700/1329 1330/1701/1330
f 1328/1699/1328 1330/1701/1330 1331/1702/1331
f 1328/1703/1328 1332/1704/1332 1333/1705/1333
f 1328/1699/1328 1334/1706/1334 1329/1700/1329
f 1328/1699/1328 1333/1707/1333 1334/1706/1334
f 1328/1703/1328 1331/1708/1331 1332/1704/1332
f 1335/1709/1335 1336/1710/1336 1337/1711/1337
f 1335/1712/1335 1338/1713/1338 678/868/678
f 1335/1709/1335 677/1714/677 1336/1710/1336
f 1335/1712/1335 678/868/678 677/1715/677
f 1335/1716/1335 1339/1717/1339 1338/1718/1338
f 1335/1716/1335 1337/1719/1337 1339/1717/1339
f 1340/1720/1340 1341/1721/1341 1342/1722/1342
f 1340/1720/1340 745/1723/745 1343/1724/1343
f 1340/1725/1340 1342/1726/1342 938/1204/938
f 1340/1725/1340 746/959/746 745/958/745
f 1340/1725/1340 1344/1727/1344 746/959/746
f 1340/1725/1340 938/1204/938 1344/1727/1344
f 1340/1720/1340 1343/1724/1343 1341/1721/1341
f 1345/1728/1345 1346/1729/1346 1035/1333/1035
f 1345/1728/1345 318/387/318 320/389/320
f 1345/1728/1345 1035/1333/1035 1036/1334/1036
f 1345/1728/1345 320/389/320 1346/1729/1346
f 1345/1728/1345 1036/1334/1036 318/387/318
f 1347/1730/1347 1348/1731/1348 115/1732/115
f 1347/1733/1347 1349/1734/1349 1350/1735/1350
f 1347/1730/1347 1351/1736/1351 1349/1737/1349
f 1347/1730/1347 115/1732/115 1352/1738/1352
f 1347/1730/1347 1352/1738/1352 1351/1736/1351
f 1347/1730/1347 1350/1739/1350 1348/1731/1348
f 1353/1740/1353 1153/1471/1153 1354/1741/1354
f 1353/1740/1353 1355/1742/1355 1153/1471/1153
f 1353/1740/1353 1354/1741/1354 1356/1743/1356
f 1353/1740/1353 1356/1743/1356 1355/1742/1355
f 1357/1744/1357 1358/1745/1358 1359/1746/1359
f 1357/1744/1357 1360/1747/1360 1361/1748/1361
f 1357/1744/1357 1359/1746/1359 1362/1749/1362
f 1357/1744/1357 1362/1749/1362 1363/1750/1363
f 1357/1744/1357 1361/1748/1361 1358/1745/1358
f 1357/1744/1357 1363/1750/1363 1360/1747/1360
f 1364/1751/1364 1365/1752/1365 1366/1753/1366
f 1364/1751/1364 23/29/23 1367/1754/1367
f 1364/1751/1364 1366/1753/1366 1368/1755/1368
f 1364/1751/1364 24/30/24 23/29/23
f 1364/1751/1364 1368/1755/1368 24/30/24
f 1364/1751/1364 1367/1754/1367 1365/1752/1365
f 987/1270/987 988/1271/988 1369/1756/1369
f 987/1270/987 1369/1756/1369 700/895/700
f 987/1270/987 700/895/700 1370/1757/1370
f 987/1270/987 1370/1757/1370 136/166/136
f 1371/1758/1371 1372/1759/1372 1373/1760/1373
f 1371/1758/1371 1374/1761/1374 1375/1762/1375
f 1371/1758/1371 1375/1762/1375 1376/1763/1376
f 1371/1758/1371 1377/1764/1377 1374/1761/1374
f 1371/1758/1371 1373/1760/1373 1377/1764/1377
f 1371/1758/1371 1376/1763/1376 1372/1759/1372
f 1378/1765/1378 1379/1766/1379 1380/1767/1380
f 1378/1768/1378 1381/1769/1381 1382/1770/1382
f 1378/1765/1378 1383/1771/1383 1384/1772/1384
f 1378/1773/1378 1385/1774/1385 1383/1775/1383
f 1378/1768/1378 1382/1770/1382 1385/1776/1385
f 1378/1765/1378 1384/1772/1384 1379/1766/1379
f 1378/1777/1378 1380/1778/1380 1381/1779/1381
f 1386/1780/1386 1387/1781/1387 1388/1782/1388
f 1386/1783/1386 1389/1784/1389 1390/1785/1390
f 1386/1783/1386 1391/1786/1391 1389/1784/1389
f 1386/1780/1386 1390/1787/1390 1392/1788/1392
f 1386/1780/1386 1388/1782/1388 1391/1789/1391
f 1386/1780/1386 1392/1788/1392 1387/1781/1387
f 161/199/161 1393/1790/1393 1394/1791/1394
f 161/199/161 1395/1792/1395 1393/1790/1393
f 161/199/161 165/203/165 1395/1792/1395
f 161/199/161 1394/1791/1394 162/200/162
f 1396/1793/1396 1397/1794/1397 1398/1795/1398
f 1396/1796/1396 1399/1797/1399 1400/1798/1400
f 1396/1799/1396 1398/1800/1398 1399/1801/1399
f 1401/1802/1401 1402/1803/1402 1403/1804/1403
f 1401/1802/1401 1403/1804/1403 1404/1805/1404
f 1401/1802/1401 1405/1806/1405 1402/1803/1402
f 1401/1807/1401 1406/1808/1406 1407/1809/1407
f 1401/1807/1401 1407/1809/1407 1405/1810/1405
f 1401/1802/1401 1408/1811/1408 1406/1812/1406
f 1401/1802/1401 1404/1805/1404 1408/1811/1408
f 1409/1813/1409 1410/1814/1410 1411/1815/1411
f 1409/1813/1409 1412/1816/1412 1413/1817/1413
f 1409/1813/1409 1411/1815/1411 1414/1818/1414
f 1409/1813/1409 1413/1817/1413 1410/1814/1410
f 1409/1813/1409 1414/1818/1414 1412/1816/1412
f 1415/1819/1415 1416/1820/1416 507/652/507
f 1415/1819/1415 1417/1821/1417 1418/1822/1418
f 1415/1819/1415 1419/1823/1419 1417/1821/1417
f 1415/1819/1415 507/652/507 1419/1823/1419
f 1415/1824/1415 1418/1825/1418 1416/1826/1416
f 1420/1827/1420 580/1828/580 585/1829/585
f 1420/1830/1420 1421/1831/1421 1422/1832/1422
f 1420/1827/1420 585/1829/585 1423/1833/1423
f 1420/1830/1420 1424/1834/1424 580/1835/580
f 1420/1830/1420 1423/1836/1423 1421/1831/1421
f 1420/1830/1420 1422/1832/1422 1424/1834/1424
f 205/255/205 1425/1837/1425 1426/1838/1426
f 205/255/205 1426/1838/1426 206/256/206
f 205/255/205 211/261/211 1425/1837/1425
f 1427/1839/1427 1428/1840/1428 1429/1841/1429
f 1427/1839/1427 1430/1842/1430 1431/1843/1431
f 1427/1839/1427 1432/1844/1432 1428/1840/1428
f 1427/1839/1427 1429/1841/1429 1430/1842/1430
f 1427/1839/1427 1431/1843/1431 1432/1844/1432
f 1433/1845/1433 1434/1846/1434 1435/1847/1435
f 1433/1845/1433 1436/1848/1436 1437/1849/1437
f 1433/1845/1433 1435/1847/1435 1438/1850/1438
f 1433/1851/1433 1439/1852/1439 1434/1853/1434
f 1433/1845/1433 1438/1850/1438 1436/1848/1436
f 1433/1851/1433 1437/1854/1437 1439/1852/1439
f 1440/1855/1440 1441/1856/1441 1442/1857/1442
f 1440/1855/1440 1443/1858/1443 629/799/629
f 1440/1855/1440 628/798/628 1441/1856/1441
f 1440/1855/1440 629/799/629 628/798/628
f 1440/1859/1440 1444/1860/1444 1443/1861/1443
f 1440/1859/1440 1442/1862/1442 1444/1860/1444
f 1445/1863/1445 1446/1864/1446 1447/1865/1447
f 1445/1863/1445 1448/1866/1448 1449/1867/1449
f 1445/1863/1445 1450/1868/1450 1448/1866/1448
f 1445/1863/1445 1451/1869/1451 1446/1864/1446
f 1445/1863/1445 1449/1867/1449 1451/1869/1451
f 1445/1863/1445 1447/1865/1447 1450/1868/1450
f 568/722/568 570/724/570 1452/1870/1452
f 568/722/568 1453/1871/1453 883/1138/883
f 568/1872/568 1452/1873/1452 1453/1874/1453
f 568/722/568 883/1138/883 569/723/569
f 1454/1875/1454 1455/1876/1455 1456/1877/1456
f 1454/1875/1454 1457/1878/1457 1455/1876/1455
f 1454/1875/1454 1458/1879/1458 1459/1880/1459
f 1454/1875/1454 1460/1881/1460 1457/1878/1457
f 1454/1875/1454 1459/1880/1459 1460/1881/1460
f 1454/1875/1454 1456/1877/1456 1458/1879/1458
f 1461/1882/1461 1462/1883/1462 1463/1884/1463
f 1461/1885/1461 1463/1886/1463 1464/1887/1464
f 1461/1885/1461 1465/1888/1465 1466/1889/1466
f 1461/1885/1461 1464/1887/1464 1465/1888/1465
f 1461/1882/1461 1466/1890/1466 1462/1883/1462
f 1467/1891/1467 1468/1892/1468 1469/1893/1469
f 1467/1894/1467 1469/1895/1469 1470/1896/1470
f 1467/1891/1467 1359/1897/1359 566/719/566
f 1467/1894/1467 1362/1749/1362 1359/1746/1359
f 1467/1891/1467 566/719/566 1468/1892/1468
f 1467/1894/1467 1470/1896/1470 1362/1749/1362
f 1471/1898/1471 1472/1899/1472 1473/1900/1473
f 1471/1901/1471 1474/1902/1474 321/390/321
f 1471/1901/1471 1475/1903/1475 1472/1904/1472
f 1471/1901/1471 321/390/321 319/388/319
f 1471/1905/1471 1476/1906/1476 1474/1907/1474
f 1471/1901/1471 319/388/319 1475/1903/1475
f 1471/1908/1471 1473/1909/1473 1476/1910/1476
f 1477/1911/1477 429/1912/429 433/537/433
f 1477/1913/1477 1478/1914/1478 429/1915/429
f 1477/1916/1477 1479/1917/1479 1480/1918/1480
f 1477/1916/1477 1481/1919/1481 1482/1920/1482
f 1477/1913/1477 1483/1921/1483 1478/1914/1478
f 1477/1913/1477 1482/1922/1482 1483/1921/1483
f 1477/1916/1477 1480/1918/1480 1481/1919/1481
f 1477/1911/1477 433/537/433 1479/1923/1479
f 1484/1924/1484 1336/1710/1336 1485/1925/1485
f 1484/1924/1484 1485/1925/1485 1486/1926/1486
f 1484/1924/1484 1487/1927/1487 1336/1710/1336
f 1484/1924/1484 1488/1928/1488 1489/1929/1489
f 1484/1924/1484 1486/1926/1486 1488/1928/1488
f 1484/1924/1484 1489/1929/1489 1487/1927/1487
f 1490/1930/1490 1491/1931/1491 1492/1932/1492
f 1490/1933/1490 681/871/681 1491/1934/1491
f 1490/1933/1490 682/872/682 681/871/681
f 1490/1930/1490 1492/1932/1492 1493/1935/1493
f 1490/1930/1490 1493/1935/1493 682/1936/682
f 1494/1937/1494 1495/1938/1495 1496/1939/1496
f 1494/1937/1494 1497/1940/1497 1495/1938/1495
f 1494/1937/1494 1496/1939/1496 1498/1941/1498
f 1038/1336/1038 1499/1942/1499 1039/1337/1039
f 1038/1336/1038 1500/1943/1500 1499/1942/1499
f 1038/1336/1038 1041/1341/1041 1501/1944/1501
f 1038/1336/1038 1501/1944/1501 1500/1943/1500
f 1502/1945/1502 1503/1946/1503 1504/1947/1504
f 1502/1948/1502 1505/1949/1505 1506/1950/1506
f 1502/1951/1502 1507/1952/1507 1505/1953/1505
f 1502/1948/1502 1506/1950/1506 1503/1954/1503
f 1502/1955/1502 1504/1956/1504 1507/1957/1507
f 992/1958/992 1508/1959/1508 993/1960/993
f 1509/1961/1509 1510/1962/1510 1511/1963/1511
f 1509/1964/1509 1511/1965/1511 1512/1966/1512
f 1509/1967/1509 1513/1968/1513 1514/1969/1514
f 1509/1967/1509 1515/1970/1515 1513/1968/1513
f 1509/1964/1509 1512/1966/1512 1515/1971/1515
f 1509/1961/1509 1514/1972/1514 1510/1962/1510
f 1516/1973/1516 1517/1974/1517 1518/1975/1518
f 1516/1973/1516 1518/1975/1518 1519/1976/1519
f 1516/1973/1516 432/536/432 1517/1974/1517
f 1516/1973/1516 1519/1976/1519 433/537/433
f 1516/1973/1516 433/537/433 432/536/432
f 1520/1977/1520 967/1244/967 970/1249/970
f 1520/1978/1520 343/424/343 1521/1979/1521
f 1520/1978/1520 970/1980/970 1522/1981/1522
f 1520/1977/1520 1523/1982/1523 967/1244/967
f 1520/1978/1520 1521/1979/1521 1523/1983/1523
f 1520/1978/1520 1522/1981/1522 343/424/343
f 1524/1984/1524 1123/1985/1123 1525/1986/1525
f 1524/1987/1524 11/22/11 1123/1439/1123
f 1524/1984/1524 1525/1986/1525 1526/1988/1526
f 1524/1989/1524 1526/1990/1526 1527/1991/1527
f 1524/1992/1524 1528/1993/1528 11/1994/11
f 1524/1992/1524 1527/1995/1527 1528/1993/1528
f 1529/1996/1529 1530/1997/1530 1531/1998/1531
f 1529/1996/1529 1532/1999/1532 1530/1997/1530
f 1529/1996/1529 1533/2000/1533 1532/1999/1532
f 1529/1996/1529 1534/2001/1534 1533/2000/1533
f 1529/2002/1529 1535/2003/1535 1534/2004/1534
f 1529/2002/1529 1531/2005/1531 1535/2003/1535
f 244/302/244 1536/2006/1536 1537/2007/1537
f 244/302/244 249/307/249 1536/2006/1536
f 244/302/244 1538/2008/1538 245/303/245
f 244/302/244 1537/2007/1537 1313/1681/1313
f 244/302/244 1313/1681/1313 1538/2008/1538
f 251/316/251 254/315/254 1539/2009/1539
f 251/309/251 1540/2010/1540 704/900/704
f 251/309/251 704/900/704 252/310/252
f 251/309/251 1539/2011/1539 1540/2010/1540
f 1541/2012/1541 1542/2013/1542 1543/2014/1543
f 1541/2012/1541 1544/2015/1544 1545/2016/1545
f 1541/2017/1541 1543/2018/1543 1546/2019/1546
f 1541/2017/1541 1546/2019/1546 1547/2020/1547
f 1541/2012/1541 1545/2016/1545 1542/2013/1542
f 1541/2012/1541 1547/2021/1547 1544/2015/1544
f 1548/2022/1548 1549/2023/1549 1550/2024/1550
f 1548/2022/1548 1551/2025/1551 1552/2026/1552
f 1548/2022/1548 1552/2026/1552 640/814/640
f 1548/2022/1548 1550/2024/1550 1551/2025/1551
f 1548/2022/1548 640/814/640 1549/2023/1549
f 476/2027/476 162/200/162 1553/2028/1553
f 476/2027/476 163/201/163 162/200/162
f 476/2027/476 479/611/479 163/201/163
f 476/607/476 1553/2029/1553 1554/2030/1554
f 476/607/476 1554/2030/1554 477/608/477
f 1316/1687/1316 1555/2031/1555 1556/2032/1556
f 1316/1687/1316 1557/2033/1557 1555/2031/1555
f 1316/1687/1316 1556/2032/1556 1317/1688/1317
f 1316/1687/1316 1242/1594/1242 1557/2033/1557
f 1558/2034/1558 1559/2035/1559 1448/2036/1448
f 1558/2034/1558 1560/2037/1560 1561/2038/1561
f 1558/2034/1558 1448/2036/1448 1560/2037/1560
f 1558/2034/1558 1319/1690/1319 1562/2039/1562
f 1558/2034/1558 1561/2038/1561 1319/1690/1319
f 1558/2034/1558 1562/2039/1562 1559/2035/1559
f 292/358/292 295/361/295 1563/2040/1563
f 292/358/292 1564/2041/1564 293/359/293
f 292/358/292 1563/2040/1563 931/1199/931
f 292/358/292 931/1199/931 1564/2041/1564
f 1565/2042/1565 1457/2043/1457 301/2044/301
f 1565/2042/1565 1566/2045/1566 1567/2046/1567
f 1565/2042/1565 1568/2047/1568 1566/2045/1566
f 1565/2042/1565 1567/2046/1567 1569/2048/1569
f 1565/2042/1565 301/2044/301 1568/2047/1568
f 1565/2042/1565 1569/2048/1569 1457/2043/1457
f 1570/2049/1570 1571/2050/1571 1572/2051/1572
f 1570/2049/1570 1572/2051/1572 1573/2052/1573
f 1570/2049/1570 1573/2052/1573 64/79/64
f 1570/2049/1570 64/79/64 1574/2053/1574
f 1570/2049/1570 1574/2053/1574 1571/2050/1571
f 517/664/517 1575/2054/1575 518/665/518
f 523/2055/523 1576/2056/1576 1577/2057/1577
f 523/670/523 526/673/526 1578/2058/1578
f 523/670/523 1578/2058/1578 1576/2059/1576
f 523/2055/523 1577/2057/1577 524/2060/524
f 1579/2061/1579 776/993/776 775/994/775
f 1579/2061/1579 1580/2062/1580 1581/2063/1581
f 1579/2064/1579 1582/2065/1582 1583/2066/1583
f 1579/2064/1579 1583/2066/1583 1580/2067/1580
f 1579/2064/1579 775/992/775 1582/2065/1582
f 1579/2061/1579 1581/2063/1581 1584/2068/1584
f 1579/2061/1579 1584/2068/1584 776/993/776
f 97/122/97 868/1120/868 98/123/98
f 97/122/97 101/126/101 867/1119/867
f 1585/2069/1585 1586/2070/1586 1587/2071/1587
f 1585/2072/1585 1588/2073/1588 1589/2074/1589
f 1585/2072/1585 1587/2075/1587 1588/2073/1588
f 1585/2069/1585 1590/2076/1590 1591/2077/1591
f 1585/2069/1585 1591/2077/1591 1586/2070/1586
f 1585/2069/1585 1406/2078/1406 1590/2076/1590
f 1585/2072/1585 1589/2074/1589 1406/1808/1406
f 1592/2079/1592 154/187/154 158/192/158
f 1592/2079/1592 1593/2080/1593 1594/2081/1594
f 1592/2079/1592 1594/2081/1594 1595/2082/1595
f 1592/2079/1592 1595/2082/1595 1596/2083/1596
f 1592/2079/1592 158/192/158 1593/2080/1593
f 1592/2079/1592 1596/2083/1596 154/187/154
f 1597/2084/1597 646/820/646 645/819/645
f 1597/2085/1597 645/2086/645 1598/2087/1598
f 1597/2085/1597 1598/2087/1598 1599/2088/1599
f 352/2089/352 1600/2090/1600 1601/2091/1601
f 352/2089/352 1601/2091/1601 353/2092/353
f 352/442/352 357/441/357 1602/2093/1602
f 352/442/352 1602/2093/1602 1600/2094/1600
f 1603/2095/1603 1604/2096/1604 1605/2097/1605
f 1603/2095/1603 814/1046/814 1604/2096/1604
f 1603/2095/1603 1606/2098/1606 1607/2099/1607
f 1603/2095/1603 1608/2100/1608 814/1046/814
f 1603/2095/1603 1605/2097/1605 1606/2098/1606
f 1603/2095/1603 1607/2099/1607 1608/2100/1608
f 1609/2101/1609 1610/2102/1610 1611/2103/1611
f 1609/2101/1609 1612/2104/1612 1613/2105/1613
f 1609/2101/1609 1614/2106/1614 1612/2104/1612
f 1609/2101/1609 1615/2107/1615 1614/2106/1614
f 1609/2101/1609 1616/2108/1616 1610/2102/1610
f 1609/2109/1609 1617/2110/1617 1615/2111/1615
f 1609/2109/1609 1611/2112/1611 1617/2110/1617
f 1609/2101/1609 1613/2105/1613 1616/2108/1616
f 1618/2113/1618 1619/2114/1619 1620/2115/1620
f 1618/2116/1618 574/2117/574 1621/2118/1621
f 1618/2119/1618 1622/2120/1622 1619/2121/1619
f 1618/2116/1618 1623/2122/1623 574/2117/574
f 1618/2113/1618 1620/2115/1620 1623/2123/1623
f 1618/2119/1618 1621/2124/1621 1622/2120/1622
f 723/930/723 1624/2125/1624 1625/2126/1625
f 723/930/723 1625/2126/1625 1626/2127/1626
f 723/930/723 728/937/728 1624/2125/1624
f 723/930/723 1626/2127/1626 724/931/724
f 1627/2128/1627 1628/2129/1628 1629/2130/1629
f 1627/2128/1627 1629/2130/1629 1630/2131/1630
f 1627/2128/1627 1631/2132/1631 1284/1648/1284
f 1627/2128/1627 1284/1648/1284 1628/2129/1628
f 1627/2128/1627 1630/2131/1630 1631/2132/1631
f 737/947/737 626/2133/626 738/948/738
f 737/955/737 1632/2134/1632 1633/2135/1633
f 737/955/737 743/954/743 1632/2134/1632
f 737/955/737 1633/2135/1633 626/796/626
f 1634/2136/1634 1635/2137/1635 1636/2138/1636
f 1634/2139/1634 88/2140/88 1637/2141/1637
f 1634/2139/1634 1638/2142/1638 1635/2143/1635
f 1634/2136/1634 1639/2144/1639 1640/2145/1640
f 1634/2139/1634 1637/2141/1637 1638/2142/1638
f 1634/2136/1634 1636/2138/1636 1639/2144/1639
f 1634/2139/1634 1640/2146/1640 88/2140/88
f 1641/2147/1641 512/659/512 945/1212/945
f 1641/2147/1641 1642/2148/1642 1643/2149/1643
f 1641/2147/1641 1643/2149/1643 1644/2150/1644
f 1641/2147/1641 945/1212/945 1642/2148/1642
f 1641/2147/1641 1644/2150/1644 512/659/512
f 603/761/603 1379/1766/1379 604/762/604
f 603/761/603 605/763/605 1645/2151/1645
f 603/761/603 1645/2151/1645 1379/1766/1379
f 610/776/610 613/772/613 1646/2152/1646
f 610/768/610 1647/2153/1647 1648/2154/1648
f 610/768/610 1648/2154/1648 611/769/611
f 610/768/610 1646/2155/1646 1647/2153/1647
f 913/1175/913 1649/2156/1649 1650/2157/1650
f 913/1175/913 1651/2158/1651 914/1176/914
f 913/1175/913 915/1177/915 1649/2156/1649
f 913/1175/913 1650/2157/1650 1651/2158/1651
f 1652/2159/1652 1653/2160/1653 1654/2161/1654
f 1652/2159/1652 1655/2162/1655 1656/2163/1656
f 1652/2164/1652 1654/2165/1654 1657/2166/1657
f 1652/2159/1652 1656/2163/1656 1653/2160/1653
f 1652/2164/1652 1658/2167/1658 1655/2168/1655
f 1652/2164/1652 1659/2169/1659 1658/2167/1658
f 1652/2164/1652 1657/2166/1657 1659/2169/1659
f 1660/2170/1660 1661/2171/1661 1662/2172/1662
f 1660/2170/1660 1663/2173/1663 1664/2174/1664
f 1660/2170/1660 1665/2175/1665 1661/2171/1661
f 1660/2170/1660 1666/2176/1666 1667/2177/1667
f 1660/2170/1660 1662/2172/1662 1668/2178/1668
f 1660/2170/1660 1664/2174/1664 1665/2175/1665
f 1660/2170/1660 1667/2177/1667 1663/2173/1663
f 1660/2170/1660 1668/2178/1668 1666/2176/1666
f 1669/2179/1669 1670/2180/1670 1671/2181/1671
f 1669/2179/1669 1671/2181/1671 769/2182/769
f 1669/2179/1669 1672/2183/1672 1670/2180/1670
f 1669/2179/1669 1673/2184/1673 123/153/123
f 1669/2179/1669 769/2182/769 1673/2184/1673
f 1669/2179/1669 123/153/123 1672/2183/1672
f 1674/2185/1674 1675/2186/1675 418/2187/418
f 1674/2185/1674 1676/2188/1676 31/39/31
f 1674/2185/1674 31/39/31 1677/2189/1677
f 1674/2185/1674 1677/2189/1677 1675/2186/1675
f 1674/2185/1674 1678/2190/1678 1676/2188/1676
f 1674/2185/1674 418/2187/418 1678/2190/1678
f 1679/2191/1679 1680/2192/1680 1681/2193/1681
f 1679/2191/1679 1682/2194/1682 1683/2195/1683
f 1679/2191/1679 1681/2193/1681 1684/2196/1684
f 1679/2191/1679 1683/2195/1683 1680/2192/1680
f 1679/2191/1679 1684/2196/1684 1682/2194/1682
f 1685/2197/1685 1686/2198/1686 1687/2199/1687
f 1685/2197/1685 231/286/231 1688/2200/1688
f 1685/2197/1685 1689/2201/1689 1686/2198/1686
f 1685/2197/1685 232/287/232 231/286/231
f 1685/2197/1685 1687/2199/1687 232/287/232
f 1685/2197/1685 1688/2200/1688 1689/2201/1689
f 954/1226/954 956/1228/956 1690/2202/1690
f 954/1226/954 1690/2202/1690 1691/2203/1691
f 954/1226/954 1691/2203/1691 955/1227/955
f 1692/2204/1692 1693/2205/1693 1694/2206/1694
f 1692/2204/1692 1695/2207/1695 1693/2205/1693
f 1692/2204/1692 1568/2208/1568 1696/2209/1696
f 1692/2204/1692 1694/2206/1694 1568/2208/1568
f 1692/2204/1692 1696/2209/1696 1695/2207/1695
f 1697/2210/1697 306/372/306 1698/2211/1698
f 1697/2210/1697 1699/2212/1699 1465/1888/1465
f 1697/2213/1697 1700/2214/1700 1699/2215/1699
f 1697/2210/1697 307/373/307 306/372/306
f 1697/2210/1697 1465/1888/1465 1464/1887/1464
f 1697/2210/1697 1464/1887/1464 1170/2216/1170
f 1697/2210/1697 1170/2216/1170 307/373/307
f 1697/2210/1697 1698/2211/1698 1700/2217/1700
f 1701/2218/1701 976/2219/976 1702/2220/1702
f 1701/2221/1701 1703/2222/1703 1704/2223/1704
f 1701/2221/1701 1704/2223/1704 1705/2224/1705
f 1701/2218/1701 1702/2220/1702 1706/2225/1706
f 1701/2221/1701 1706/2226/1706 1703/2222/1703
f 1701/2227/1701 1705/2228/1705 976/2229/976
f 1707/2230/1707 1708/2231/1708 1709/2232/1709
f 1707/2233/1707 1710/2234/1710 1711/2235/1711
f 1707/2230/1707 1709/2232/1709 1710/2236/1710
f 1115/1431/1115 1712/2237/1712 456/585/456
f 1115/1431/1115 1118/1434/1118 696/889/696
f 1115/1431/1115 696/889/696 1713/2238/1713
f 1115/1431/1115 1713/2238/1713 1712/2237/1712
f 1714/2239/1714 1715/2240/1715 1716/2241/1716
f 1714/2239/1714 1717/2242/1717 1718/2243/1718
f 1714/2239/1714 1716/2241/1716 1717/2242/1717
f 1714/2239/1714 1719/2244/1719 1720/2245/1720
f 1714/2239/1714 1720/2245/1720 1715/2240/1715
f 1714/2239/1714 1718/2243/1718 1719/2244/1719
f 994/1277/994 466/2246/466 465/1278/465
f 994/1277/994 1721/2247/1721 466/2246/466
f 994/1277/994 996/1280/996 1722/2248/1722
f 994/1277/994 1722/2248/1722 1721/2247/1721
f 1723/2249/1723 469/600/469 544/2250/544
f 1723/2249/1723 544/2250/544 1724/2251/1724
f 1723/2249/1723 1725/2252/1725 470/601/470
f 1723/2249/1723 470/601/470 469/600/469
f 1723/2249/1723 1724/2251/1724 1726/2253/1726
f 1723/2249/1723 1726/2253/1726 1725/2252/1725
f 1727/2254/1727 1728/2255/1728 829/1062/829
f 1727/2254/1727 1729/2256/1729 1728/2255/1728
f 1727/2254/1727 1184/2257/1184 1729/2256/1729
f 1727/2258/1727 829/1063/829 578/734/578
f 1727/2259/1727 576/731/576 1730/2260/1730
f 1727/2254/1727 1730/2261/1730 1184/2257/1184
f 1727/2258/1727 578/734/578 576/733/576
f 1731/2262/1731 1732/2263/1732 1733/2264/1733
f 1731/2262/1731 1734/2265/1734 1732/2263/1732
f 1731/2262/1731 1733/2264/1733 1735/2266/1735
f 1731/2262/1731 1736/2267/1736 1737/2268/1737
f 1731/2262/1731 1737/2268/1737 1738/2269/1738
f 1731/2262/1731 1735/2266/1735 1736/2267/1736
f 1731/2262/1731 1738/2269/1738 1734/2265/1734
f 1739/2270/1739 1740/2271/1740 1741/2272/1741
f 1739/2270/1739 1051/1357/1051 1742/2273/1742
f 1739/2270/1739 1742/2273/1742 1743/2274/1743
f 1739/2270/1739 1741/2272/1741 1744/2275/1744
f 1739/2270/1739 1744/2275/1744 1051/1357/1051
f 1739/2270/1739 1743/2274/1743 1740/2271/1740
f 587/2276/587 1745/2277/1745 1746/2278/1746
f 587/743/587 1747/2279/1747 588/744/588
f 587/2276/587 592/2280/592 1745/2277/1745
f 587/2276/587 1746/2278/1746 1747/2281/1747
f 1748/2282/1748 1749/2283/1749 1750/2284/1750
f 1748/2282/1748 1292/1658/1292 1751/2285/1751
f 1748/2282/1748 1751/2285/1751 1749/2283/1749
f 1748/2282/1748 1750/2284/1750 1292/1658/1292
f 1752/2286/1752 1372/1759/1372 1376/1763/1376
f 1752/2286/1752 1753/2287/1753 1754/2288/1754
f 1752/2286/1752 1755/2289/1755 1756/2290/1756
f 1752/2286/1752 1754/2288/1754 1372/1759/1372
f 1752/2286/1752 1376/1763/1376 1755/2289/1755
f 1752/2286/1752 1756/2290/1756 1753/2287/1753
f 147/2291/147 1757/2292/1757 1758/2293/1758
f 147/2291/147 1758/2293/1758 1759/2294/1759
f 147/180/147 152/185/152 1760/2295/1760
f 147/2291/147 1760/2296/1760 1757/2292/1757
f 147/180/147 1759/2297/1759 148/181/148
f 1761/2298/1761 1762/2299/1762 345/420/345
f 1761/2298/1761 1763/2300/1763 1764/2301/1764
f 1761/2298/1761 1765/2302/1765 1763/2300/1763
f 1761/2298/1761 345/420/345 342/417/342
f 1761/2298/1761 1766/2303/1766 1762/2299/1762
f 1761/2298/1761 1764/2301/1764 1766/2303/1766
f 1761/2298/1761 342/417/342 1765/2302/1765
f 1767/2304/1767 402/500/402 1768/2305/1768
f 1767/2304/1767 1769/2306/1769 403/501/403
f 1767/2304/1767 1770/2307/1770 1769/2306/1769
f 1767/2304/1767 1768/2305/1768 1771/2308/1771
f 1767/2304/1767 403/501/403 402/500/402
f 1767/2304/1767 1771/2308/1771 1770/2307/1770
f 1772/2309/1772 1773/2310/1773 1774/2311/1774
f 1772/2309/1772 408/506/408 1775/2312/1775
f 1772/2309/1772 1776/2313/1776 1773/2310/1773
f 1772/2309/1772 411/509/411 408/506/408
f 1772/2309/1772 1775/2312/1775 1776/2313/1776
f 1772/2309/1772 1774/2311/1774 411/509/411
f 176/223/176 180/222/180 786/1010/786
f 176/223/176 786/1010/786 1777/2314/1777
f 176/217/176 1777/2315/1777 177/218/177
f 1778/2316/1778 1779/2317/1779 1780/2318/1780
f 1778/2316/1778 793/2319/793 1781/2320/1781
f 1778/2316/1778 1782/2321/1782 793/2319/793
f 1778/2316/1778 1783/2322/1783 1779/2317/1779
f 1778/2323/1778 1780/2324/1780 1784/2325/1784
f 1778/2323/1778 1784/2325/1784 1782/2326/1782
f 1778/2316/1778 1781/2320/1781 1783/2322/1783
f 1785/2327/1785 796/1028/796 802/1034/802
f 1785/2328/1785 1786/2329/1786 1787/2330/1787
f 1785/2328/1785 1020/2331/1020 1786/2329/1786
f 1785/2328/1785 1787/2330/1787 1788/2332/1788
f 1785/2327/1785 802/1034/802 1020/1315/1020
f 1785/2327/1785 1789/2333/1789 796/1028/796
f 1785/2328/1785 1788/2332/1788 1789/2334/1789
f 1790/2335/1790 1024/2336/1024 1791/2337/1791
f 1790/2335/1790 1792/2338/1792 1793/2339/1793
f 1790/2335/1790 1794/2340/1794 1792/2338/1792
f 1790/2341/1790 1791/2342/1791 1794/2343/1794
f 1790/2335/1790 1793/2339/1793 1024/2336/1024
f 1795/2344/1795 1796/2345/1796 1797/2346/1797
f 1795/2344/1795 1798/2347/1798 1799/2348/1799
f 1795/2344/1795 1800/2349/1800 1798/2347/1798
f 1795/2344/1795 1799/2348/1799 1796/2345/1796
f 1795/2344/1795 1801/2350/1801 1800/2349/1800
f 1795/2344/1795 1797/2346/1797 1801/2350/1801
f 1802/2351/1802 1803/2352/1803 1804/2353/1804
f 1802/2354/1802 1804/2355/1804 1805/2356/1805
f 1802/2354/1802 1805/2356/1805 1806/2357/1806
f 1802/2351/1802 1807/2358/1807 1803/2352/1803
f 1802/2351/1802 1806/2359/1806 1807/2358/1807
f 1808/2360/1808 1809/2361/1809 1810/2362/1810
f 1808/2360/1808 617/782/617 1809/2361/1809
f 1808/2363/1808 1811/2364/1811 618/789/618
f 1808/2363/1808 1812/2365/1812 1811/2364/1811
f 1808/2360/1808 618/783/618 617/782/617
f 1808/2363/1808 1810/2366/1810 1812/2365/1812
f 1441/2367/1441 628/2368/628 627/797/627
f 1441/2367/1441 1813/2369/1813 1442/2370/1442
f 1441/2367/1441 627/797/627 1633/2135/1633
f 1441/2367/1441 1633/2135/1633 1813/2369/1813
f 1814/2371/1814 1542/2013/1542 1815/2372/1815
f 1814/2371/1814 632/803/632 1542/2013/1542
f 1814/2371/1814 1816/2373/1816 633/804/633
f 1814/2371/1814 1815/2372/1815 1816/2373/1816
f 1814/2371/1814 633/804/633 632/803/632
f 711/910/711 1817/2374/1817 296/362/296
f 711/910/711 269/333/269 268/332/268
f 711/910/711 713/912/713 1817/2374/1817
f 711/910/711 296/362/296 269/333/269
f 298/364/298 1693/2205/1693 299/365/299
f 298/364/298 1818/2375/1818 1693/2205/1693
f 298/364/298 302/368/302 1818/2375/1818
f 1819/2376/1819 1820/2377/1820 1821/2378/1821
f 1819/2376/1819 1821/2378/1821 1822/2379/1822
f 1819/2380/1819 1823/2381/1823 1824/2382/1824
f 1819/2376/1819 1824/2383/1824 1825/2384/1825
f 1819/2376/1819 1825/2384/1825 1820/2377/1820
f 1819/2380/1819 1822/2385/1822 1823/2381/1823
f 1468/1892/1468 1826/2386/1826 1827/2387/1827
f 1468/1892/1468 1827/2387/1827 1469/1893/1469
f 1468/1892/1468 565/718/565 1826/2386/1826
f 1468/1892/1468 566/719/566 565/718/565
f 445/563/445 1828/2388/1828 1829/2389/1829
f 445/563/445 447/562/447 1828/2388/1828
f 445/563/445 1829/2389/1829 1830/2390/1830
f 445/559/445 1830/2391/1830 446/560/446
f 1831/2392/1831 1832/2393/1832 1833/2394/1833
f 1831/2392/1831 1833/2394/1833 1481/2395/1481
f 1831/2392/1831 1481/2395/1481 1834/2396/1834
f 1831/2392/1831 1834/2396/1834 1835/2397/1835
f 1831/2392/1831 1836/2398/1836 1832/2393/1832
f 1831/2392/1831 1837/2399/1837 1836/2398/1836
f 1831/2392/1831 1835/2397/1835 1837/2399/1837
f 510/657/510 1593/2400/1593 1838/2401/1838
f 510/657/510 513/660/513 1594/2402/1594
f 510/657/510 1594/2402/1594 1593/2400/1593
f 510/657/510 1838/2401/1838 511/658/511
f 1839/2403/1839 1840/2404/1840 1841/2405/1841
f 1839/2406/1839 1842/2407/1842 1843/2408/1843
f 1839/2403/1839 70/85/70 1844/2409/1844
f 1839/2406/1839 1845/2410/1845 70/2411/70
f 1839/2406/1839 1843/2408/1843 1845/2410/1845
f 1839/2406/1839 1841/2412/1841 1842/2407/1842
f 1839/2403/1839 1844/2409/1844 1840/2404/1840
f 1846/2413/1846 1847/2414/1847 77/92/77
f 1846/2413/1846 76/91/76 1848/2415/1848
f 1846/2413/1846 77/92/77 76/91/76
f 1846/2413/1846 1849/2416/1849 1850/2417/1850
f 1846/2413/1846 1850/2417/1850 1847/2414/1847
f 1846/2413/1846 1848/2415/1848 1849/2416/1849
f 1851/2418/1851 1852/2419/1852 1853/2420/1853
f 1851/2418/1851 246/304/246 1854/2421/1854
f 1851/2418/1851 247/305/247 246/304/246
f 1851/2418/1851 1854/2421/1854 1852/2419/1852
f 1851/2418/1851 1853/2420/1853 1855/2422/1855
f 1851/2418/1851 1855/2422/1855 247/305/247
f 1856/2423/1856 1857/2424/1857 1858/2425/1858
f 1856/2426/1856 1859/2427/1859 1860/2428/1860
f 1856/2423/1856 1861/2429/1861 1857/2424/1857
f 1856/2426/1856 1860/2428/1860 1862/2430/1862
f 1856/2426/1856 1858/2431/1858 1859/2427/1859
f 1856/2426/1856 1862/2430/1862 1861/2432/1861
f 1863/2433/1863 1864/2434/1864 1865/2435/1865
f 1863/2433/1863 261/324/261 260/323/260
f 1863/2436/1863 1125/1441/1125 261/2437/261
f 1863/2438/1863 1865/2439/1865 1126/2440/1126
f 1863/2438/1863 1126/2440/1126 1125/2441/1125
f 1863/2433/1863 260/323/260 1864/2434/1864
f 1866/2442/1866 1670/2443/1670 1867/2444/1867
f 1866/2442/1866 1671/2445/1671 1670/2443/1670
f 1866/2442/1866 1868/2446/1868 1671/2445/1671
f 1866/2442/1866 1869/2447/1869 1868/2446/1868
f 1866/2442/1866 1867/2444/1867 1512/1966/1512
f 1866/2442/1866 1512/1966/1512 1869/2447/1869
f 1619/2121/1619 1622/2120/1622 1349/1734/1349
f 1619/2114/1619 1349/1737/1349 1351/1736/1351
f 1619/2114/1619 1351/1736/1351 1620/2115/1620
f 725/932/725 1870/2448/1870 807/1039/807
f 725/932/725 807/1039/807 726/933/726
f 725/932/725 724/931/724 1870/2448/1870
f 1871/2449/1871 1872/2450/1872 1606/2098/1606
f 1871/2449/1871 1873/2451/1873 1874/2452/1874
f 1871/2453/1871 1606/2454/1606 1875/2455/1875
f 1871/2449/1871 1874/2452/1874 1872/2450/1872
f 1871/2453/1871 1875/2455/1875 1873/2456/1873
f 1876/2457/1876 1240/1591/1240 1877/2458/1877
f 1876/2457/1876 1877/2458/1877 1878/2459/1878
f 1876/2457/1876 1878/2459/1878 1879/2460/1879
f 1876/2457/1876 1880/2461/1880 1241/1592/1241
f 1876/2457/1876 1879/2460/1879 1880/2461/1880
f 1876/2457/1876 1241/1592/1241 1240/1591/1240
f 452/581/452 1247/1601/1247 1881/2462/1881
f 452/581/452 455/577/455 1245/1599/1245
f 452/573/452 1881/2463/1881 453/574/453
f 1882/2464/1882 1666/2176/1666 1668/2178/1668
f 1882/2465/1882 1883/2466/1883 1884/2467/1884
f 1882/2464/1882 144/178/144 1666/2176/1666
f 1882/2468/1882 1885/2469/1885 1883/2470/1883
f 1882/2465/1882 1884/2467/1884 144/174/144
f 1882/2468/1882 1668/2471/1668 1885/2469/1885
f 1886/2472/1886 1011/1301/1011 1013/1303/1013
f 1886/2472/1886 1013/1303/1013 1887/2473/1887
f 1886/2472/1886 1887/2473/1887 542/2474/542
f 1886/2472/1886 538/2475/538 1011/1301/1011
f 1886/2472/1886 542/2474/542 538/2475/538
f 1888/2476/1888 1889/2477/1889 1890/2478/1890
f 1888/2476/1888 1725/2479/1725 1889/2477/1889
f 1888/2476/1888 1891/2480/1891 1725/2479/1725
f 1888/2476/1888 1890/2478/1890 1892/2481/1892
f 1888/2476/1888 1892/2481/1892 1891/2480/1891
f 1893/2482/1893 1894/2483/1894 1895/2484/1895
f 1893/2482/1893 1895/2484/1895 1896/2485/1896
f 1893/2482/1893 1897/2486/1897 1898/2487/1898
f 1893/2482/1893 1896/2485/1896 1897/2486/1897
f 1893/2482/1893 1898/2487/1898 1894/2483/1894
f 686/876/686 1899/2488/1899 1399/1801/1399
f 686/876/686 690/881/690 1899/2488/1899
f 686/876/686 1399/1801/1399 687/877/687
f 1900/2489/1900 1901/2490/1901 1902/2491/1902
f 1900/2489/1900 1903/2492/1903 1901/2490/1901
f 1900/2489/1900 1904/2493/1904 1903/2492/1903
f 1900/2489/1900 1905/2494/1905 1906/2495/1906
f 1900/2489/1900 178/2496/178 1904/2493/1904
f 1900/2497/1900 1906/2498/1906 178/219/178
f 1900/2489/1900 1902/2491/1902 1905/2494/1905
f 967/1244/967 1907/2499/1907 968/1245/968
f 967/1244/967 1523/1982/1523 1907/2499/1907
f 1908/2500/1908 798/2501/798 1909/2502/1909
f 1908/2500/1908 1909/2502/1909 1910/2503/1910
f 1908/2500/1908 1911/2504/1911 798/2501/798
f 1908/2500/1908 1912/2505/1912 1913/2506/1913
f 1908/2500/1908 1910/2503/1910 1912/2505/1912
f 1908/2500/1908 1913/2506/1913 1911/2504/1911
f 1914/2507/1914 197/2508/197 1215/1558/1215
f 1914/2507/1914 1624/2125/1624 1915/2509/1915
f 1914/2507/1914 1625/2126/1625 1624/2125/1624
f 1914/2507/1914 1915/2509/1915 1916/2510/1916
f 1914/2507/1914 1215/1558/1215 1625/2126/1625
f 1914/2507/1914 1916/2510/1916 197/2508/197
f 1917/2511/1917 1174/1498/1174 1918/2512/1918
f 1917/2511/1917 1919/2513/1919 1920/2514/1920
f 1917/2511/1917 1920/2514/1920 1174/1498/1174
f 1917/2515/1917 1918/2516/1918 1921/2517/1921
f 1917/2515/1917 1921/2517/1921 1919/2518/1919
f 818/1050/818 50/60/50 819/1051/819
f 818/1050/818 1922/2519/1922 50/60/50
f 818/2520/818 1923/2521/1923 1924/2522/1924
f 818/1050/818 1924/2523/1924 1922/2519/1922
f 818/2520/818 823/2524/823 1923/2521/1923
f 429/530/429 1478/2525/1478 1925/2526/1925
f 429/530/429 1925/2526/1925 430/531/430
f 1926/2527/1926 1927/2528/1927 1928/2529/1928
f 1926/2530/1926 1928/2531/1928 227/2532/227
f 1926/2533/1926 227/1026/227 792/1019/792
f 1926/2534/1926 187/231/187 184/228/184
f 1926/2534/1926 792/1313/792 187/231/187
f 1926/2527/1926 184/2535/184 1927/2528/1927
f 40/49/40 44/53/44 734/944/734
f 40/49/40 1929/2536/1929 41/50/41
f 40/49/40 734/944/734 1929/2536/1929
f 1930/2537/1930 1931/2538/1931 1932/2539/1932
f 1930/2537/1930 1474/1907/1474 1931/2538/1931
f 1930/2537/1930 1932/2539/1932 1933/2540/1933
f 1930/2537/1930 1933/2540/1933 1934/2541/1934
f 1930/2537/1930 1934/2541/1934 1935/2542/1935
f 1930/2537/1930 1935/2542/1935 1474/1907/1474
f 1936/2543/1936 1937/2544/1937 751/965/751
f 1936/2543/1936 750/964/750 1938/2545/1938
f 1936/2543/1936 1939/2546/1939 1937/2544/1937
f 1936/2543/1936 1938/2545/1938 1939/2546/1939
f 1936/2543/1936 751/965/751 750/964/750
f 1940/2547/1940 1941/2548/1941 1942/2549/1942
f 1940/2547/1940 1943/2550/1943 1941/2548/1941
f 1940/2547/1940 1944/2551/1944 1943/2550/1943
f 1940/2547/1940 1945/2552/1945 1944/2551/1944
f 1940/2547/1940 1942/2549/1942 1945/2552/1945
f 1946/2553/1946 1303/1669/1303 1947/2554/1947
f 1946/2553/1946 1948/2555/1948 1304/1670/1304
f 1946/2553/1946 1949/2556/1949 1948/2555/1948
f 1946/2553/1946 1304/1670/1304 1303/1669/1303
f 1946/2553/1946 1947/2554/1947 1949/2556/1949
f 766/982/766 1671/2557/1671 1868/2558/1868
f 766/982/766 1868/2558/1868 1950/2559/1950
f 766/2560/766 769/2182/769 1671/2181/1671
f 766/982/766 1950/2559/1950 767/983/767
f 1951/2561/1951 272/2562/272 1952/2563/1952
f 1951/2561/1951 1953/2564/1953 1436/1848/1436
f 1951/2561/1951 1436/1848/1436 1438/1850/1438
f 1951/2561/1951 1952/2563/1952 1953/2564/1953
f 1951/2561/1951 1954/2565/1954 272/2562/272
f 1951/2561/1951 1438/1850/1438 1954/2565/1954
f 1955/2566/1955 1956/2567/1956 1957/2568/1957
f 1955/2566/1955 460/588/460 1958/2569/1958
f 1955/2566/1955 1959/2570/1959 1956/2567/1956
f 1955/2566/1955 463/593/463 461/589/461
f 1955/2566/1955 1957/2568/1957 463/593/463
f 1955/2566/1955 461/589/461 460/588/460
f 1955/2566/1955 1958/2569/1958 1959/2570/1959
f 974/2571/974 1960/2572/1960 975/2573/975
f 974/2574/974 1961/2575/1961 1962/2576/1962
f 974/1261/974 978/1260/978 1961/2577/1961
f 974/2574/974 1962/2576/1962 1960/2578/1960
f 831/1066/831 1963/2579/1963 1964/2580/1964
f 831/1066/831 1965/2581/1965 1963/2579/1963
f 831/1066/831 1964/2580/1964 1966/2582/1966
f 831/1066/831 833/1070/833 1965/2581/1965
f 831/1066/831 1966/2582/1966 583/1067/583
f 503/645/503 1329/1700/1329 1967/2583/1967
f 503/645/503 1967/2583/1967 1968/2584/1968
f 503/645/503 506/653/506 1329/1700/1329
f 503/645/503 1968/2584/1968 504/646/504
f 1969/2585/1969 1970/2586/1970 34/2587/34
f 1969/2585/1969 33/2588/33 1971/2589/1971
f 1969/2585/1969 34/2587/34 33/2588/33
f 1969/2585/1969 1972/2590/1972 1973/2591/1973
f 1969/2585/1969 1973/2591/1973 1970/2586/1970
f 1969/2585/1969 1971/2589/1971 1972/2590/1972
f 1469/1893/1469 1827/2387/1827 313/2592/313
f 1469/1895/1469 312/378/312 1470/1896/1470
f 1469/1895/1469 313/379/313 312/378/312
f 1974/2593/1974 1975/2594/1975 1976/2595/1976
f 1974/2593/1974 49/58/49 1975/2594/1975
f 1974/2593/1974 54/65/54 49/58/49
f 1974/2593/1974 323/392/323 1977/2596/1977
f 1974/2593/1974 1977/2596/1977 54/65/54
f 1974/2593/1974 1976/2595/1976 323/392/323
f 529/676/529 1978/2597/1978 1979/2598/1979
f 529/676/529 1980/2599/1980 530/677/530
f 529/676/529 532/679/532 1978/2597/1978
f 529/676/529 1979/2598/1979 1980/2599/1980
f 1708/2600/1708 1981/2601/1981 1709/2602/1709
f 1708/2603/1708 1982/2604/1982 1983/2605/1983
f 1708/2600/1708 1983/2606/1983 1981/2601/1981
f 537/684/537 1984/2607/1984 538/685/538
f 537/684/537 539/686/539 1985/2608/1985
f 537/684/537 1985/2608/1985 1986/2609/1986
f 537/684/537 1986/2609/1986 1984/2607/1984
f 1083/1395/1083 1084/1396/1084 545/692/545
f 1083/1395/1083 545/692/545 1305/1671/1305
f 1987/2610/1987 1499/1942/1499 1500/1943/1500
f 1987/2610/1987 1500/1943/1500 1988/2611/1988
f 1987/2612/1987 1989/2613/1989 1990/2614/1990
f 1987/2612/1987 1991/2615/1991 1989/2613/1989
f 1987/2610/1987 1988/2611/1988 1991/2616/1991
f 1987/2612/1987 1990/2614/1990 1499/2617/1499
f 1992/2618/1992 1941/2619/1941 1993/2620/1993
f 1992/2621/1992 1994/2622/1994 651/825/651
f 1992/2623/1992 1995/2624/1995 1942/2625/1942
f 1992/2623/1992 651/831/651 1995/2624/1995
f 1992/2623/1992 1942/2625/1942 1941/2626/1941
f 1992/2621/1992 1993/2627/1993 1994/2622/1994
f 1996/2628/1996 1997/2629/1997 1629/2630/1629
f 1996/2628/1996 1998/2631/1998 1999/2632/1999
f 1996/2633/1996 2000/2634/2000 2001/2635/2001
f 1996/2633/1996 2001/2635/2001 1998/2636/1998
f 1996/2628/1996 1629/2630/1629 2002/2637/2002
f 1996/2628/1996 1999/2632/1999 1997/2629/1997
f 1996/2638/1996 2002/2639/2002 2000/2640/2000
f 2003/2641/2003 2004/2642/2004 2005/2643/2005
f 2003/2641/2003 2006/2644/2006 2007/2645/2007
f 2003/2641/2003 2005/2643/2005 2006/2644/2006
f 2003/2641/2003 2007/2645/2007 2004/2642/2004
f 2008/2646/2008 114/144/114 2009/2647/2009
f 2008/2646/2008 2010/2648/2010 379/472/379
f 2008/2646/2008 2011/2649/2011 2012/2650/2012
f 2008/2646/2008 2009/2647/2009 2011/2649/2011
f 2008/2646/2008 2012/2650/2012 2010/2648/2010
f 2008/2646/2008 377/470/377 114/144/114
f 2008/2646/2008 379/472/379 377/470/377
f 381/476/381 383/478/383 807/1039/807
f 381/476/381 806/1038/806 2013/2651/2013
f 381/476/381 807/1039/807 806/1038/806
f 381/476/381 2013/2651/2013 382/477/382
f 1495/1938/1495 1497/1940/1497 2014/2652/2014
f 1495/1938/1495 2015/2653/2015 1496/1939/1496
f 1495/1938/1495 1656/2654/1656 2015/2653/2015
f 1495/1938/1495 2014/2652/2014 1656/2654/1656
f 2016/2655/2016 2017/2656/2017 2018/2657/2018
f 2016/2655/2016 1246/2658/1246 2019/2659/2019
f 2016/2655/2016 2019/2659/2019 2020/2660/2020
f 2016/2655/2016 2021/2661/2021 2022/2662/2022
f 2016/2655/2016 2020/2660/2020 2021/2661/2021
f 2016/2655/2016 2018/2657/2018 1246/2658/1246
f 2016/2655/2016 2022/2662/2022 2017/2656/2017
f 2023/2663/2023 2024/2664/2024 2025/2665/2025
f 2023/2663/2023 2026/2666/2026 410/2667/410
f 2023/2663/2023 2025/2665/2025 1720/2668/1720
f 2023/2663/2023 410/2667/410 2027/2669/2027
f 2023/2663/2023 2028/2670/2028 2024/2664/2024
f 2023/2663/2023 1720/2668/1720 2026/2666/2026
f 2023/2663/2023 2027/2669/2027 2028/2670/2028
f 935/2671/935 2029/2672/2029 2030/2673/2030
f 935/2671/935 940/2674/940 2029/2672/2029
f 422/520/422 426/525/426 2031/2675/2031
f 422/520/422 2031/2675/2031 423/521/423
f 2032/2676/2032 2033/2677/2033 2034/2678/2034
f 2032/2676/2032 2035/2679/2035 2036/2680/2036
f 2032/2676/2032 2037/2681/2037 2033/2677/2033
f 2032/2676/2032 2036/2680/2036 2037/2681/2037
f 2032/2676/2032 2034/2678/2034 2035/2679/2035
f 2038/2682/2038 2039/2683/2039 2014/2684/2014
f 2038/2682/2038 2040/2685/2040 2039/2683/2039
f 2038/2686/2038 2014/2652/2014 2041/2687/2041
f 2042/2688/2042 2043/2689/2043 2044/2690/2044
f 2042/2691/2042 2044/2692/2044 2045/2693/2045
f 2042/2688/2042 1758/2293/1758 2043/2689/2043
f 2042/2691/2042 2046/2694/2046 1759/2695/1759
f 2042/2688/2042 1759/2294/1759 1758/2293/1758
f 2042/2691/2042 2045/2693/2045 2046/2694/2046
f 853/1099/853 855/1101/855 2047/2696/2047
f 853/1099/853 2047/2696/2047 2048/2697/2048
f 853/1099/853 2049/2698/2049 854/1100/854
f 853/1099/853 2048/2697/2048 2049/2698/2049
f 190/238/190 192/237/192 885/1140/885
f 190/234/190 1912/2505/1912 191/235/191
f 190/234/190 889/2699/889 1913/2506/1913
f 190/234/190 1913/2506/1913 1912/2505/1912
f 197/2508/197 1217/1561/1217 1215/1558/1215
f 197/2700/197 1916/2701/1916 198/2702/198
f 197/2703/197 203/251/203 1217/2704/1217
f 2050/2705/2050 2051/2706/2051 2052/2707/2052
f 2050/2705/2050 2053/2708/2053 2051/2706/2051
f 2050/2705/2050 2052/2707/2052 2054/2709/2054
f 2050/2705/2050 2054/2709/2054 2053/2708/2053
f 2055/2710/2055 2056/2711/2056 1922/2519/1922
f 2055/2712/2055 2057/2713/2057 2056/2714/2056
f 2055/2710/2055 1922/2519/1922 1924/2523/1924
f 2055/2712/2055 2058/2715/2058 2057/2713/2057
f 2055/2716/2055 1924/2522/1924 2059/2717/2059
f 2055/2712/2055 525/2718/525 2058/2715/2058
f 2055/2716/2055 2059/2717/2059 525/672/525
f 2060/2719/2060 374/466/374 378/471/378
f 2060/2719/2060 2010/2720/2010 2012/2721/2012
f 2060/2719/2060 378/471/378 2010/2720/2010
f 2060/2719/2060 2061/2722/2061 374/466/374
f 2062/2723/2062 2063/2724/2063 2064/2725/2064
f 2062/2726/2062 2065/2727/2065 2066/2728/2066
f 2062/2726/2062 2067/2729/2067 2065/2727/2065
f 2062/2730/2062 2064/2731/2064 2068/2732/2068
f 2062/2726/2062 2068/2733/2068 2067/2729/2067
f 2062/2726/2062 2066/2728/2066 2063/2734/2063
f 2069/2735/2069 127/2736/127 128/2737/128
f 2069/2735/2069 2070/2738/2070 2071/2739/2071
f 2069/2735/2069 285/351/285 289/355/289
f 2069/2735/2069 289/355/289 127/2736/127
f 2069/2735/2069 128/2737/128 2070/2738/2070
f 2069/2735/2069 2071/2739/2071 285/351/285
f 2072/2740/2072 2073/2741/2073 1366/2742/1366
f 2072/2740/2072 1365/2743/1365 2074/2744/2074
f 2072/2740/2072 2075/2745/2075 1737/2268/1737
f 2072/2740/2072 2074/2744/2074 1140/1456/1140
f 2072/2740/2072 1140/1456/1140 2075/2745/2075
f 2072/2740/2072 1736/2267/1736 2073/2741/2073
f 2072/2746/2072 1366/1753/1366 1365/1752/1365
f 2072/2740/2072 1737/2268/1737 1736/2267/1736
f 2076/2747/2076 2077/2748/2077 2078/2749/2078
f 2076/2747/2076 2078/2749/2078 2079/2750/2079
f 2076/2751/2076 2080/2752/2080 2081/2753/2081
f 2076/2751/2076 2081/2753/2081 2077/2754/2077
f 2076/2747/2076 2082/2755/2082 2080/2756/2080
f 2076/2747/2076 2079/2750/2079 2082/2755/2082
f 2083/2757/2083 1072/1381/1072 409/2758/409
f 2083/2759/2083 409/507/409 412/510/412
f 2083/2757/2083 2084/2760/2084 2085/2761/2085
f 2083/2757/2083 412/2762/412 2084/2760/2084
f 2083/2757/2083 1073/1382/1073 1072/1381/1072
f 2083/2757/2083 2085/2761/2085 1073/1382/1073
f 1076/1392/1076 1080/1391/1080 2086/2763/2086
f 1076/1392/1076 2086/2763/2086 2087/2764/2087
f 1076/1386/1076 2087/2765/2087 1077/1387/1077
f 2088/2766/2088 2089/2767/2089 2090/2768/2090
f 2088/2769/2088 2091/2770/2091 2092/2771/2092
f 2088/2769/2088 2092/2771/2092 2089/2772/2089
f 2088/2769/2088 999/1286/999 2091/2770/2091
f 2088/2769/2088 1000/1287/1000 999/1286/999
f 2088/2766/2088 2090/2768/2090 1000/2773/1000
f 2093/2774/2093 2094/2775/2094 1479/2776/1479
f 2093/2777/2093 1479/2778/1479 2095/2779/2095
f 2093/2780/2093 223/275/223 221/273/221
f 2093/2780/2093 2095/2781/2095 223/275/223
f 2093/2780/2093 221/273/221 2094/2782/2094
f 2096/2783/2096 1593/2080/1593 158/192/158
f 2096/2784/2096 2097/2785/2097 1971/2589/1971
f 2096/2784/2096 158/2786/158 157/191/157
f 2096/2784/2096 157/191/157 2097/2785/2097
f 2096/2784/2096 1971/2589/1971 1838/2787/1838
f 2096/2788/2096 1838/2401/1838 1593/2400/1593
f 1840/2404/1840 948/1218/948 1689/2201/1689
f 1840/2404/1840 1689/2201/1689 2098/2789/2098
f 1840/2404/1840 2098/2789/2098 1841/2405/1841
f 1840/2404/1840 1844/2409/1844 948/1218/948
f 2099/2790/2099 2100/2791/2100 242/2792/242
f 2099/2790/2099 2101/2793/2101 2102/2794/2102
f 2099/2790/2099 2102/2794/2102 2103/2795/2103
f 2099/2790/2099 2103/2795/2103 2100/2791/2100
f 2099/2790/2099 242/2792/242 240/2796/240
f 2099/2790/2099 240/2796/240 2101/2793/2101
f 83/105/83 86/108/86 2104/2797/2104
f 83/105/83 2104/2797/2104 1292/1658/1292
f 842/1085/842 1861/2432/1861 1862/2430/1862
f 842/1085/842 845/1088/845 1861/2432/1861
f 842/1085/842 1862/2430/1862 843/1086/843
f 2105/2798/2105 1757/2292/1757 1760/2296/1760
f 2105/2798/2105 2106/2799/2106 2107/2800/2107
f 2105/2798/2105 2108/2801/2108 2106/2799/2106
f 2105/2798/2105 2107/2800/2107 1757/2292/1757
f 2105/2798/2105 1760/2296/1760 2108/2801/2108
f 1670/2443/1670 1672/2802/1672 1867/2444/1867
f 2109/2803/2109 862/1112/862 1439/1852/1439
f 2109/2803/2109 2110/2804/2110 2111/2805/2111
f 2109/2803/2109 2111/2805/2111 2112/2806/2112
f 2109/2803/2109 1439/1852/1439 2113/2807/2113
f 2109/2803/2109 2112/2806/2112 862/1112/862
f 2109/2803/2109 2113/2807/2113 2110/2804/2110
f 2114/2808/2114 2115/2809/2115 2116/2810/2116
f 2114/2808/2114 2117/2811/2117 462/591/462
f 2114/2808/2114 462/591/462 464/595/464
f 2114/2808/2114 2118/2812/2118 2117/2811/2117
f 2114/2808/2114 464/595/464 2115/2809/2115
f 2114/2808/2114 2116/2810/2116 2118/2812/2118
f 125/155/125 127/157/127 2119/2813/2119
f 125/155/125 2119/2813/2119 2120/2814/2120
f 125/155/125 2120/2814/2120 126/156/126
f 2073/2815/2073 2121/2816/2121 2122/2817/2122
f 2073/2815/2073 2122/2817/2122 1366/1753/1366
f 2073/2741/2073 1736/2267/1736 2123/2818/2123
f 2073/2815/2073 2123/2819/2123 2121/2816/2121
f 1157/2820/1157 1967/2583/1967 2124/2821/2124
f 1157/2820/1157 2124/2821/2124 2125/2822/2125
f 1157/2820/1157 2126/2823/2126 1158/2824/1158
f 1157/2820/1157 1968/2584/1968 1967/2583/1967
f 1157/1479/1157 1163/1485/1163 1968/2825/1968
f 1157/2820/1157 2125/2822/2125 2126/2823/2126
f 2127/2826/2127 2128/2827/2128 307/373/307
f 2127/2828/2127 1169/1491/1169 2129/2829/2129
f 2127/2828/2127 2129/2829/2129 2128/2830/2128
f 2127/2826/2127 307/373/307 1170/2216/1170
f 2127/2828/2127 1170/1492/1170 1169/1491/1169
f 1173/1495/1173 42/2831/42 2130/2832/2130
f 1173/1495/1173 2130/2832/2130 903/1159/903
f 1173/1495/1173 903/1159/903 900/1496/900
f 1173/1501/1173 43/52/43 42/51/42
f 1576/2056/1576 2131/2833/2131 1577/2057/1577
f 1576/2056/1576 1178/1504/1178 2131/2833/2131
f 1576/2056/1576 1179/1505/1179 1178/1504/1178
f 1576/2059/1576 1578/2058/1578 1179/1507/1179
f 1348/1731/1348 112/2834/112 115/1732/115
f 1348/2835/1348 2132/2836/2132 2133/2837/2133
f 1348/1731/1348 2134/2838/2134 112/2834/112
f 1348/1731/1348 1092/2839/1092 2134/2838/2134
f 1348/2835/1348 2133/2837/2133 1092/2840/1092
f 1348/2835/1348 1350/2841/1350 2132/2836/2132
f 2135/2842/2135 497/640/497 2136/2843/2136
f 2135/2842/2135 2136/2843/2136 2137/2844/2137
f 2135/2842/2135 2138/2845/2138 384/480/384
f 2135/2842/2135 384/480/384 386/483/386
f 2135/2842/2135 1232/1580/1232 497/640/497
f 2135/2842/2135 2137/2844/2137 2138/2845/2138
f 2135/2842/2135 386/483/386 1232/1580/1232
f 1604/2096/1604 813/1045/813 1030/1329/1030
f 1604/2096/1604 814/1046/814 813/1045/813
f 1604/2096/1604 2139/2846/2139 1605/2097/1605
f 1604/2096/1604 1030/1329/1030 2139/2846/2139
f 2140/2847/2140 2141/2848/2141 2142/2849/2142
f 2140/2847/2140 2143/2850/2143 2141/2848/2141
f 2140/2847/2140 2144/2851/2144 1034/2852/1034
f 2140/2847/2140 1034/2852/1034 2143/2850/2143
f 2140/2847/2140 2145/2853/2145 2144/2851/2144
f 2140/2847/2140 2142/2849/2142 2145/2853/2145
f 2017/2854/2017 2146/2855/2146 2018/2856/2018
f 2017/2854/2017 2022/2857/2022 2147/2858/2147
f 2017/2854/2017 2147/2858/2147 2146/2855/2146
f 2148/2859/2148 2149/2860/2149 2150/2861/2150
f 2148/2859/2148 2150/2861/2150 1253/1607/1253
f 2148/2862/2148 1885/2469/1885 2151/2863/2151
f 2148/2862/2148 2151/2863/2151 2149/2864/2149
f 2148/2859/2148 1253/1607/1253 2152/2865/2152
f 2148/2862/2148 2152/2866/2152 1885/2469/1885
f 2153/2867/2153 2154/2868/2154 2155/2869/2155
f 2153/2870/2153 2156/2871/2156 2157/2872/2157
f 2153/2870/2153 2158/2873/2158 2159/2874/2159
f 2153/2870/2153 2157/2872/2157 2158/2873/2158
f 2153/2867/2153 2155/2869/2155 2156/2875/2156
f 2153/2867/2153 2159/2876/2159 2154/2868/2154
f 2160/2877/2160 2089/2767/2089 1265/2878/1265
f 2160/2879/2160 1264/1621/1264 2161/2880/2161
f 2160/2879/2160 1265/1622/1265 1264/1621/1264
f 2160/2879/2160 2161/2880/2161 2162/2881/2162
f 2160/2877/2160 2162/2882/2162 2090/2768/2090
f 2160/2877/2160 2090/2768/2090 2089/2767/2089
f 2163/2883/2163 2164/2884/2164 2165/2885/2165
f 2163/2886/2163 642/2887/642 597/2888/597
f 2163/2883/2163 2166/2889/2166 2164/2884/2164
f 2163/2890/2163 2167/2891/2167 642/2892/642
f 2163/2883/2163 597/2893/597 2166/2889/2166
f 2163/2890/2163 2165/2894/2165 2167/2891/2167
f 2168/2895/2168 2169/2896/2169 1981/2601/1981
f 2168/2897/2168 2170/2898/2170 2171/2899/2171
f 2168/2900/2168 2172/2901/2172 2173/2902/2173
f 2168/2900/2168 2173/2902/2173 2169/2903/2169
f 2168/2895/2168 1981/2601/1981 1983/2606/1983
f 2168/2895/2168 1983/2606/1983 2170/2904/2170
f 2168/2897/2168 2171/2899/2171 2172/2905/2172
f 177/218/177 2174/2906/2174 2175/2907/2175
f 177/218/177 1777/2315/1777 2174/2906/2174
f 177/218/177 2175/2907/2175 178/219/178
f 2176/2908/2176 2177/2909/2177 2178/2910/2178
f 2176/2908/2176 2179/2911/2179 2180/2912/2180
f 2176/2908/2176 2181/2913/2181 2179/2911/2179
f 2176/2908/2176 2178/2910/2178 2181/2913/2181
f 2176/2908/2176 2182/2914/2182 2177/2909/2177
f 2176/2915/2176 2180/2916/2180 2182/2917/2182
f 886/1141/886 2183/2918/2183 887/1142/887
f 886/1141/886 2184/2919/2184 2183/2918/2183
f 886/1141/886 890/1145/890 2185/2920/2185
f 886/1141/886 2185/2920/2185 2184/2919/2184
f 2186/2921/2186 2187/2922/2187 2188/2923/2188
f 2186/2921/2186 896/1151/896 895/1150/895
f 2186/2921/2186 2188/2923/2188 896/1151/896
f 2186/2924/2186 1572/2051/1572 2189/2925/2189
f 2186/2921/2186 2190/2926/2190 2187/2922/2187
f 2186/2924/2186 895/2927/895 1572/2051/1572
f 2186/2924/2186 2189/2925/2189 2190/2928/2190
f 899/1154/899 2191/2929/2191 1918/2516/1918
f 899/1154/899 901/1156/901 2192/2930/2192
f 899/1154/899 2192/2930/2192 2191/2929/2191
f 899/1154/899 1918/2516/1918 900/1155/900
f 366/2931/366 907/1169/907 2193/2932/2193
f 366/455/366 368/457/368 907/1166/907
f 366/455/366 1690/2933/1690 2194/2934/2194
f 366/2935/366 2193/2936/2193 1690/2202/1690
f 366/455/366 2194/2934/2194 367/456/367
f 1307/1673/1307 2195/2937/2195 2196/2938/2196
f 1307/2939/1307 2196/2940/2196 1308/1683/1308
f 1307/1673/1307 1314/1682/1314 2197/2941/2197
f 1307/1673/1307 2197/2941/2197 2195/2937/2195
f 624/2942/624 280/346/280 2198/2943/2198
f 624/2942/624 2198/2943/2198 625/2944/625
f 624/792/624 630/800/630 281/2945/281
f 624/2942/624 281/347/281 280/346/280
f 2199/2946/2199 1318/1689/1318 2200/2947/2200
f 2199/2946/2199 2200/2947/2200 2201/2948/2201
f 2199/2946/2199 2202/2949/2202 1318/1689/1318
f 2199/2950/2199 2203/2951/2203 2202/2952/2202
f 2199/2950/2199 2204/2953/2204 2203/2951/2203
f 2199/2954/2199 2201/2955/2201 2205/2956/2205
f 2199/2954/2199 2206/2957/2206 2204/2958/2204
f 2199/2954/2199 2205/2956/2205 2206/2957/2206
f 2207/2959/2207 2208/2960/2208 2209/2961/2209
f 2207/2959/2207 2210/2962/2210 2211/2963/2211
f 2207/2959/2207 2209/2961/2209 2210/2962/2210
f 2207/2959/2207 2212/2964/2212 2208/2960/2208
f 2207/2959/2207 2211/2963/2211 2212/2964/2212
f 2213/2965/2213 1745/2277/1745 2214/2966/2214
f 2213/2967/2213 2215/2968/2215 2216/2969/2216
f 2213/2965/2213 2217/2970/2217 2218/2971/2218
f 2213/2965/2213 2218/2971/2218 1745/2277/1745
f 2213/2967/2213 2216/2969/2216 2219/2972/2219
f 2213/2967/2213 2214/2973/2214 2215/2968/2215
f 2213/2967/2213 2219/2972/2219 2217/2974/2217
f 1970/2586/1970 2220/2975/2220 34/2587/34
f 1970/2976/1970 2221/2977/2221 2222/2978/2222
f 1970/2586/1970 2222/2979/2222 2220/2975/2220
f 1970/2980/1970 1973/2981/1973 2221/2982/2221
f 1826/2983/1826 1259/2984/1259 2223/2985/2223
f 1826/2386/1826 2224/2986/2224 1259/2987/1259
f 1826/2386/1826 565/718/565 2224/2986/2224
f 1826/2988/1826 2223/2989/2223 2225/2990/2225
f 1826/2386/1826 2225/2991/2225 1827/2387/1827
f 1472/1899/1472 2226/2992/2226 1473/1900/1473
f 1472/1899/1472 1475/2993/1475 2227/2994/2227
f 1472/1899/1472 2228/2995/2228 2226/2992/2226
f 1472/1899/1472 2227/2994/2227 2228/2995/2228
f 1270/1633/1270 1274/1632/1274 61/74/61
f 1270/1627/1270 60/75/60 1271/1628/1271
f 1270/1633/1270 61/74/61 60/73/60
f 1278/1638/1278 2229/2996/2229 2230/2997/2230
f 1278/1638/1278 2230/2997/2230 2231/2998/2231
f 1278/1638/1278 2231/2998/2231 1279/1639/1279
f 1278/1638/1278 1280/1642/1280 2229/2996/2229
f 1048/2999/1048 2232/3000/2232 659/3001/659
f 1048/1352/1048 1050/1355/1050 71/3002/71
f 1048/2999/1048 71/3003/71 2232/3000/2232
f 1287/1653/1287 2233/3004/2233 81/100/81
f 1287/1653/1287 1289/1655/1289 2233/3004/2233
f 1287/1653/1287 81/100/81 78/99/78
f 162/200/162 1394/1791/1394 1553/2028/1553
f 1555/2031/1555 1557/2033/1557 2234/3005/2234
f 1555/2031/1555 2235/3006/2235 1556/2032/1556
f 1555/2031/1555 2236/3007/2236 2235/3006/2235
f 1555/2031/1555 2234/3005/2234 2236/3007/2236
f 2237/3008/2237 2238/3009/2238 2239/3010/2239
f 2237/3011/2237 2240/3012/2240 2241/3013/2241
f 2237/3011/2237 2241/3013/2241 2242/3014/2242
f 2237/3008/2237 2239/3010/2239 2240/3015/2240
f 1510/3016/1510 2243/3017/2243 1511/3018/1511
f 1510/1962/1510 2244/3019/2244 2245/3020/2245
f 1510/3016/1510 2245/3021/2245 2243/3017/2243
f 1510/1962/1510 2246/3022/2246 2244/3019/2244
f 1510/1962/1510 1514/1972/1514 2246/3022/2246
f 2247/3023/2247 1134/3024/1134 720/926/720
f 2247/3023/2247 720/926/720 719/925/719
f 2247/3023/2247 2248/3025/2248 1134/3024/1134
f 2247/3023/2247 2249/3026/2249 2248/3025/2248
f 2247/3023/2247 719/925/719 2249/3026/2249
f 1732/2263/1732 1734/2265/1734 1423/1836/1423
f 1732/3027/1732 1964/2580/1964 1733/3028/1733
f 1732/3027/1732 1966/2582/1966 1964/2580/1964
f 1732/3027/1732 1423/1833/1423 1966/2582/1966
f 1997/2629/1997 1999/2632/1999 2250/3029/2250
f 1997/2629/1997 2251/3030/2251 1630/3031/1630
f 1997/2629/1997 2250/3029/2250 2251/3030/2251
f 1997/2629/1997 1630/3031/1630 1629/2630/1629
f 2252/3032/2252 2253/3033/2253 2006/2644/2006
f 2252/3032/2252 2254/3034/2254 2255/3035/2255
f 2252/3032/2252 2256/3036/2256 2254/3034/2254
f 2252/3032/2252 2255/3035/2255 2253/3033/2253
f 2252/3032/2252 2006/2644/2006 2256/3036/2256
f 1393/1790/1393 1293/3037/1293 1750/3038/1750
f 1393/1790/1393 1395/1792/1395 2257/3039/2257
f 1393/1790/1393 1750/3038/1750 1394/1791/1394
f 1393/1790/1393 2257/3039/2257 1293/3037/1293
f 2258/3040/2258 756/972/756 2085/2761/2085
f 2258/3040/2258 2084/2760/2084 2259/3041/2259
f 2258/3040/2258 2260/3042/2260 2261/3043/2261
f 2258/3044/2258 2259/3045/2259 2260/3046/2260
f 2258/3040/2258 757/973/757 756/972/756
f 2258/3040/2258 2085/2761/2085 2084/2760/2084
f 2258/3040/2258 2261/3043/2261 757/973/757
f 1379/1766/1379 1645/2151/1645 2262/3047/2262
f 1379/1766/1379 2263/3048/2263 7/9/7
f 1379/3049/1379 2262/3050/2262 1380/1778/1380
f 1379/1766/1379 7/9/7 604/762/604
f 1379/1766/1379 1384/1772/1384 2263/3048/2263
f 2264/3051/2264 1387/1781/1387 1392/1788/1392
f 2264/3051/2264 2265/3052/2265 1387/1781/1387
f 2264/3051/2264 2266/3053/2266 2267/3054/2267
f 2264/3051/2264 1392/1788/1392 2266/3053/2266
f 2264/3051/2264 2267/3054/2267 2265/3052/2265
f 860/1109/860 2078/2749/2078 2268/3055/2268
f 860/1109/860 865/1116/865 2079/2750/2079
f 860/1109/860 2268/3055/2268 861/1110/861
f 860/1109/860 2079/2750/2079 2078/2749/2078
f 407/3056/407 2026/2666/2026 2269/3057/2269
f 407/3056/407 410/2667/410 2026/2666/2026
f 407/505/407 2269/3058/2269 408/506/408
f 1402/1803/1402 1586/2070/1586 2270/3059/2270
f 1402/1803/1402 2270/3059/2270 1403/1804/1403
f 1402/1803/1402 1405/1806/1405 2271/3060/2271
f 1402/1803/1402 2271/3060/2271 1586/2070/1586
f 1095/1408/1095 2272/3061/2272 2273/3062/2273
f 1095/1408/1095 1765/2302/1765 1096/1409/1096
f 1095/1408/1095 2273/3062/2273 1765/2302/1765
f 1095/1408/1095 1101/1414/1101 2272/3061/2272
f 2274/3063/2274 2215/2968/2215 238/296/238
f 2274/3063/2274 2275/3064/2275 2276/3065/2276
f 2274/3063/2274 2216/2969/2216 2215/2968/2215
f 2274/3063/2274 2277/3066/2277 2216/2969/2216
f 2274/3063/2274 238/296/238 2275/3064/2275
f 2274/3063/2274 2276/3065/2276 2277/3066/2277
f 2278/3067/2278 2279/3068/2279 120/150/120
f 2278/3067/2278 120/150/120 2280/3069/2280
f 2278/3067/2278 2182/2917/2182 2279/3068/2279
f 2278/3067/2278 2281/3070/2281 2182/2917/2182
f 2278/3071/2278 2280/3072/2280 2282/3073/2282
f 2278/3071/2278 2282/3073/2282 2281/3074/2281
f 562/3075/562 2283/3076/2283 563/3077/563
f 562/717/562 564/716/564 2284/3078/2284
f 562/3075/562 2285/3079/2285 2286/3080/2286
f 562/3075/562 2286/3080/2286 2283/3076/2283
f 562/717/562 2284/3078/2284 2285/3081/2285
f 2287/3082/2287 2288/3083/2288 2289/3084/2289
f 2287/3085/2287 2290/3086/2290 2288/3087/2288
f 2287/3082/2287 1828/2388/1828 2291/3088/2291
f 2287/3085/2287 1804/2353/1804 2290/3086/2290
f 2287/3082/2287 2291/3088/2291 1804/3089/1804
f 2287/3082/2287 2289/3084/2289 1828/2388/1828
f 2292/3090/2292 1134/3024/1134 2248/3025/2248
f 2292/3090/2292 2293/3091/2293 2294/3092/2294
f 2292/3093/2292 2294/3094/2294 2295/3095/2295
f 2292/3093/2292 2295/3095/2295 912/1173/912
f 2292/3090/2292 2248/3025/2248 2293/3091/2293
f 2292/3093/2292 912/1173/912 1134/1450/1134
f 1138/1454/1138 2296/3096/2296 2297/3097/2297
f 1138/1454/1138 1141/1457/1141 2298/3098/2298
f 1138/1454/1138 2298/3098/2298 2296/3096/2296
f 1138/1454/1138 2297/3097/2297 1139/1455/1139
f 2299/3099/2299 928/1192/928 2300/3100/2300
f 2299/3099/2299 1146/1462/1146 1145/1461/1145
f 2299/3099/2299 1145/1461/1145 928/1192/928
f 2299/3099/2299 2300/3100/2300 1146/1462/1146
f 2301/3101/2301 2302/3102/2302 2303/3103/2303
f 2301/3101/2301 1151/1468/1151 2304/3104/2304
f 2301/3101/2301 2305/3105/2305 1151/1468/1151
f 2301/3101/2301 2304/3104/2304 2306/3106/2306
f 2301/3101/2301 2303/3103/2303 2305/3105/2305
f 2301/3101/2301 2306/3106/2306 2302/3102/2302
f 2307/3107/2307 1455/3108/1455 2308/3109/2308
f 2307/3107/2307 2309/3110/2309 1455/3108/1455
f 2307/3107/2307 2310/3111/2310 2309/3110/2309
f 2307/3107/2307 2308/3109/2308 2311/3112/2311
f 2307/3107/2307 2311/3112/2311 2310/3111/2310
f 2312/3113/2312 2313/3114/2313 942/1208/942
f 2312/3115/2312 1682/2194/1682 1684/2196/1684
f 2312/3115/2312 942/3116/942 2314/3117/2314
f 2312/3115/2312 2315/3118/2315 2313/3119/2313
f 2312/3115/2312 1684/2196/1684 2315/3118/2315
f 2312/3115/2312 2314/3117/2314 1682/2194/1682
f 2316/3120/2316 2317/3121/2317 1282/3122/1282
f 2316/3123/2316 1282/1645/1282 1285/1651/1285
f 2316/3124/2316 2318/3125/2318 2319/3126/2319
f 2316/3120/2316 2319/3127/2319 2320/3128/2320
f 2316/3123/2316 1631/2132/1631 2318/3129/2318
f 2316/3123/2316 1285/1651/1285 1631/2132/1631
f 2316/3120/2316 2320/3128/2320 2317/3121/2317
f 2321/3130/2321 2322/3131/2322 2323/3132/2323
f 2321/3130/2321 2324/3133/2324 2325/3134/2325
f 2321/3130/2321 2325/3134/2325 958/3135/958
f 2321/3136/2321 2326/3137/2326 2327/3138/2327
f 2321/3139/2321 958/1230/958 2326/3140/2326
f 2321/3130/2321 2323/3132/2323 2324/3133/2324
f 2321/3136/2321 2327/3138/2327 2322/3141/2322
f 1832/3142/1832 2328/3143/2328 1833/3144/1833
f 1832/3145/1832 2329/3146/2329 2330/3147/2330
f 1832/3145/1832 2330/3147/2330 2328/3148/2328
f 1832/3145/1832 1273/1630/1273 2329/3146/2329
f 1832/2393/1832 1836/2398/1836 1273/1636/1273
f 1927/2528/1927 435/548/435 2331/3149/2331
f 1927/2528/1927 2332/3150/2332 1928/2529/1928
f 1927/2528/1927 2331/3149/2331 2332/3150/2332
f 1927/2528/1927 184/2535/184 435/548/435
f 1491/1934/1491 681/871/681 683/873/683
f 1491/1934/1491 683/873/683 2333/3151/2333
f 1491/1931/1491 2333/3152/2333 1492/1932/1492
f 688/879/688 692/883/692 2334/3153/2334
f 688/3154/688 2334/3155/2334 2335/3156/2335
f 688/3154/688 2335/3156/2335 689/3157/689
f 2336/3158/2336 2337/3159/2337 2338/3160/2338
f 2336/3158/2336 2338/3160/2338 2339/3161/2339
f 2336/3158/2336 2340/3162/2340 2337/3159/2337
f 2336/3158/2336 2341/3163/2341 2340/3162/2340
f 2336/3158/2336 2339/3161/2339 1117/1433/1117
f 2336/3158/2336 1117/1433/1117 2341/3163/2341
f 2/2/2 5/7/5 779/3164/779
f 2/3165/2 2342/3166/2342 3/3167/3
f 2/3165/2 2343/3168/2343 2342/3166/2342
f 2/3165/2 779/998/779 2343/3168/2343
f 1257/3169/1257 2344/3170/2344 1258/3171/1258
f 1257/3169/1257 1259/3172/1259 2224/3173/2224
f 1257/3169/1257 2224/3173/2224 2345/3174/2345
f 1257/3169/1257 2345/3174/2345 2344/3170/2344
f 2346/3175/2346 1803/2352/1803 1807/2358/1807
f 2346/3175/2346 2347/3176/2347 1803/2352/1803
f 2346/3175/2346 2091/2770/2091 999/1286/999
f 2346/3175/2346 2348/3177/2348 2091/2770/2091
f 2346/3175/2346 999/1286/999 1004/1293/1004
f 2346/3175/2346 1807/2358/1807 2348/3177/2348
f 2346/3175/2346 2349/3178/2349 2347/3176/2347
f 2346/3175/2346 1004/1293/1004 2349/3178/2349
f 862/1112/862 2350/3179/2350 2351/3180/2351
f 862/1112/862 864/1115/864 1439/1852/1439
f 862/1112/862 2351/3180/2351 863/1113/863
f 862/1112/862 2112/2806/2112 2350/3179/2350
f 1773/2310/1773 2352/3181/2352 2353/3182/2353
f 1773/2310/1773 1776/2313/1776 2354/3183/2354
f 1773/2310/1773 2353/3182/2353 1774/2311/1774
f 1773/2310/1773 2354/3183/2354 2352/3181/2352
f 1011/1301/1011 1984/3184/1984 2355/3185/2355
f 1011/1301/1011 538/2475/538 1984/3184/1984
f 1011/1301/1011 2355/3185/2355 1012/1302/1012
f 2356/3186/2356 793/1022/793 1782/3187/1782
f 2356/3188/2356 1016/1307/1016 794/1309/794
f 2356/3188/2356 1782/3189/1782 2357/3190/2357
f 2356/3186/2356 794/1023/794 793/1022/793
f 2356/3188/2356 2357/3190/2357 1016/1307/1016
f 2358/3191/2358 2359/3192/2359 2360/3193/2360
f 2358/3191/2358 2360/3193/2360 2361/3194/2361
f 2358/3191/2358 2362/3195/2362 2363/3196/2363
f 2358/3191/2358 2363/3196/2363 2359/3192/2359
f 2358/3191/2358 2361/3194/2361 1988/3197/1988
f 2358/3198/2358 1988/2611/1988 2362/3199/2362
f 892/1147/892 2364/3200/2364 2365/3201/2365
f 892/1147/892 2365/3201/2365 893/1148/893
f 892/1147/892 896/1151/896 2364/3200/2364
f 811/1043/811 815/1047/815 901/1156/901
f 811/3202/811 901/3203/901 902/1160/902
f 811/3202/811 902/1160/902 2366/3204/2366
f 811/3202/811 2366/3204/2366 812/3205/812
f 2141/3206/2141 2367/3207/2367 2368/3208/2368
f 2141/3206/2141 2368/3208/2368 2142/3209/2142
f 2141/3206/2141 369/3210/369 2367/3207/2367
f 2141/2848/2141 2143/2850/2143 369/458/369
f 1228/1576/1228 960/1232/960 2369/3211/2369
f 1228/3212/1228 2370/3213/2370 373/3214/373
f 1228/3212/1228 1834/3215/1834 2371/3216/2371
f 1228/3212/1228 2371/3216/2371 2370/3213/2370
f 1228/3212/1228 2369/3217/2369 1834/3215/1834
f 2372/3218/2372 2373/3219/2373 2374/3220/2374
f 2372/3218/2372 2375/3221/2375 2376/3222/2376
f 2372/3218/2372 2374/3220/2374 2377/3223/2377
f 2372/3218/2372 2376/3222/2376 2373/3219/2373
f 2372/3218/2372 2377/3223/2377 2375/3221/2375
f 1234/1586/1234 1236/1585/1236 2378/3224/2378
f 1234/1586/1234 2378/3224/2378 2379/3225/2379
f 1234/1582/1234 2379/3226/2379 1235/1583/1235
f 2380/3227/2380 2381/3228/2381 1243/1596/1243
f 2380/3229/2380 589/3230/589 2382/3231/2382
f 2380/3232/2380 1243/3233/1243 1880/2461/1880
f 2380/3234/2380 1880/3235/1880 589/745/589
f 2380/3227/2380 2382/3236/2382 2381/3228/2381
f 2383/3237/2383 2384/3238/2384 2385/3239/2385
f 2383/3237/2383 747/960/747 2386/3240/2386
f 2383/3237/2383 2385/3239/2385 2387/3241/2387
f 2383/3237/2383 748/961/748 747/960/747
f 2383/3237/2383 2387/3241/2387 748/961/748
f 2383/3237/2383 2386/3240/2386 2384/3238/2384
f 2388/3242/2388 2170/2898/2170 2389/3243/2389
f 2388/3242/2388 1995/2624/1995 654/830/654
f 2388/3242/2388 2389/3243/2389 2390/3244/2390
f 2388/3242/2388 2390/3244/2390 1995/2624/1995
f 2388/3242/2388 2171/2899/2171 2170/2898/2170
f 2388/3242/2388 654/830/654 2171/2899/2171
f 4/5/4 259/322/259 2391/3245/2391
f 4/5/4 2263/3246/2263 2392/3247/2392
f 4/5/4 2391/3245/2391 5/6/5
f 4/5/4 7/10/7 2263/3246/2263
f 4/5/4 2392/3247/2392 259/322/259
f 1762/3248/1762 2393/3249/2393 2394/3250/2394
f 1762/2299/1762 1766/2303/1766 2393/3251/2393
f 1762/2299/1762 346/421/346 345/420/345
f 1762/3248/1762 2394/3250/2394 346/423/346
f 1272/1629/1272 2329/3146/2329 1273/1630/1273
f 1272/1629/1272 1276/1635/1276 2395/3252/2395
f 1272/1629/1272 2396/3253/2396 2329/3146/2329
f 1272/1629/1272 2395/3252/2395 2396/3253/2396
f 2063/2734/2063 2397/3254/2397 2398/3255/2398
f 2063/2724/2063 2399/3256/2399 2064/2725/2064
f 2063/2734/2063 2398/3255/2398 2400/3257/2400
f 2063/2724/2063 2400/3258/2400 2399/3256/2399
f 2063/2734/2063 2066/2728/2066 2397/3254/2397
f 1103/1416/1103 2401/3259/2401 1589/2074/1589
f 1103/1416/1103 1588/2073/1588 1104/1417/1104
f 1103/1416/1103 1108/1424/1108 2401/3259/2401
f 1103/1416/1103 1589/2074/1589 1588/2073/1588
f 2226/2992/2226 1931/3260/1931 1476/3261/1476
f 2226/2992/2226 2228/2995/2228 2402/3262/2402
f 2226/2992/2226 1476/3261/1476 1473/1900/1473
f 695/888/695 1369/3263/1369 1713/2238/1713
f 695/896/695 700/895/700 1369/1756/1369
f 695/888/695 1713/2238/1713 696/889/696
f 1296/1662/1296 1298/1664/1298 2403/3264/2403
f 1296/1662/1296 2403/3264/2403 1255/3265/1255
f 1296/1662/1296 2404/3266/2404 2405/3267/2405
f 1296/1662/1296 2405/3267/2405 1297/1663/1297
f 1296/1662/1296 1255/3265/1255 2404/3266/2404
f 2406/3268/2406 2407/3269/2407 2408/3270/2408
f 2406/3271/2406 2409/3272/2409 2410/3273/2410
f 2406/3271/2406 2408/3274/2408 2409/3272/2409
f 2406/3271/2406 2410/3273/2410 2407/3275/2407
f 469/600/469 473/604/473 2411/3276/2411
f 469/600/469 2411/3276/2411 544/2250/544
f 1007/1297/1007 1006/1296/1006 2412/3277/2412
f 1007/1297/1007 2412/3277/2412 2413/3278/2413
f 1318/1689/1318 2202/2949/2202 1319/1690/1319
f 1318/1689/1318 1320/1691/1320 2200/2947/2200
f 294/360/294 1817/2374/1817 1322/1693/1322
f 294/360/294 296/362/296 1817/2374/1817
f 294/360/294 1327/1698/1327 295/361/295
f 2164/2884/2164 2414/3279/2414 2165/2885/2165
f 2164/3280/2164 2415/3281/2415 2414/3282/2414
f 2164/3283/2164 2416/3284/2416 2415/3285/2415
f 2164/3283/2164 2166/3286/2166 2416/3284/2416
f 2417/3287/2417 2418/3288/2418 2419/3289/2419
f 2417/3287/2417 2420/3290/2420 2421/3291/2421
f 2417/3287/2417 2422/3292/2422 2423/3293/2423
f 2417/3287/2417 2421/3291/2421 2422/3292/2422
f 2417/3287/2417 2419/3289/2419 2420/3290/2420
f 2417/3287/2417 2423/3293/2423 2418/3288/2418
f 2424/3294/2424 951/3295/951 659/3001/659
f 2424/3294/2424 2232/3000/2232 1845/2410/1845
f 2424/3294/2424 1845/2410/1845 2425/3296/2425
f 2424/3294/2424 2425/3296/2425 951/3295/951
f 2424/3294/2424 659/3001/659 2232/3000/2232
f 112/142/112 2426/3297/2426 113/143/113
f 112/2834/112 2134/2838/2134 2426/3298/2426
f 2427/3299/2427 2037/2681/2037 2036/2680/2036
f 2427/3299/2427 2428/3300/2428 2037/2681/2037
f 2427/3299/2427 1895/3301/1895 2429/3302/2429
f 2427/3299/2427 2036/2680/2036 1896/3303/1896
f 2427/3299/2427 2429/3302/2429 2428/3300/2428
f 2427/3299/2427 1896/3303/1896 1895/3301/1895
f 1653/2160/1653 1656/2163/1656 2039/2683/2039
f 1653/2160/1653 2039/2683/2039 2430/3304/2430
f 1653/2160/1653 2430/3304/2430 1280/1642/1280
f 1653/2160/1653 1280/1642/1280 1654/2161/1654
f 2317/3121/2317 2431/3305/2431 950/1223/950
f 2317/3121/2317 2432/3306/2432 2431/3305/2431
f 2317/3121/2317 2320/3128/2320 2432/3306/2432
f 2317/3121/2317 950/1223/950 1282/3122/1282
f 796/1028/796 1789/2333/1789 797/1029/797
f 2433/3307/2433 2434/3308/2434 247/305/247
f 2433/3307/2433 247/305/247 2435/3309/2435
f 2433/3310/2433 2435/3311/2435 2436/3312/2436
f 2433/3307/2433 2436/3313/2436 2434/3308/2434
f 1857/2424/1857 2437/3314/2437 1858/2425/1858
f 1857/2424/1857 1861/2429/1861 2438/3315/2438
f 1857/2424/1857 2438/3315/2438 2437/3314/2437
f 2407/3269/2407 2439/3316/2439 2408/3270/2408
f 2407/3269/2407 2440/3317/2440 2439/3316/2439
f 2407/3275/2407 1544/2015/1544 1547/2021/1547
f 2407/3275/2407 1547/2021/1547 2440/3318/2440
f 2407/3275/2407 2410/3273/2410 1544/2015/1544
f 2441/3319/2441 2442/3320/2442 104/136/104
f 2441/3321/2441 104/129/104 1305/1671/1305
f 2441/3321/2441 1305/1671/1305 2443/3322/2443
f 2441/3321/2441 2443/3322/2443 2444/3323/2444
f 2441/3319/2441 2444/3324/2444 2442/3320/2442
f 778/3325/778 2445/3326/2445 1719/3327/1719
f 778/997/778 780/999/780 2445/3328/2445
f 778/997/778 2343/3168/2343 779/998/779
f 778/997/778 1719/3329/1719 1718/3330/1718
f 778/997/778 1718/3330/1718 2343/3168/2343
f 2200/2947/2200 1320/1691/1320 2446/3331/2446
f 2200/2947/2200 2447/3332/2447 2448/3333/2448
f 2200/2947/2200 2448/3333/2448 2201/2948/2201
f 2200/2947/2200 2446/3331/2446 2447/3332/2447
f 1963/2579/1963 2449/3334/2449 1733/3028/1733
f 1963/2579/1963 1965/2581/1965 2450/3335/2450
f 1963/2579/1963 2450/3335/2450 2449/3334/2449
f 1963/2579/1963 1733/3028/1733 1964/2580/1964
f 1329/1700/1329 2451/3336/2451 1967/2583/1967
f 1329/1700/1329 506/653/506 1330/1701/1330
f 1329/1700/1329 1334/1706/1334 2451/3336/2451
f 1336/1710/1336 677/1714/677 1485/1925/1485
f 1336/1710/1336 1487/1927/1487 1337/1711/1337
f 2452/3337/2452 1827/3338/1827 2225/2990/2225
f 2452/3337/2452 2453/3339/2453 316/3340/316
f 2452/3337/2452 2225/2990/2225 2454/3341/2454
f 2452/3337/2452 2454/3341/2454 2453/3339/2453
f 2452/3342/2452 313/384/313 1827/3343/1827
f 2452/3342/2452 316/385/316 313/384/313
f 1346/1729/1346 320/389/320 1976/2595/1976
f 1346/1729/1346 2455/3344/2455 1035/1333/1035
f 1346/1729/1346 1976/2595/1976 2455/3344/2455
f 1182/3345/1182 2456/3346/2456 2457/3347/2457
f 1182/1511/1182 1184/1513/1184 2456/3348/2456
f 1182/1511/1182 2457/3349/2457 620/786/620
f 1187/1516/1187 2169/2903/2169 2173/2902/2173
f 1187/1516/1187 2458/3350/2458 1188/1517/1188
f 1187/1516/1187 1189/1518/1189 2169/2903/2169
f 1187/1516/1187 2173/2902/2173 2459/3351/2459
f 1187/1516/1187 2459/3351/2459 2458/3350/2458
f 2460/3352/2460 2461/3353/2461 1906/2498/1906
f 2460/3354/2460 1905/3355/1905 2462/3356/2462
f 2460/3352/2460 2463/3357/2463 2461/3353/2461
f 2460/3352/2460 1906/2498/1906 1905/3358/1905
f 2460/3352/2460 2464/3359/2464 1195/1527/1195
f 2460/3354/2460 2462/3356/2462 2464/3360/2464
f 2460/3352/2460 1195/1527/1195 2463/3357/2463
f 2465/3361/2465 2466/3362/2466 2467/3363/2467
f 2465/3361/2465 768/3364/768 770/3365/770
f 2465/3361/2465 2467/3363/2467 768/3364/768
f 2465/3361/2465 2468/3366/2468 2466/3362/2466
f 2465/3361/2465 770/3365/770 858/1107/858
f 2465/3361/2465 858/1107/858 2468/3366/2468
f 1206/1544/1206 993/3367/993 1508/3368/1508
f 1206/1544/1206 996/3369/996 993/3367/993
f 1206/3370/1206 1508/3371/1508 1207/3372/1207
f 1206/1544/1206 1211/1552/1211 996/3369/996
f 354/3373/354 2469/3374/2469 2470/3375/2470
f 354/435/354 558/710/558 355/436/355
f 354/3373/354 2470/3375/2470 558/3376/558
f 354/446/354 356/445/356 2469/3377/2469
f 1219/3378/1219 207/257/207 2471/3379/2471
f 1219/1564/1219 2471/3380/2471 2472/3381/2472
f 1219/1564/1219 2472/3381/2472 2473/3382/2473
f 1219/1564/1219 2473/3382/2473 1220/1565/1220
f 739/949/739 742/952/742 1227/3383/1227
f 739/949/739 1227/3383/1227 740/950/740
f 960/1232/960 962/1234/962 2369/3211/2369
f 960/1232/960 217/268/217 215/270/215
f 960/1232/960 215/270/215 961/1233/961
f 2474/3384/2474 2475/3385/2475 2476/3386/2476
f 2474/3384/2474 2374/3220/2374 2477/3387/2477
f 2474/3384/2474 2477/3387/2477 2475/3385/2475
f 2474/3384/2474 2478/3388/2478 2479/3389/2479
f 2474/3384/2474 2479/3389/2479 2374/3220/2374
f 2474/3384/2474 2476/3386/2476 2478/3388/2478
f 1235/1583/1235 129/159/129 130/160/130
f 1235/1583/1235 2379/3226/2379 129/159/129
f 2480/3390/2480 395/493/395 400/498/400
f 2480/3390/2480 2481/3391/2481 395/493/395
f 2480/3390/2480 400/498/400 2482/3392/2482
f 1246/3393/1246 2018/2856/2018 1247/3394/1247
f 1246/1600/1246 1249/1603/1249 865/1116/865
f 1246/2658/1246 865/3395/865 2019/2659/2019
f 702/898/702 2024/2664/2024 2028/2670/2028
f 702/898/702 2483/3396/2483 703/899/703
f 702/898/702 2484/3397/2484 2483/3396/2483
f 702/898/702 2028/2670/2028 2484/3397/2484
f 702/898/702 704/900/704 2024/2664/2024
f 1341/1721/1341 2029/2672/2029 940/2674/940
f 1341/1721/1341 1261/1617/1261 2029/2672/2029
f 1341/1721/1341 1262/1618/1262 1261/1617/1261
f 1341/1721/1341 1343/1724/1343 1262/1618/1262
f 1341/1721/1341 940/2674/940 1342/1722/1342
f 2485/3398/2485 2486/3399/2486 2487/3400/2487
f 2485/3398/2485 2488/3401/2488 1830/2391/1830
f 2485/3398/2485 423/3402/423 2031/3403/2031
f 2485/3404/2485 1830/2390/1830 423/3405/423
f 2485/3398/2485 2031/3403/2031 2486/3399/2486
f 2485/3398/2485 2487/3400/2487 2488/3401/2488
f 2110/2804/2110 2337/3406/2337 2489/3407/2489
f 2110/2804/2110 2489/3407/2489 2111/2805/2111
f 2110/2804/2110 2490/3408/2490 2337/3406/2337
f 2110/2804/2110 2491/3409/2491 2490/3408/2490
f 2110/2804/2110 2113/2807/2113 2491/3409/2491
f 2492/3410/2492 1956/2567/1956 1959/2570/1959
f 2492/3410/2492 1959/2570/1959 2493/3411/2493
f 2492/3410/2492 1055/3412/1055 2494/3413/2494
f 2492/3410/2492 2494/3413/2494 1956/2567/1956
f 2492/3414/2492 2493/3415/2493 2495/3416/2495
f 2492/3414/2492 2495/3416/2495 1055/3417/1055
f 2496/3418/2496 2439/3316/2439 2497/3419/2497
f 2496/3420/2496 634/3421/634 2498/3422/2498
f 2496/3418/2496 2497/3419/2497 634/806/634
f 2496/3418/2496 2408/3270/2408 2439/3316/2439
f 2496/3420/2496 2498/3422/2498 2408/3274/2408
f 878/1133/878 1891/2480/1891 1892/2481/1892
f 878/1133/878 1892/2481/1892 879/1134/879
f 878/1133/878 883/1138/883 2499/3423/2499
f 878/1133/878 2499/3423/2499 1891/2480/1891
f 1455/1876/1455 2309/3424/2309 1456/1877/1456
f 1455/3108/1455 1457/2043/1457 1569/2048/1569
f 1455/3108/1455 1569/2048/1569 2500/3425/2500
f 1455/3108/1455 2500/3425/2500 2308/3109/2308
f 1462/1883/1462 2501/3426/2501 2502/3427/2502
f 1462/1883/1462 2502/3427/2502 1463/1884/1463
f 1462/1883/1462 1466/1890/1466 2501/3426/2501
f 2503/3428/2503 2504/3429/2504 2505/3430/2505
f 2503/3428/2503 2506/3431/2506 2507/3432/2507
f 2503/3428/2503 2508/3433/2508 2366/3204/2366
f 2503/3428/2503 2507/3432/2507 2504/3429/2504
f 2503/3428/2503 2505/3430/2505 2509/3434/2509
f 2503/3428/2503 2509/3434/2509 2508/3433/2508
f 2503/3428/2503 2366/3204/2366 2506/3431/2506
f 2322/3131/2322 2510/3435/2510 2323/3132/2323
f 2322/3141/2322 321/390/321 2510/3436/2510
f 2322/3141/2322 322/391/322 321/390/321
f 2322/3141/2322 2327/3138/2327 322/391/322
f 1159/1481/1159 1161/1483/1161 2511/3437/2511
f 1159/1481/1159 2511/3437/2511 2512/3438/2512
f 1159/1481/1159 2513/3439/2513 1160/1482/1160
f 1159/1481/1159 2512/3438/2512 2513/3439/2513
f 2418/3440/2418 1487/1927/1487 1489/1929/1489
f 2418/3441/2418 2514/3442/2514 1487/3443/1487
f 2418/3288/2418 1489/3444/1489 2419/3289/2419
f 2418/3441/2418 2423/3445/2423 2514/3442/2514
f 2515/3446/2515 919/1183/919 2516/3447/2516
f 2515/3448/2515 689/3157/689 2335/3156/2335
f 2515/3449/2515 2517/3450/2517 920/3451/920
f 2515/3452/2515 2516/3453/2516 689/3454/689
f 2515/3446/2515 920/1184/920 919/1183/919
f 2515/3449/2515 2335/3455/2335 2517/3450/2517
f 478/610/478 2518/3456/2518 479/611/479
f 478/3457/478 2519/3458/2519 2518/3459/2518
f 478/3457/478 1294/3460/1294 2519/3458/2519
f 600/3461/600 2520/3462/2520 2521/3463/2521
f 600/756/600 94/119/94 91/113/91
f 600/3461/600 601/3464/601 2522/3465/2522
f 600/3461/600 2522/3465/2522 2520/3462/2520
f 600/3461/600 2521/3463/2521 94/3466/94
f 2523/3467/2523 2524/3468/2524 2525/3469/2525
f 2523/3467/2523 1949/3470/1949 1546/2019/1546
f 2523/3467/2523 1546/2019/1546 2524/3468/2524
f 2523/3467/2523 2525/3469/2525 1949/3470/1949
f 2526/3471/2526 2442/3320/2442 2527/3472/2527
f 2526/3471/2526 2528/3473/2528 2529/3474/2529
f 2526/3471/2526 2530/3475/2530 2531/3476/2531
f 2526/3471/2526 2532/3477/2532 2528/3473/2528
f 2526/3471/2526 2531/3476/2531 2532/3477/2532
f 2526/3471/2526 2529/3474/2529 2442/3320/2442
f 2526/3471/2526 2527/3472/2527 2530/3475/2530
f 2533/3478/2533 2534/3479/2534 2535/3480/2535
f 2533/3478/2533 668/852/668 2536/3481/2536
f 2533/3478/2533 2535/3480/2535 2537/3482/2537
f 2533/3478/2533 2538/3483/2538 668/852/668
f 2533/3478/2533 2536/3481/2536 2534/3479/2534
f 2533/3478/2533 2537/3482/2537 2538/3483/2538
f 2539/3484/2539 2540/3485/2540 1792/2338/1792
f 2539/3484/2539 1792/2338/1792 2541/3486/2541
f 2539/3487/2539 1354/3488/1354 2540/3489/2540
f 2539/3490/2539 2541/3491/2541 1356/1743/1356
f 2539/3490/2539 1356/1743/1356 1354/1741/1354
f 388/486/388 390/488/390 975/1255/975
f 388/3492/388 2448/3493/2448 2542/3494/2542
f 388/3492/388 975/2573/975 2448/3493/2448
f 388/3492/388 2542/3494/2542 389/3495/389
f 1365/1752/1365 2543/3496/2543 2074/3497/2074
f 1365/1752/1365 1367/1754/1367 2543/3496/2543
f 134/3498/134 2544/3499/2544 2545/3500/2545
f 134/3498/134 2545/3500/2545 1064/1373/1064
f 134/3498/134 1064/1373/1064 135/1372/135
f 134/3498/134 137/3501/137 2544/3499/2544
f 1372/1759/1372 1251/1605/1251 1373/1760/1373
f 1372/1759/1372 1754/2288/1754 1251/1605/1251
f 2546/3502/2546 2547/3503/2547 2548/3504/2548
f 2546/3502/2546 2548/3504/2548 2549/3505/2549
f 2546/3502/2546 2550/3506/2550 850/3507/850
f 2546/3502/2546 2549/3505/2549 2045/2693/2045
f 2546/3502/2546 850/3507/850 2547/3503/2547
f 2546/3502/2546 2045/2693/2045 2550/3506/2550
f 1387/1781/1387 2551/3508/2551 2357/3509/2357
f 1387/1781/1387 106/131/106 2552/3510/2552
f 1387/1781/1387 2265/3052/2265 106/131/106
f 1387/1781/1387 2552/3510/2552 2551/3508/2551
f 1387/1781/1387 2357/3509/2357 1388/1782/1388
f 2033/2677/2033 2037/2681/2037 2553/3511/2553
f 2033/2677/2033 2554/3512/2554 1898/3513/1898
f 2033/2677/2033 2553/3511/2553 2554/3512/2554
f 2033/2677/2033 1898/3513/1898 2034/2678/2034
f 1397/1794/1397 331/401/331 1398/1795/1398
f 1397/1794/1397 2555/3514/2555 331/401/331
f 1901/2490/1901 1903/2492/1903 2556/3515/2556
f 1901/2490/1901 490/3516/490 2557/3517/2557
f 1901/2490/1901 493/3518/493 490/3516/490
f 1901/2490/1901 2556/3515/2556 493/3518/493
f 1901/2490/1901 2557/3517/2557 1902/2491/1902
f 341/416/341 1096/1409/1096 342/417/342
f 341/416/341 344/419/344 1097/1410/1097
f 1416/3519/1416 2558/3520/2558 508/3521/508
f 1416/3519/1416 2559/3522/2559 2558/3520/2558
f 1416/1820/1416 508/654/508 507/652/507
f 1416/1826/1416 1418/1825/1418 2559/3523/2559
f 580/3524/580 1424/3525/1424 581/3526/581
f 1425/1837/1425 2053/2708/2053 2054/2709/2054
f 1425/1837/1425 2054/2709/2054 1426/1838/1426
f 1425/1837/1425 211/261/211 2560/3527/2560
f 1425/1837/1425 2560/3527/2560 2053/2708/2053
f 2534/3528/2534 2561/3529/2561 2562/3530/2562
f 2534/3528/2534 2562/3530/2562 2535/3531/2535
f 2534/3528/2534 671/3532/671 2561/3529/2561
f 2534/3479/2534 2536/3481/2536 671/855/671
f 1649/2156/1649 2563/3533/2563 2294/3092/2294
f 1649/2156/1649 2293/3091/2293 1650/2157/1650
f 1649/2156/1649 2294/3092/2294 2293/3091/2293
f 1649/2156/1649 915/1177/915 917/1181/917
f 1649/2156/1649 917/1181/917 2563/3533/2563
f 1006/1296/1006 1009/1299/1009 2564/3534/2564
f 1006/1296/1006 2564/3534/2564 2412/3277/2412
f 1661/3535/1661 2565/3536/2565 2151/2863/2151
f 1661/3535/1661 1665/3537/1665 2565/3536/2565
f 1661/3535/1661 2151/2863/2151 1662/3538/1662
f 930/1194/930 2566/3539/2566 931/1195/931
f 930/1194/930 2567/3540/2567 2566/3539/2566
f 930/1194/930 500/642/500 2567/3540/2567
f 2568/3541/2568 937/3542/937 2569/3543/2569
f 2568/3541/2568 2570/3544/2570 2571/3545/2571
f 2568/3541/2568 2569/3543/2569 2570/3544/2570
f 2568/3546/2568 2572/3547/2572 937/1203/937
f 2568/3546/2568 2571/3548/2571 2572/3547/2572
f 512/659/512 2573/3549/2573 513/660/513
f 512/659/512 1644/2150/1644 2573/3549/2573
f 512/659/512 515/662/515 945/1212/945
f 947/1216/947 2574/3550/2574 658/836/658
f 947/1216/947 658/836/658 660/839/660
f 947/1216/947 2431/3305/2431 2574/3550/2574
f 947/1216/947 950/1223/950 2431/3305/2431
f 524/2060/524 2575/3551/2575 2576/3552/2576
f 524/2060/524 2576/3552/2576 525/2718/525
f 524/2060/524 1577/2057/1577 2575/3551/2575
f 2577/3553/2577 962/1241/962 964/1237/964
f 2577/3554/2577 2578/3555/2578 1835/2397/1835
f 2577/3553/2577 2579/3556/2579 2578/3557/2578
f 2577/3553/2577 964/1237/964 2579/3556/2579
f 2577/3554/2577 1835/2397/1835 962/3558/962
f 304/370/304 2397/3254/2397 305/371/305
f 304/370/304 309/375/309 2580/3559/2580
f 304/370/304 2581/3560/2581 2397/3254/2397
f 304/3561/304 2580/3562/2580 2581/3563/2581
f 2582/3564/2582 2401/3565/2401 976/2229/976
f 2401/3565/2401 1108/3566/1108 976/2229/976
f 1702/2220/1702 976/2219/976 1106/3567/1106
f 1106/3567/1106 976/2219/976 1108/3568/1108
f 2582/3564/2582 976/2229/976 1705/2228/1705
f 2583/3569/2583 2352/3570/2352 1933/2540/1933
f 2583/3571/2583 2584/3572/2584 2353/3182/2353
f 2583/3569/2583 1933/2540/1933 1932/2539/1932
f 2583/3571/2583 2353/3182/2353 2352/3181/2352
f 988/1271/988 2585/3573/2585 1369/1756/1369
f 988/3574/988 2586/3575/2586 2585/3576/2585
f 988/1271/988 273/339/273 2586/3577/2586
f 2587/3578/2587 2588/3579/2588 283/349/283
f 2587/3580/2587 2589/3581/2589 2590/3582/2590
f 2587/3580/2587 2591/3583/2591 2588/3584/2588
f 2587/3580/2587 2590/3582/2590 2591/3583/2591
f 2587/3578/2587 283/349/283 282/348/282
f 2587/3578/2587 282/348/282 2589/3585/2589
f 465/3586/465 2592/3587/2592 995/3588/995
f 465/596/465 467/598/467 2592/3589/2592
f 2593/3590/2593 473/604/473 714/3591/714
f 2593/3590/2593 2594/3592/2594 2595/3593/2595
f 2593/3590/2593 2443/3594/2443 2411/3276/2411
f 2593/3590/2593 2595/3593/2595 2443/3594/2443
f 2593/3590/2593 714/3591/714 2594/3592/2594
f 2593/3590/2593 2411/3276/2411 473/604/473
f 572/726/572 2596/3595/2596 2597/3596/2597
f 572/726/572 2597/3596/2597 573/727/573
f 572/726/572 1092/2840/1092 2596/3595/2596
f 2373/3219/2373 2477/3387/2477 2374/3220/2374
f 2373/3597/2373 2376/3598/2376 2598/3599/2598
f 2373/3597/2373 2598/3599/2598 2477/3600/2477
f 1872/2450/1872 2599/3601/2599 1607/2099/1607
f 1872/2450/1872 1874/2452/1874 2599/3601/2599
f 1872/2450/1872 1607/2099/1607 1606/2098/1606
f 2600/3602/2600 2601/3603/2601 2602/3604/2602
f 2600/3602/2600 2602/3604/2602 923/3605/923
f 2600/3602/2600 2517/3450/2517 2601/3603/2601
f 2600/3602/2600 920/3451/920 2517/3450/2517
f 2600/3602/2600 923/3605/923 920/3451/920
f 2603/3606/2603 1675/2186/1675 1677/2189/1677
f 2603/3606/2603 2604/3607/2604 598/754/598
f 2603/3606/2603 643/817/643 1675/2186/1675
f 2603/3606/2603 598/754/598 644/818/644
f 2603/3606/2603 1677/2189/1677 2604/3607/2604
f 2603/3606/2603 644/818/644 643/817/643
f 754/970/754 843/1086/843 2605/3608/2605
f 754/970/754 2605/3608/2605 755/971/755
f 2043/2689/2043 2606/3609/2606 2607/3610/2607
f 2043/2689/2043 1758/2293/1758 2608/3611/2608
f 2043/2689/2043 2607/3610/2607 2044/2690/2044
f 2043/2689/2043 2608/3611/2608 2606/3609/2606
f 1907/2499/1907 2609/3612/2609 2610/3613/2610
f 1907/2499/1907 2611/3614/2611 2609/3612/2609
f 1907/2499/1907 1523/1982/1523 2611/3614/2611
f 1907/2499/1907 2610/3613/2610 968/1245/968
f 861/1110/861 2268/3055/2268 864/1114/864
f 2612/3615/2612 2613/3616/2613 1775/2312/1775
f 2612/3615/2612 80/103/80 2613/3616/2613
f 2612/3615/2612 1775/2312/1775 2269/3058/2269
f 2612/3615/2612 2269/3058/2269 869/3617/869
f 2612/3615/2612 869/3617/869 80/103/80
f 785/1016/785 789/1015/789 872/1124/872
f 785/1009/785 876/3618/876 786/1010/786
f 879/1134/879 2614/3619/2614 880/1135/880
f 879/1134/879 1892/2481/1892 2614/3619/2614
f 2183/2918/2183 2184/2919/2184 2615/3620/2615
f 2183/3621/2183 2616/3622/2616 2617/3623/2617
f 2183/3621/2183 2615/3624/2615 1788/2332/1788
f 2183/3621/2183 2617/3623/2617 887/3625/887
f 2183/3621/2183 1788/2332/1788 2616/3622/2616
f 2364/3200/2364 896/1151/896 2188/2923/2188
f 2364/3200/2364 2188/2923/2188 1698/3626/1698
f 2364/3200/2364 2618/3627/2618 1791/3628/1791
f 2364/3200/2364 1791/3628/1791 2365/3201/2365
f 2364/3629/2364 1698/2211/1698 2618/3630/2618
f 2619/3631/2619 1796/2345/1796 1799/2348/1799
f 2619/3631/2619 1031/3632/1031 2620/3633/2620
f 2619/3631/2619 1799/2348/1799 2621/3634/2621
f 2619/3631/2619 2621/3634/2621 1032/3635/1032
f 2619/3631/2619 1032/3635/1032 1031/3632/1031
f 2619/3631/2619 2620/3633/2620 1796/2345/1796
f 905/1170/905 2143/2850/2143 1034/2852/1034
f 905/1170/905 908/1167/908 2143/2850/2143
f 1090/1403/1090 2622/3636/2622 2095/2779/2095
f 1090/1403/1090 2095/2779/2095 2623/3637/2623
f 1090/1403/1090 2623/3637/2623 1091/1404/1091
f 1090/1403/1090 1093/1406/1093 2622/3636/2622
f 2624/3638/2624 1763/2300/1763 2272/3061/2272
f 2624/3638/2624 2272/3061/2272 2625/3639/2625
f 2624/3638/2624 2625/3639/2625 2626/3640/2626
f 2624/3638/2624 2626/3640/2626 2627/3641/2627
f 2624/3638/2624 2627/3641/2627 1764/2301/1764
f 2624/3638/2624 1764/2301/1764 1763/2300/1763
f 41/3642/41 2628/3643/2628 42/2831/42
f 41/3642/41 1929/3644/1929 2628/3643/2628
f 2402/3645/2402 2144/2851/2144 2145/2853/2145
f 2402/3262/2402 2228/2995/2228 2144/3646/2144
f 1116/1432/1116 2629/3647/2629 1117/1433/1117
f 1116/1432/1116 2630/3648/2630 2629/3647/2629
f 1116/1432/1116 458/584/458 2631/3649/2631
f 1116/1432/1116 2631/3649/2631 2630/3648/2630
f 2565/3536/2565 1665/3537/1665 2632/3650/2632
f 2565/3536/2565 2149/2864/2149 2151/2863/2151
f 2565/3536/2565 2632/3650/2632 2633/3651/2633
f 2565/3536/2565 2633/3651/2633 2149/2864/2149
f 1123/1439/1123 11/22/11 14/18/14
f 1123/1985/1123 1126/2440/1126 1525/1986/1525
f 1128/1444/1128 1130/1446/1130 2634/3652/2634
f 1128/1444/1128 2635/3653/2635 1129/1445/1129
f 1128/1444/1128 2634/3652/2634 2636/3654/2636
f 1128/1444/1128 2636/3654/2636 2635/3653/2635
f 477/608/477 2637/3655/2637 480/612/480
f 477/608/477 2638/3656/2638 2637/3655/2637
f 477/608/477 1554/2030/1554 2638/3656/2638
f 2639/3657/2639 2640/3658/2640 2412/3277/2412
f 2639/3659/2639 2641/3660/2641 2640/3661/2640
f 2639/3657/2639 2642/3662/2642 2643/3663/2643
f 2639/3657/2639 2412/3277/2412 2564/3534/2564
f 2639/3657/2639 2564/3534/2564 2642/3662/2642
f 2639/3657/2639 2643/3663/2643 2641/3664/2641
f 1559/2035/1559 2644/3665/2644 288/3666/288
f 1559/2035/1559 288/3666/288 1449/3667/1449
f 1559/2035/1559 1562/2039/1562 2644/3665/2644
f 1559/2035/1559 1449/3667/1449 1448/2036/1448
f 26/3668/26 2645/3669/2645 2217/2970/2217
f 26/3670/26 2217/2974/2217 27/3671/27
f 26/40/26 1676/2188/1676 2645/3672/2645
f 26/40/26 31/39/31 1676/2188/1676
f 1165/1487/1165 1171/1493/1171 2646/3673/2646
f 1165/1487/1165 2646/3673/2646 1166/1488/1166
f 207/257/207 2647/3674/2647 2471/3379/2471
f 207/257/207 210/260/210 2648/3675/2648
f 207/257/207 2648/3675/2648 2647/3674/2647
f 2575/3551/2575 664/846/664 2649/3676/2649
f 2575/3551/2575 52/63/52 664/846/664
f 2575/3551/2575 2650/3677/2650 52/63/52
f 2575/3551/2575 2649/3676/2649 2576/3552/2576
f 2575/3551/2575 1577/2057/1577 2650/3677/2650
f 2035/2679/2035 2651/3678/2651 2652/3679/2652
f 2035/2679/2035 2034/2678/2034 2651/3678/2651
f 2035/2679/2035 2652/3679/2652 2036/2680/2036
f 1899/3680/1899 690/3681/690 2516/3453/2516
f 1899/3680/1899 1400/1798/1400 1399/1797/1399
f 1899/3680/1899 2516/3453/2516 2653/3682/2653
f 1899/3680/1899 2653/3682/2653 1400/1798/1400
f 2654/3683/2654 2655/3684/2655 2656/3685/2656
f 2654/3683/2654 1012/1302/1012 2355/3185/2355
f 2654/3683/2654 2656/3685/2656 2657/3686/2657
f 2654/3683/2654 2355/3185/2355 1197/1530/1197
f 2654/3683/2654 1197/1530/1197 2658/3687/2658
f 2654/3683/2654 2658/3687/2658 2655/3684/2655
f 2654/3683/2654 2657/3686/2657 1012/1302/1012
f 855/1105/855 857/1104/857 2659/3688/2659
f 855/1101/855 2660/3689/2660 2047/2696/2047
f 855/1101/855 2659/3690/2659 2660/3689/2660
f 237/3691/237 2661/3692/2661 2662/3693/2662
f 237/295/237 2275/3064/2275 238/296/238
f 237/295/237 2662/3694/2662 2275/3064/2275
f 237/3691/237 242/2792/242 2661/3692/2661
f 1600/3695/1600 1820/2377/1820 1601/3696/1601
f 1600/3695/1600 2663/3697/2663 2664/3698/2664
f 1600/3695/1600 2664/3698/2664 1820/2377/1820
f 1600/3695/1600 1602/3699/1602 2663/3697/2663
f 2665/3700/2665 1499/2617/1499 1990/2614/1990
f 2665/3700/2665 2666/3701/2666 2667/3702/2667
f 2665/3700/2665 2667/3702/2667 2668/3703/2668
f 2665/3700/2665 1721/2247/1721 1499/2617/1499
f 2665/3700/2665 1990/2614/1990 2666/3701/2666
f 2665/3700/2665 2668/3703/2668 1721/2247/1721
f 1530/1997/1530 1532/1999/1532 2669/3704/2669
f 1530/3705/1530 2670/3706/2670 1531/2005/1531
f 1530/1997/1530 2669/3704/2669 2671/3707/2671
f 1530/3708/1530 2671/3709/2671 2670/3710/2670
f 2672/3711/2672 1134/1450/1134 1136/1452/1136
f 2672/3712/2672 2673/3713/2673 2674/3714/2674
f 2672/3712/2672 2675/3715/2675 2673/3713/2673
f 2672/3712/2672 2676/3716/2676 2675/3715/2675
f 2672/3711/2672 1136/1452/1136 2676/3717/2676
f 2672/3711/2672 2674/3718/2674 1134/1450/1134
f 199/246/199 201/248/201 485/621/485
f 199/246/199 485/621/485 487/623/487
f 199/246/199 487/623/487 200/247/200
f 2677/3719/2677 2678/3720/2678 1049/1354/1049
f 2677/3719/2677 1049/1354/1049 1744/3721/1744
f 2677/3719/2677 1628/2129/1628 2678/3720/2678
f 2677/3719/2677 2000/2640/2000 2679/3722/2679
f 2677/3719/2677 1744/3721/1744 2680/3723/2680
f 2677/3719/2677 2680/3723/2680 2000/2640/2000
f 2677/3719/2677 2679/3722/2679 1628/2129/1628
f 2681/3724/2681 2254/3034/2254 2256/3036/2256
f 2681/3724/2681 2256/3036/2256 1056/1364/1056
f 2681/3725/2681 2682/3726/2682 2254/3727/2254
f 2681/3725/2681 2683/3728/2683 2682/3726/2682
f 2681/3725/2681 1056/3729/1056 2495/3416/2495
f 2681/3725/2681 2495/3416/2495 2683/3728/2683
f 1749/2283/1749 1751/2285/1751 2684/3730/2684
f 1749/3731/1749 1553/2028/1553 1394/1791/1394
f 1749/2283/1749 1554/2030/1554 1553/2029/1553
f 1749/3731/1749 1394/1791/1394 1750/3038/1750
f 1749/2283/1749 2684/3730/2684 1554/2030/1554
f 2685/3732/2685 2686/3733/2686 2687/3734/2687
f 2685/3732/2685 2687/3734/2687 2261/3735/2261
f 2685/3736/2685 2260/3046/2260 2688/3737/2688
f 2685/3732/2685 2688/3738/2688 2686/3733/2686
f 2685/3736/2685 2261/3739/2261 2260/3046/2260
f 2309/3740/2309 2310/3741/2310 2087/2765/2087
f 2309/3424/2309 2087/3742/2087 1456/1877/1456
f 612/771/612 2244/3019/2244 613/772/613
f 612/780/612 425/528/425 2689/3743/2689
f 612/780/612 615/779/615 425/528/425
f 612/771/612 2689/3744/2689 2244/3019/2244
f 2690/3745/2690 531/678/531 534/681/534
f 2690/3745/2690 2691/3746/2691 532/679/532
f 2690/3745/2690 2692/3747/2692 2691/3746/2691
f 2690/3745/2690 534/681/534 2692/3747/2692
f 2690/3745/2690 532/679/532 531/678/531
f 2693/3748/2693 2694/3749/2694 2695/3750/2695
f 2693/3748/2693 2695/3750/2695 2696/3751/2696
f 2697/3752/2697 1887/3753/1887 2698/3754/2698
f 2697/3752/2697 540/687/540 542/689/542
f 2697/3752/2697 2698/3754/2698 540/687/540
f 2697/3752/2697 542/689/542 1887/3753/1887
f 544/691/544 2699/3755/2699 545/692/545
f 544/2250/544 548/3756/548 1724/2251/1724
f 544/2250/544 2411/3276/2411 2699/3757/2699
f 2359/3758/2359 2363/3759/2363 2276/3065/2276
f 2359/3192/2359 2275/3760/2275 2662/3693/2662
f 2359/3192/2359 2662/3693/2662 2360/3193/2360
f 2359/3758/2359 2276/3065/2276 2275/3064/2275
f 1820/2377/1820 1825/2384/1825 2700/3761/2700
f 1820/2377/1820 2664/3698/2664 1821/2378/1821
f 1820/2377/1820 2700/3761/2700 1601/3696/1601
f 2701/3762/2701 2702/3763/2702 2703/3764/2703
f 2701/3762/2701 1358/3765/1358 1361/3766/1361
f 2701/3762/2701 1798/2347/1798 2702/3763/2702
f 2701/3762/2701 1361/3766/1361 2704/3767/2704
f 2701/3762/2701 2703/3764/2703 1358/3765/1358
f 2701/3762/2701 2704/3767/2704 1798/2347/1798
f 2705/3768/2705 1612/2104/1612 2706/3769/2706
f 2705/3768/2705 2706/3769/2706 2670/3706/2670
f 2705/3770/2705 2670/3710/2670 2671/3709/2671
f 2705/3770/2705 1807/3771/1807 1806/3772/1806
f 2705/3770/2705 1806/3772/1806 1612/3773/1612
f 2705/3770/2705 2671/3709/2671 1807/3771/1807
f 574/3774/574 2707/3775/2707 2675/3715/2675
f 574/3776/574 1623/2123/1623 575/3777/575
f 574/2117/574 2675/3778/2675 1621/2118/1621
f 574/729/574 577/732/577 2707/3779/2707
f 1421/1831/1421 2708/3780/2708 2709/3781/2709
f 1421/1831/1421 1734/2265/1734 2708/3780/2708
f 1421/1831/1421 2709/3781/2709 1422/1832/1422
f 1421/1831/1421 1423/1836/1423 1734/2265/1734
f 2710/3782/2710 2004/2642/2004 2682/3783/2682
f 2710/3782/2710 1053/1361/1053 2005/2643/2005
f 2710/3784/2710 2682/3726/2682 2683/3728/2683
f 2710/3782/2710 2005/2643/2005 2004/2642/2004
f 2710/3782/2710 2683/3785/2683 2711/3786/2711
f 2710/3782/2710 2711/3786/2711 1053/1361/1053
f 2712/3787/2712 2713/3788/2713 2714/3789/2714
f 2712/3787/2712 1635/2143/1635 1638/2142/1638
f 2712/3787/2712 2715/3790/2715 2713/3788/2713
f 2712/3787/2712 1638/2142/1638 2715/3790/2715
f 2712/3787/2712 2716/3791/2716 1635/2143/1635
f 2712/3787/2712 2714/3789/2714 2716/3791/2716
f 2717/3792/2717 2718/3793/2718 1075/1384/1075
f 2717/3792/2717 1075/1384/1075 2719/3794/2719
f 2717/3792/2717 1860/2428/1860 2718/3793/2718
f 2717/3792/2717 2719/3794/2719 2605/3608/2605
f 2717/3792/2717 2720/3795/2720 1860/2428/1860
f 2717/3792/2717 2605/3608/2605 2720/3795/2720
f 2721/3796/2721 1381/1779/1381 1380/1778/1380
f 2721/3796/2721 2262/3050/2262 2722/3797/2722
f 2721/3796/2721 1526/1990/1526 1381/1779/1381
f 2721/3796/2721 2722/3797/2722 1526/1990/1526
f 2721/3796/2721 1380/1778/1380 2262/3050/2262
f 611/769/611 159/3798/159 155/3799/155
f 611/769/611 1648/2154/1648 159/3798/159
f 611/774/611 155/188/155 614/775/614
f 2328/3143/2328 1517/3800/1517 2723/3801/2723
f 2328/3148/2328 2330/3147/2330 2724/3802/2724
f 2328/3143/2328 2724/3803/2724 1517/3800/1517
f 2328/3143/2328 2723/3801/2723 1833/3144/1833
f 435/548/435 2581/3563/2581 2331/3149/2331
f 435/548/435 437/547/437 2581/3563/2581
f 390/3804/390 391/3805/391 979/3806/979
f 390/488/390 979/1262/979 975/1255/975
f 981/1264/981 2725/3807/2725 450/568/450
f 981/1264/981 172/3808/172 2725/3807/2725
f 981/1264/981 985/1268/985 172/3808/172
f 981/1264/981 448/564/448 982/1265/982
f 981/1264/981 450/568/450 448/564/448
f 1712/2237/1712 454/3809/454 456/585/456
f 1712/2237/1712 2726/3810/2726 2727/3811/2727
f 1712/2237/1712 2585/3576/2585 2726/3810/2726
f 1712/2237/1712 2727/3811/2727 454/3809/454
f 1712/2237/1712 1713/2238/1713 2585/3576/2585
f 1663/2173/1663 2632/3812/2632 1664/2174/1664
f 1663/2173/1663 2728/3813/2728 2632/3812/2632
f 1663/2173/1663 1667/2177/1667 2728/3813/2728
f 1124/1440/1124 13/17/13 2666/3814/2666
f 1124/1440/1124 2666/3814/2666 2729/3815/2729
f 1124/1440/1124 2729/3815/2729 1125/1441/1125
f 1124/1440/1124 14/18/14 13/17/13
f 471/602/471 1453/1874/1453 2730/3816/2730
f 471/602/471 2731/3817/2731 1453/1874/1453
f 471/602/471 470/601/470 2731/3817/2731
f 471/602/471 2730/3816/2730 472/603/472
f 1040/1339/1040 1208/1547/1208 2165/2894/2165
f 1040/1339/1040 2732/3818/2732 2733/3819/2733
f 1040/1339/1040 2733/3819/2733 1041/1340/1041
f 1040/1339/1040 1042/1343/1042 1208/1547/1208
f 1040/1339/1040 2165/2894/2165 2732/3818/2732
f 482/618/482 2734/3820/2734 2735/3821/2735
f 482/618/482 2736/3822/2736 2734/3820/2734
f 482/618/482 486/622/486 2736/3822/2736
f 482/618/482 2735/3821/2735 483/619/483
f 2737/3823/2737 1148/3824/1148 1147/3825/1147
f 2737/3823/2737 2557/3826/2557 1148/3824/1148
f 2737/3823/2737 1902/3827/1902 2557/3826/2557
f 2737/3823/2737 2462/3356/2462 1902/3827/1902
f 2737/3823/2737 1147/3825/1147 2462/3356/2462
f 2738/3828/2738 122/152/122 121/151/121
f 2738/3828/2738 2739/3829/2739 122/152/122
f 2738/3828/2738 121/151/121 2740/3830/2740
f 2738/3828/2738 2740/3830/2740 2739/3829/2739
f 1161/1483/1161 1158/1480/1158 2741/3831/2741
f 1161/1483/1161 2741/3831/2741 2742/3832/2742
f 1161/1483/1161 2742/3832/2742 2511/3437/2511
f 33/2588/33 36/3833/36 1971/2589/1971
f 42/2831/42 2628/3643/2628 2130/2832/2130
f 2743/3834/2743 1177/1503/1177 822/1054/822
f 2743/3834/2743 2131/2833/2131 1178/1504/1178
f 2743/3834/2743 1178/1504/1178 1177/1503/1177
f 2743/3834/2743 821/1053/821 2131/2833/2131
f 2743/3834/2743 822/1054/822 821/1053/821
f 716/924/716 718/923/718 1622/2120/1622
f 716/924/716 1622/2120/1622 1621/2124/1621
f 716/920/716 2676/3835/2676 717/921/717
f 716/920/716 1621/3836/1621 2676/3835/2676
f 726/935/726 383/482/383 385/481/385
f 726/935/726 385/481/385 727/936/727
f 726/933/726 807/1039/807 383/478/383
f 1998/2631/1998 2744/3837/2744 1999/2632/1999
f 1998/2636/1998 2001/2635/2001 2745/3838/2745
f 1998/2636/1998 2745/3838/2745 2746/3839/2746
f 1998/2636/1998 2746/3839/2746 2744/3840/2744
f 2747/3841/2747 741/951/741 2748/3842/2748
f 2747/3841/2747 742/952/742 741/951/741
f 2747/3843/2747 2748/3844/2748 2749/3845/2749
f 2747/3841/2747 1224/3846/1224 742/952/742
f 2747/3843/2747 2749/3845/2749 1225/1573/1225
f 2747/3843/2747 1225/1573/1225 1224/1572/1224
f 2713/3788/2713 2715/3790/2715 2750/3847/2750
f 2713/3788/2713 2104/2797/2104 2751/3848/2751
f 2713/3788/2713 2750/3847/2750 2104/2797/2104
f 2713/3788/2713 2751/3848/2751 2714/3789/2714
f 1068/1377/1068 1073/1382/1073 2752/3849/2752
f 1068/1377/1068 2752/3849/2752 1069/1378/1069
f 762/3850/762 2753/3851/2753 2754/3852/2754
f 762/978/762 2754/3853/2754 2755/3854/2755
f 762/978/762 761/977/761 2753/3855/2753
f 762/978/762 2755/3854/2755 763/979/763
f 105/3856/105 107/140/107 1204/1542/1204
f 105/130/105 1204/3857/1204 2552/3510/2552
f 105/130/105 2552/3510/2552 106/131/106
f 772/988/772 776/993/776 2756/3858/2756
f 772/988/772 2757/3859/2757 773/989/773
f 772/988/772 2758/3860/2758 2757/3859/2757
f 772/988/772 2756/3858/2756 2758/3860/2758
f 5/6/5 2391/3245/2391 781/1002/781
f 5/6/5 781/1002/781 779/1001/779
f 2582/3861/2582 2759/3862/2759 2760/3863/2760
f 2582/3864/2582 2761/3865/2761 2762/3866/2762
f 2582/3861/2582 2762/3867/2762 2759/3862/2759
f 2582/3864/2582 1705/2224/1705 2761/3865/2761
f 2582/3861/2582 2760/3863/2760 2401/3259/2401
f 2763/3868/2763 226/284/226 229/283/229
f 2763/3868/2763 2764/3869/2764 2765/3870/2765
f 2763/3868/2763 229/283/229 2764/3869/2764
f 2763/3868/2763 1781/2320/1781 226/284/226
f 2763/3868/2763 2765/3870/2765 1781/2320/1781
f 798/1030/798 1911/3871/1911 1021/1316/1021
f 798/1030/798 1021/1316/1021 799/1031/799
f 798/2501/798 801/3872/801 1909/2502/1909
f 804/1036/804 1023/1318/1023 2766/3873/2766
f 804/1036/804 808/1040/808 1023/1318/1023
f 804/1036/804 2766/3873/2766 805/1037/805
f 2191/2929/2191 2767/3874/2767 1921/2517/1921
f 2191/2929/2191 2192/2930/2192 2768/3875/2768
f 2191/2929/2191 2768/3875/2768 2767/3874/2767
f 2191/2929/2191 1921/2517/1921 1918/2516/1918
f 2769/3876/2769 48/3877/48 2770/3878/2770
f 2769/3879/2769 2771/3880/2771 2772/3881/2772
f 2769/3876/2769 1691/2203/1691 2771/3882/2771
f 2769/3876/2769 2773/3883/2773 1691/2203/1691
f 2769/3879/2769 2772/3881/2772 48/57/48
f 2769/3876/2769 2770/3878/2770 2773/3883/2773
f 1809/2361/1809 617/782/617 2774/3884/2774
f 1809/2361/1809 2774/3884/2774 1810/2362/1810
f 1557/2033/1557 2775/3885/2775 2234/3005/2234
f 1557/2033/1557 1242/1594/1242 1243/1596/1243
f 1557/2033/1557 1243/1596/1243 2775/3885/2775
f 926/1190/926 928/1192/928 1145/1461/1145
f 926/1190/926 2776/3886/2776 927/1191/927
f 926/1190/926 1149/1466/1149 2776/3886/2776
f 638/3887/638 2777/3888/2777 293/359/293
f 638/3887/638 293/359/293 1564/2041/1564
f 638/812/638 2566/3539/2566 2778/3889/2778
f 638/812/638 1564/3890/1564 2566/3539/2566
f 638/812/638 2778/3889/2778 2779/3891/2779
f 638/3887/638 270/3892/270 2777/3888/2777
f 638/812/638 2779/3891/2779 639/813/639
f 1675/2186/1675 643/817/643 418/2187/418
f 2313/3114/2313 2780/3893/2780 2781/3894/2781
f 2313/3119/2313 2315/3118/2315 2780/3895/2780
f 2313/3114/2313 2781/3894/2781 942/1208/942
f 519/666/519 521/668/521 2782/3896/2782
f 519/666/519 2782/3896/2782 2783/3897/2783
f 2324/3133/2324 2784/3898/2784 2325/3134/2325
f 2324/3133/2324 2785/3899/2785 2784/3898/2784
f 2324/3133/2324 2323/3132/2323 2785/3899/2785
f 214/264/214 216/266/216 2009/2647/2009
f 214/3900/214 961/1233/961 215/270/215
f 214/264/214 2009/2647/2009 116/146/116
f 214/264/214 116/146/116 961/1239/961
f 1098/1411/1098 1097/1410/1097 344/419/344
f 1098/1411/1098 2786/3901/2786 1099/1412/1099
f 1098/1411/1098 2787/3902/2787 2786/3901/2786
f 1098/1411/1098 344/419/344 2787/3902/2787
f 2401/3259/2401 2760/3863/2760 1589/2074/1589
f 2788/3903/2788 1110/1426/1110 693/3904/693
f 2788/3903/2788 330/3905/330 333/3906/333
f 2788/3903/2788 693/3904/693 330/3905/330
f 2788/3903/2788 333/3906/333 2789/3907/2789
f 2788/3903/2788 2789/3907/2789 1110/1426/1110
f 2790/3908/2790 697/891/697 275/3909/275
f 2790/3908/2790 2791/3910/2791 698/892/698
f 2790/3908/2790 1309/1676/1309 2792/3911/2792
f 2790/3908/2790 275/3909/275 2793/3912/2793
f 2790/3908/2790 698/892/698 697/891/697
f 2790/3908/2790 2793/3912/2793 1309/1676/1309
f 2790/3908/2790 2792/3911/2792 2791/3910/2791
f 1715/3913/1715 2025/3914/2025 2794/3915/2794
f 1715/3913/1715 2794/3915/2794 1858/2425/1858
f 1715/3913/1715 1720/3916/1720 2025/3914/2025
f 1715/3913/1715 1858/2425/1858 1716/3917/1716
f 2592/3918/2592 467/908/467 708/904/708
f 2243/3017/2243 1869/3919/1869 1511/3018/1511
f 2243/3017/2243 2245/3021/2245 2349/3178/2349
f 2243/3017/2243 2349/3178/2349 1004/1293/1004
f 2243/3017/2243 1004/1293/1004 1003/1292/1003
f 2243/3017/2243 1003/1292/1003 1869/3919/1869
f 2596/3595/2596 1092/2840/1092 2133/2837/2133
f 2596/3595/2596 2133/2837/2133 2795/3920/2795
f 2596/3595/2596 2795/3920/2795 2597/3596/2597
f 497/640/497 496/639/496 933/1198/933
f 497/640/497 1232/1580/1232 1231/1579/1231
f 497/640/497 933/1198/933 2136/2843/2136
f 497/640/497 1231/1579/1231 498/3921/498
f 1029/1324/1029 2796/3922/2796 1030/1325/1030
f 1029/1324/1029 441/3923/441 2796/3922/2796
f 1029/3924/1029 2797/3925/2797 441/552/441
f 1029/3924/1029 1032/3926/1032 2797/3925/2797
f 21/27/21 2798/3927/2798 22/28/22
f 21/27/21 569/723/569 2798/3927/2798
f 2799/3928/2799 2800/3929/2800 2801/3930/2801
f 2799/3928/2799 2801/3930/2801 2802/3931/2802
f 2799/3928/2799 2802/3931/2802 2803/3932/2803
f 1251/1605/1251 1254/1608/1254 1373/1760/1373
f 1251/1605/1251 2804/3933/2804 1252/1606/1252
f 1251/1605/1251 1754/2288/1754 2804/3933/2804
f 2154/2868/2154 151/184/151 2155/2869/2155
f 2154/2868/2154 152/185/152 151/184/151
f 2154/2868/2154 2805/3934/2805 152/185/152
f 2154/2868/2154 2159/2876/2159 2805/3934/2805
f 154/187/154 2486/3399/2486 2806/3935/2806
f 154/187/154 2806/3935/2806 155/188/155
f 154/187/154 1596/2083/1596 2486/3399/2486
f 1061/1369/1061 1063/1371/1063 2196/3936/2196
f 1061/3937/1061 2195/2937/2195 2807/3938/2807
f 1061/3937/1061 2196/2938/2196 2195/2937/2195
f 1061/3937/1061 2807/3938/2807 1062/3939/1062
f 2169/2903/2169 1189/1518/1189 1981/3940/1981
f 2174/3941/2174 2808/3942/2808 2175/3943/2175
f 2174/3944/2174 2809/3945/2809 2810/3946/2810
f 2174/2906/2174 1777/2315/1777 2809/3947/2809
f 2174/3941/2174 2810/3948/2810 2808/3942/2808
f 2811/3949/2811 185/229/185 1203/1541/1203
f 2811/3950/2811 1203/1538/1203 2306/3106/2306
f 2811/3949/2811 436/544/436 186/230/186
f 2811/3950/2811 2306/3106/2306 2400/3258/2400
f 2811/3949/2811 2400/3951/2400 436/544/436
f 2811/3949/2811 186/230/186 185/229/185
f 1208/1547/1208 2812/3952/2812 2165/2894/2165
f 1208/1547/1208 1210/1551/1210 2812/3952/2812
f 201/3953/201 198/2702/198 1424/1834/1424
f 201/248/201 2813/3954/2813 485/621/485
f 201/3953/201 1424/1834/1424 2813/3955/2813
f 656/833/656 1426/3956/1426 1742/2273/1742
f 656/833/656 1742/2273/1742 657/834/657
f 656/841/656 212/837/212 206/3957/206
f 656/833/656 206/3958/206 1426/3956/1426
f 2253/3033/2253 2255/3035/2255 2814/3959/2814
f 2253/3033/2253 2814/3959/2814 2007/2645/2007
f 2253/3033/2253 2007/2645/2007 2006/2644/2006
f 2337/3960/2337 2490/3961/2490 1953/2564/1953
f 2337/3960/2337 1953/2564/1953 2338/3962/2338
f 2337/3963/2337 2340/3964/2340 2489/3965/2489
f 2815/3966/2815 2816/3967/2816 3/3167/3
f 2815/3966/2815 3/3167/3 2342/3166/2342
f 2815/3966/2815 2342/3166/2342 2382/3231/2382
f 2815/3966/2815 589/3230/589 588/3968/588
f 2815/3966/2815 588/3968/588 2816/3967/2816
f 2815/3966/2815 2382/3231/2382 589/3230/589
f 2202/2949/2202 1446/3969/1446 2817/3970/2817
f 2202/2949/2202 2817/3970/2817 1562/2039/1562
f 2202/2952/2202 2203/2951/2203 1447/1865/1447
f 2202/2949/2202 1562/2039/1562 1319/1690/1319
f 2202/2952/2202 1447/1865/1447 1446/1864/1446
f 2121/2816/2121 2634/3971/2634 2122/2817/2122
f 2121/2816/2121 2123/2819/2123 2818/3972/2818
f 2121/3973/2121 2818/3974/2818 2634/3652/2634
f 605/3975/605 2645/3669/2645 1676/3976/1676
f 605/3977/605 1676/2188/1676 1678/2190/1678
f 605/3975/605 607/3978/607 2819/3979/2819
f 605/763/605 1678/3980/1678 1645/2151/1645
f 605/3975/605 2819/3979/2819 2645/3669/2645
f 1680/2192/1680 2820/3981/2820 559/3982/559
f 1680/3983/1680 1683/3984/1683 38/3985/38
f 1680/2192/1680 559/3982/559 1681/2193/1681
f 1680/2192/1680 38/3986/38 2820/3981/2820
f 2821/3987/2821 2822/3988/2822 2823/3989/2823
f 2821/3987/2821 2824/3990/2824 2822/3988/2822
f 2821/3991/2821 2823/3992/2823 1528/3993/1528
f 2821/3994/2821 1528/3995/1528 1527/1991/1527
f 2821/3994/2821 1527/1991/1527 2824/3996/2824
f 2825/3997/2825 1610/2102/1610 1616/2108/1616
f 2825/3998/2825 2291/3999/2291 2826/4000/2826
f 2825/3997/2825 1616/2108/1616 2291/4001/2291
f 56/76/56 2827/4002/2827 2828/4003/2828
f 56/76/56 61/74/61 2827/4002/2827
f 56/68/56 2828/4004/2828 2395/3252/2395
f 56/68/56 2395/3252/2395 57/69/57
f 1167/4005/1167 63/1643/63 1279/1639/1279
f 1167/4005/1167 2829/4006/2829 63/1643/63
f 1167/4005/1167 2830/4007/2830 2829/4006/2829
f 1167/4005/1167 1279/1639/1279 1168/4008/1168
f 1167/1489/1167 1166/1488/1166 2830/4009/2830
f 1703/2222/1703 2831/4010/2831 2832/4011/2832
f 1703/2222/1703 1706/2226/1706 2831/4010/2831
f 1703/2222/1703 1107/1422/1107 1704/2223/1704
f 1703/2222/1703 2832/4011/2832 1107/1422/1107
f 2833/4012/2833 2725/4013/2725 173/4014/173
f 2833/4012/2833 2834/4015/2834 2725/4013/2725
f 85/107/85 1939/4016/1939 2835/4017/2835
f 85/107/85 88/110/88 1640/4018/1640
f 85/107/85 2836/4019/2836 1939/4016/1939
f 85/107/85 2835/4017/2835 86/108/86
f 85/107/85 1640/4018/1640 2836/4019/2836
f 1503/1946/1503 1944/2551/1944 1945/2552/1945
f 1503/1946/1503 1945/2552/1945 1504/1947/1504
f 1503/1946/1503 2837/4020/2837 1944/2551/1944
f 1503/1954/1503 1506/1950/1506 2837/4021/2837
f 99/124/99 2838/4022/2838 2839/4023/2839
f 99/124/99 2839/4023/2839 556/4024/556
f 99/124/99 556/4024/556 553/4025/553
f 99/124/99 98/123/98 2838/4022/2838
f 99/124/99 553/4025/553 100/125/100
f 107/140/107 1202/1537/1202 1204/1542/1204
f 107/140/107 2303/3103/2303 1202/1537/1202
f 107/140/107 109/139/109 2303/3103/2303
f 2037/2681/2037 2428/3300/2428 2553/3511/2553
f 2840/4026/2840 2841/4027/2841 2842/4028/2842
f 2840/4026/2840 2230/2997/2230 2841/4027/2841
f 2840/4026/2840 2764/4029/2764 2843/4030/2843
f 2840/4026/2840 2843/4030/2843 2231/2998/2231
f 2840/4026/2840 2231/2998/2231 2230/2997/2230
f 2840/4026/2840 2842/4028/2842 2764/4029/2764
f 1665/2175/1665 1664/2174/1664 2632/3812/2632
f 2844/4031/2844 674/869/674 2845/4032/2845
f 2844/4033/2844 2049/4034/2049 1412/1816/1412
f 2844/4031/2844 2846/4035/2846 854/4036/854
f 2844/4033/2844 1412/1816/1412 1414/1818/1414
f 2844/4031/2844 854/4036/854 2049/4037/2049
f 2844/4031/2844 2845/4032/2845 2846/4035/2846
f 2844/4031/2844 1414/4038/1414 674/869/674
f 28/34/28 2847/4039/2847 2848/4040/2848
f 28/34/28 2848/4040/2848 29/35/29
f 28/34/28 27/33/27 2849/4041/2849
f 28/4042/28 2849/4043/2849 2847/4044/2847
f 353/4045/353 2850/4046/2850 356/445/356
f 353/2092/353 1601/2091/1601 2850/4047/2850
f 2851/4048/2851 1222/1569/1222 2852/4049/2852
f 2851/4048/2851 1920/2514/1920 361/4050/361
f 2851/4048/2851 2853/4051/2853 1222/1569/1222
f 2851/4048/2851 361/4050/361 2854/4052/2854
f 2851/4048/2851 2852/4049/2852 1920/2514/1920
f 2851/4048/2851 2854/4052/2854 2853/4051/2853
f 836/1074/836 2855/4053/2855 367/461/367
f 836/1074/836 840/1083/840 2855/4053/2855
f 836/4054/836 2194/2934/2194 837/4055/837
f 836/4054/836 367/456/367 2194/2934/2194
f 800/1032/800 797/1029/797 2856/4056/2856
f 800/1032/800 2857/4057/2857 801/1033/801
f 800/4058/800 2858/4059/2858 2857/4060/2857
f 800/1032/800 2856/4056/2856 2858/4061/2858
f 2859/4062/2859 2860/4063/2860 2861/4064/2861
f 2859/4062/2859 1870/2448/1870 2860/4063/2860
f 2859/4062/2859 2861/4064/2861 2862/4065/2862
f 2859/4062/2859 2862/4065/2862 809/1041/809
f 2859/4062/2859 809/1041/809 807/1039/807
f 2859/4062/2859 807/1039/807 1870/2448/1870
f 2863/4066/2863 977/4067/977 2864/4068/2864
f 2863/4069/2863 389/487/389 2865/4070/2865
f 2863/4069/2863 2866/4071/2866 392/490/392
f 2863/4072/2863 2865/4073/2865 977/4074/977
f 2863/4069/2863 392/490/392 389/487/389
f 2863/4069/2863 2864/4075/2864 2866/4071/2866
f 395/493/395 2481/3391/2481 396/494/396
f 2867/4076/2867 2726/3810/2726 2585/3576/2585
f 2867/4076/2867 2868/4077/2868 2081/2753/2081
f 2867/4076/2867 2080/2752/2080 2726/3810/2726
f 2867/4076/2867 2585/3576/2585 2868/4077/2868
f 2867/4076/2867 2081/2753/2081 2080/2752/2080
f 2869/4078/2869 1070/4079/1070 2870/4080/2870
f 2869/4081/2869 1071/4082/1071 1070/4083/1070
f 2869/4078/2869 2870/4080/2870 1374/1761/1374
f 2869/4078/2869 1374/1761/1374 2483/4084/2483
f 2869/4081/2869 2483/3396/2483 2484/3397/2484
f 2869/4081/2869 2484/3397/2484 1071/4082/1071
f 2029/2672/2029 1261/1617/1261 2871/4085/2871
f 2029/2672/2029 2871/4085/2871 2030/2673/2030
f 2089/2772/2089 2092/2771/2092 2872/4086/2872
f 2089/2767/2089 2872/4087/2872 1265/2878/1265
f 2622/4088/2622 2873/4089/2873 224/276/224
f 2622/4088/2622 223/275/223 2095/2781/2095
f 2622/4088/2622 224/276/224 223/275/223
f 2622/3636/2622 1093/1406/1093 2873/4090/2873
f 948/1218/948 1686/2198/1686 1689/2201/1689
f 948/1218/948 73/88/73 949/1219/949
f 948/1218/948 1844/2409/1844 73/88/73
f 948/1218/948 952/1222/952 1686/2198/1686
f 838/4091/838 2101/4092/2101 839/4093/839
f 838/4094/838 2102/2794/2102 2101/2793/2101
f 838/1077/838 841/1082/841 2874/4095/2874
f 838/4096/838 2874/4097/2874 2102/4098/2102
f 1499/2617/1499 1721/2247/1721 1722/2248/1722
f 1499/1942/1499 1722/4099/1722 1039/1337/1039
f 2718/3793/2718 2875/4100/2875 1075/1384/1075
f 2718/3793/2718 1860/2428/1860 2876/4101/2876
f 2718/3793/2718 2876/4101/2876 2875/4100/2875
f 2877/4102/2877 2878/4103/2878 2879/4104/2879
f 2877/4102/2877 2880/4105/2880 2878/4103/2878
f 2877/4102/2877 2879/4104/2879 636/4106/636
f 2877/4102/2877 2881/4107/2881 2880/4105/2880
f 2877/4102/2877 636/4106/636 2881/4107/2881
f 1549/2023/1549 639/813/639 2779/3891/2779
f 1549/2023/1549 640/814/640 639/813/639
f 1549/2023/1549 2779/3891/2779 1550/2024/1550
f 2882/4108/2882 2883/4109/2883 2884/4110/2884
f 2882/4111/2882 1063/1371/1063 2883/4112/2883
f 2882/4108/2882 2884/4110/2884 1308/1683/1308
f 2882/4111/2882 2196/3936/2196 1063/1371/1063
f 2882/4108/2882 1308/1683/1308 2196/2940/2196
f 2775/3885/2775 2381/3228/2381 2234/3005/2234
f 2775/3885/2775 1243/1596/1243 2381/3228/2381
f 1560/4113/1560 1448/1866/1448 1450/1868/1450
f 1560/4114/1560 2885/4115/2885 2886/4116/2886
f 1560/4114/1560 2886/4116/2886 1561/4117/1561
f 1560/4114/1560 1450/4118/1450 2885/4115/2885
f 2777/3888/2777 269/333/269 296/362/296
f 2777/3888/2777 270/3892/270 269/333/269
f 2777/3888/2777 296/362/296 293/359/293
f 300/366/300 1695/2207/1695 1696/2209/1696
f 300/366/300 1696/2209/1696 301/367/301
f 300/366/300 299/365/299 2887/4119/2887
f 300/366/300 2887/4119/2887 1695/2207/1695
f 2177/4120/2177 2182/2917/2182 2281/3070/2281
f 2177/4121/2177 2281/3074/2281 2888/4122/2888
f 2177/4123/2177 971/1250/971 2178/4124/2178
f 2177/4121/2177 2888/4122/2888 971/4125/971
f 745/1723/745 2453/3339/2453 2454/3341/2454
f 745/1723/745 749/4126/749 2453/3339/2453
f 745/1723/745 2454/3341/2454 1343/1724/1343
f 318/387/318 1475/1903/1475 319/388/319
f 318/387/318 1036/1334/1036 1475/1903/1475
f 2889/4127/2889 1728/2255/1728 621/4128/621
f 2889/4127/2889 827/1060/827 1728/2255/1728
f 2889/4129/2889 620/787/620 2457/4130/2457
f 2889/4127/2889 2457/3347/2457 827/1060/827
f 2889/4129/2889 621/788/621 620/787/620
f 2075/2745/2075 2890/4131/2890 1737/2268/1737
f 2075/2745/2075 1140/1456/1140 1143/1459/1143
f 2075/2745/2075 1143/1459/1143 2890/4131/2890
f 1301/1667/1301 2891/4132/2891 1302/1668/1302
f 1301/1667/1301 1948/2555/1948 2880/4133/2880
f 1301/1667/1301 2880/4133/2880 2881/4134/2881
f 1301/1667/1301 1304/1670/1304 1948/2555/1948
f 1301/1667/1301 2881/4134/2881 2891/4132/2891
f 2179/4135/2179 2892/4136/2892 2180/2916/2180
f 2179/2911/2179 2181/2913/2181 1513/1968/1513
f 2179/2911/2179 1513/1968/1513 1515/1970/1515
f 2179/4135/2179 1515/4137/1515 2892/4136/2892
f 1457/1878/1457 1460/1881/1460 301/367/301
f 2187/2922/2187 1699/2215/1699 2188/2923/2188
f 2187/2922/2187 1465/4138/1465 1699/2215/1699
f 2187/2922/2187 2190/2926/2190 1466/4139/1466
f 2187/2922/2187 1466/4139/1466 1465/4138/1465
f 2130/2832/2130 2628/3643/2628 2507/3432/2507
f 2130/2832/2130 2506/3431/2506 903/1159/903
f 2130/2832/2130 2507/3432/2507 2506/3431/2506
f 662/4140/662 2893/4141/2893 2327/3138/2327
f 662/4140/662 2894/4142/2894 2893/4141/2893
f 662/4140/662 2326/3137/2326 663/4143/663
f 662/4140/662 53/66/53 54/65/54
f 662/4140/662 54/65/54 1977/2596/1977
f 662/4140/662 1977/2596/1977 2894/4142/2894
f 662/4140/662 2327/3138/2327 2326/3137/2326
f 962/3558/962 1835/2397/1835 2369/4144/2369
f 1485/4145/1485 676/863/676 1413/1817/1413
f 1485/4145/1485 677/864/677 676/863/676
f 1485/1925/1485 1413/4146/1413 1486/1926/1486
f 683/873/683 2895/4147/2895 2333/3151/2333
f 683/873/683 685/875/685 2895/4147/2895
f 1497/1940/1497 2041/2687/2041 2014/2652/2014
f 697/894/697 699/893/699 1952/4148/1952
f 697/894/697 1952/4148/1952 275/4149/275
f 2024/2664/2024 1540/2010/1540 2025/2665/2025
f 2024/2664/2024 704/900/704 1540/2010/1540
f 2344/3170/2344 2896/4150/2896 1258/3171/1258
f 2344/4151/2344 2897/4152/2897 2898/4153/2898
f 2344/3170/2344 2899/4154/2899 2900/4155/2900
f 2344/3170/2344 2900/4155/2900 2897/4156/2897
f 2344/3170/2344 2898/4157/2898 2896/4150/2896
f 2344/3170/2344 2345/3174/2345 2899/4154/2899
f 473/604/473 474/605/474 714/3591/714
f 1134/1450/1134 2674/3718/2674 720/4158/720
f 2708/3780/2708 1734/2265/1734 1738/2269/1738
f 2708/3780/2708 1738/2269/1738 2709/3781/2709
f 2678/3720/2678 1628/2129/1628 1283/1647/1283
f 2678/3720/2678 1283/1647/1283 74/1650/74
f 2678/3720/2678 2901/4159/2901 1049/1354/1049
f 2678/3720/2678 74/1650/74 2901/4159/2901
f 2254/3727/2254 2682/3726/2682 2255/4160/2255
f 1293/1659/1293 1292/1658/1292 1750/2284/1750
f 1293/3037/1293 2257/3039/2257 1294/4161/1294
f 1070/4079/1070 1074/4162/1074 256/318/256
f 1070/4079/1070 256/318/256 2870/4080/2870
f 2044/2692/2044 2550/3506/2550 2045/2693/2045
f 2044/2690/2044 2607/3610/2607 2550/4163/2550
f 1200/1540/1200 185/229/185 188/232/188
f 1200/4164/1200 2552/3510/2552 1201/4165/1201
f 1200/1540/1200 188/232/188 1018/1312/1018
f 1200/4164/1200 1017/4166/1017 2552/3510/2552
f 1200/1540/1200 1018/1312/1018 1017/1311/1017
f 2019/2659/2019 2902/4167/2902 2020/2660/2020
f 2019/2659/2019 865/3395/865 863/4168/863
f 2019/2659/2019 863/4168/863 2902/4167/2902
f 2903/4169/2903 1507/1957/1507 2904/4170/2904
f 2903/4171/2903 2904/4172/2904 1982/4173/1982
f 2903/4174/2903 2905/4175/2905 1507/4176/1507
f 1586/2070/1586 1591/2077/1591 2270/3059/2270
f 1586/2070/1586 2271/3060/2271 1587/2071/1587
f 1763/2300/1763 1765/2302/1765 2273/3062/2273
f 1763/2300/1763 2273/3062/2273 2272/3061/2272
f 2906/4177/2906 1332/1704/1332 1331/1708/1331
f 2906/4177/2906 505/648/505 2907/4178/2907
f 2906/4177/2906 2908/4179/2908 505/648/505
f 2906/4177/2906 2907/4178/2907 1332/1704/1332
f 2906/4177/2906 1331/1708/1331 2908/4179/2908
f 2663/4180/2663 118/148/118 2909/4181/2909
f 2663/4180/2663 119/149/119 118/148/118
f 2663/4180/2663 2909/4181/2909 2664/4182/2664
f 2663/4180/2663 1602/4183/1602 119/149/119
f 2910/4184/2910 2702/3763/2702 315/383/315
f 2910/4185/2910 564/716/564 2703/4186/2703
f 2910/4185/2910 314/381/314 2284/3078/2284
f 2910/4185/2910 315/382/315 314/381/314
f 2910/4185/2910 2284/3078/2284 564/716/564
f 2910/4184/2910 2703/3764/2703 2702/3763/2702
f 1035/1333/1035 2455/3344/2455 906/1164/906
f 1517/3800/1517 432/539/432 434/538/434
f 1517/3800/1517 434/538/434 2723/3801/2723
f 1517/3800/1517 2724/3803/2724 1518/4187/1518
f 2911/4188/2911 2912/4189/2912 1822/2385/1822
f 2911/4190/2911 1821/2378/1821 2664/3698/2664
f 2911/4191/2911 2913/4192/2913 2467/4193/2467
f 2911/4194/2911 2664/4182/2664 2909/4181/2909
f 2911/4195/2911 2467/3363/2467 2912/4196/2912
f 2911/4191/2911 2909/4197/2909 2913/4192/2913
f 2911/4190/2911 1822/2379/1822 1821/2378/1821
f 11/15/11 1528/4198/1528 12/16/12
f 2914/4199/2914 1533/2000/1533 1711/4200/1711
f 2914/4199/2914 2915/4201/2915 2916/4202/2916
f 2914/4199/2914 2916/4202/2916 1533/2000/1533
f 2914/4199/2914 1710/4203/1710 2915/4201/2915
f 2914/4199/2914 1711/4200/1711 1710/4203/1710
f 2544/4204/2544 2917/4205/2917 249/307/249
f 2544/4204/2544 2434/3308/2434 2545/4206/2545
f 2544/4204/2544 249/307/249 2434/3308/2434
f 2544/4207/2544 137/167/137 2917/4208/2917
f 252/312/252 705/4209/705 253/313/253
f 2439/3316/2439 2440/3317/2440 1302/4210/1302
f 2439/3316/2439 1302/4210/1302 2497/3419/2497
f 2699/3755/2699 1305/1671/1305 545/692/545
f 2699/3755/2699 2443/3322/2443 1305/1671/1305
f 2699/3757/2699 2411/3276/2411 2443/3594/2443
f 2918/4211/2918 1852/2419/1852 2919/4212/2919
f 2918/4211/2918 2518/3459/2518 2519/3458/2519
f 2918/4211/2918 2919/4212/2919 164/4213/164
f 2918/4211/2918 2519/3458/2519 1853/2420/1853
f 2918/4211/2918 164/4213/164 2518/3459/2518
f 2918/4211/2918 1853/2420/1853 1852/2419/1852
f 90/112/90 93/115/93 2920/4214/2920
f 491/627/491 492/628/492 2921/4215/2921
f 491/627/491 2922/4216/2922 1320/1691/1320
f 491/627/491 2921/4215/2921 2922/4216/2922
f 2136/2843/2136 2923/4217/2923 1326/1697/1326
f 2136/2843/2136 1326/1697/1326 2924/4218/2924
f 2136/2843/2136 933/1198/933 2923/4217/2923
f 2136/2843/2136 2924/4218/2924 2137/2844/2137
f 30/36/30 29/35/29 2415/3285/2415
f 30/36/30 2415/3285/2415 2416/3284/2416
f 30/36/30 2416/3284/2416 1677/4219/1677
f 30/4220/30 1677/2189/1677 31/39/31
f 2925/4221/2925 2926/4222/2926 2927/4223/2927
f 2925/4224/2925 2422/3292/2422 650/4225/650
f 2925/4221/2925 649/823/649 2926/4222/2926
f 2925/4221/2925 650/824/650 649/823/649
f 2925/4224/2925 2927/4226/2927 2423/3293/2423
f 2925/4224/2925 2423/3293/2423 2422/3292/2422
f 2928/4227/2928 1842/2407/1842 233/289/233
f 2928/4227/2928 233/289/233 1687/4228/1687
f 2928/4227/2928 2929/4229/2929 2425/3296/2425
f 2928/4227/2928 2425/3296/2425 1843/2408/1843
f 2928/4227/2928 1843/2408/1843 1842/2407/1842
f 2928/4227/2928 1687/4228/1687 2929/4229/2929
f 1428/1840/1428 526/673/526 527/674/527
f 1428/1840/1428 1432/1844/1432 2930/4230/2930
f 1428/1840/1428 2930/4230/2930 526/673/526
f 1428/1840/1428 527/674/527 1429/1841/1429
f 2350/4231/2350 2931/4232/2931 1580/2062/1580
f 2350/4233/2350 1580/2067/1580 2351/4234/2351
f 2350/4231/2350 2932/4235/2932 2931/4232/2931
f 2350/3179/2350 2112/2806/2112 2932/4236/2932
f 2613/3616/2613 2233/4237/2233 1776/2313/1776
f 2613/3616/2613 1776/2313/1776 1775/2312/1775
f 2613/3616/2613 80/103/80 81/102/81
f 2613/3616/2613 81/102/81 2233/4237/2233
f 1013/1303/1013 2698/4238/2698 1887/2473/1887
f 1013/1303/1013 2933/4239/2933 2698/4238/2698
f 1013/1303/1013 1015/1305/1015 2933/4239/2933
f 1779/2317/1779 2614/4240/2614 1780/2318/1780
f 1779/2317/1779 1783/2322/1783 2934/4241/2934
f 1779/2317/1779 2934/4241/2934 2614/4240/2614
f 2242/3014/2242 2241/3013/2241 2935/4242/2935
f 2850/4046/2850 2936/4243/2936 356/445/356
f 2850/4047/2850 1601/2091/1601 2700/4244/2700
f 2850/4046/2850 1993/2620/1993 2936/4243/2936
f 2850/4046/2850 2937/4245/2937 1993/2620/1993
f 2850/4046/2850 2700/4246/2700 2937/4245/2937
f 44/53/44 46/55/46 731/941/731
f 2367/3207/2367 1877/2458/1877 2368/3208/2368
f 2367/3207/2367 369/3210/369 370/462/370
f 2367/3207/2367 1878/2459/1878 1877/2458/1877
f 2367/3207/2367 370/462/370 1878/2459/1878
f 573/727/573 2597/3596/2597 2938/4247/2938
f 573/727/573 1730/2260/1730 576/731/576
f 573/727/573 2938/4247/2938 1730/2260/1730
f 582/738/582 584/740/584 2939/4248/2939
f 582/738/582 2939/4248/2939 832/1069/832
f 2744/4249/2744 2940/4250/2940 2472/3381/2472
f 2744/4249/2744 732/942/732 2940/4250/2940
f 2744/4249/2744 2472/3381/2472 1999/4251/1999
f 2744/4249/2744 2746/4252/2746 732/942/732
f 741/951/741 738/948/738 2198/4253/2198
f 741/951/741 2198/4253/2198 2941/4254/2941
f 741/951/741 2941/4254/2941 2748/3842/2748
f 1635/2137/1635 2942/4255/2942 1636/2138/1636
f 1635/2137/1635 2716/4256/2716 2942/4255/2942
f 2170/2898/2170 2904/4170/2904 2389/3243/2389
f 2170/2898/2170 1983/4257/1983 2904/4170/2904
f 414/512/414 707/4258/707 415/513/415
f 2393/4259/2393 2943/4260/2943 2944/4261/2944
f 2393/4259/2393 1766/4262/1766 2943/4260/2943
f 2393/4259/2393 2945/4263/2945 2394/4264/2394
f 2393/4259/2393 2944/4261/2944 2945/4263/2945
f 2873/4089/2873 2946/4265/2946 224/276/224
f 2873/4089/2873 2947/4266/2947 2946/4265/2946
f 2873/4090/2873 2948/4267/2948 2947/4268/2947
f 2873/4090/2873 1093/1406/1093 2948/4267/2948
f 2272/3061/2272 1100/1413/1100 2625/3639/2625
f 2272/3061/2272 1101/1414/1101 1100/1413/1100
f 2325/3134/2325 2784/3898/2784 2874/4097/2874
f 2325/4269/2325 841/1082/841 958/1230/958
f 2325/4269/2325 2874/4095/2874 841/1082/841
f 2949/4270/2949 1937/2544/1937 2836/4271/2836
f 2949/4270/2949 2950/4272/2950 2951/4273/2951
f 2949/4270/2949 2836/4271/2836 1639/2144/1639
f 2949/4270/2949 2951/4273/2951 1937/2544/1937
f 2949/4270/2949 1639/2144/1639 2952/4274/2952
f 2949/4270/2949 2952/4274/2952 2950/4272/2950
f 2520/3462/2520 2953/4275/2953 2954/4276/2954
f 2520/3462/2520 2955/4277/2955 2953/4275/2953
f 2520/3462/2520 2954/4276/2954 2521/3463/2521
f 2520/3462/2520 2522/3465/2522 2955/4277/2955
f 259/322/259 263/326/263 2391/3245/2391
f 259/322/259 2392/3247/2392 260/323/260
f 2115/4278/2115 463/593/463 1957/2568/1957
f 2115/4278/2115 1957/2568/1957 2116/4279/2116
f 2115/4278/2115 464/594/464 463/593/463
f 127/2736/127 289/355/289 290/356/290
f 127/157/127 2956/4280/2956 2119/2813/2119
f 127/157/127 290/4281/290 2956/4280/2956
f 2449/3334/2449 2450/3335/2450 2123/4282/2123
f 2449/4283/2449 2123/2818/2123 1735/2266/1735
f 2449/4283/2449 1735/2266/1735 1733/2264/1733
f 1693/4284/1693 1566/2045/1566 2957/4285/2957
f 1693/2205/1693 1695/2207/1695 2887/4119/2887
f 1693/2205/1693 2957/4286/2957 1694/2206/1694
f 1693/2205/1693 1818/2375/1818 2958/4287/2958
f 1693/2205/1693 2887/4119/2887 299/365/299
f 1693/4284/1693 2958/4288/2958 1566/2045/1566
f 1463/1886/1463 1170/2216/1170 1464/1887/1464
f 1463/1884/1463 2502/3427/2502 1170/1492/1170
f 2959/4289/2959 1796/2345/1796 2620/3633/2620
f 2959/4289/2959 2960/4290/2960 1796/2345/1796
f 2959/4289/2959 440/551/440 2960/4290/2960
f 2959/4291/2959 2961/4292/2961 442/555/442
f 2959/4291/2959 442/555/442 440/554/440
f 2959/4291/2959 2620/4293/2620 2961/4292/2961
f 2893/4141/2893 2894/4142/2894 322/391/322
f 2893/4141/2893 322/391/322 2327/3138/2327
f 2651/3678/2651 2034/2678/2034 1898/3513/1898
f 2651/4294/2651 1897/2486/1897 2652/4295/2652
f 2651/4294/2651 1898/2487/1898 1897/2486/1897
f 2962/4296/2962 2963/4297/2963 2964/4298/2964
f 2962/4296/2962 2964/4298/2964 2430/3304/2430
f 2962/4296/2962 2430/3304/2430 2040/2685/2040
f 179/4299/179 2965/4300/2965 2966/4301/2966
f 179/4302/179 2656/3685/2656 2965/4303/2965
f 179/4302/179 181/4304/181 2656/3685/2656
f 179/221/179 2966/4305/2966 180/222/180
f 2047/2696/2047 2660/3689/2660 1488/1928/1488
f 2047/2696/2047 1488/1928/1488 1486/1926/1486
f 2047/2696/2047 1486/1926/1486 2048/2697/2048
f 2967/4306/2967 2968/4307/2968 2935/4242/2935
f 2967/4308/2967 2969/4309/2969 2968/4310/2968
f 2967/4306/2967 2970/4311/2970 2969/4312/2969
f 2967/4306/2967 2241/3013/2241 2970/4311/2970
f 2967/4306/2967 2935/4242/2935 2241/3013/2241
f 1941/2619/1941 1943/4313/1943 2971/4314/2971
f 1941/2619/1941 2936/4243/2936 1993/2620/1993
f 1941/2619/1941 2972/4315/2972 2936/4243/2936
f 1941/2619/1941 2971/4314/2971 2972/4315/2972
f 1740/4316/1740 2051/2706/2051 1741/4317/1741
f 1740/4316/1740 2052/2707/2052 2051/2706/2051
f 1740/2271/1740 2973/4318/2973 2052/4319/2052
f 1740/2271/1740 1743/2274/1743 2973/4318/2973
f 239/4320/239 839/1080/839 240/4321/240
f 239/4320/239 2974/4322/2974 2975/4323/2975
f 239/4320/239 2975/4323/2975 839/1080/839
f 239/4324/239 241/4325/241 2974/4326/2974
f 2976/4327/2976 2977/4328/2977 668/852/668
f 2976/4329/2976 2978/4330/2978 2979/4331/2979
f 2976/4327/2976 668/852/668 2538/3483/2538
f 2976/4329/2976 2979/4331/2979 2977/4332/2977
f 2976/4327/2976 2538/3483/2538 2978/4333/2978
f 2065/2727/2065 2067/2729/2067 2980/4334/2980
f 2065/2727/2065 308/374/308 305/371/305
f 2065/2727/2065 2980/4334/2980 308/374/308
f 2065/2727/2065 305/371/305 2066/2728/2066
f 2070/2738/2070 1236/1585/1236 2071/2739/2071
f 2070/2738/2070 128/2737/128 2379/3225/2379
f 2070/2738/2070 2378/3224/2378 1236/1585/1236
f 2070/2738/2070 2379/3225/2379 2378/3224/2378
f 2981/4335/2981 23/29/23 19/25/19
f 2981/4335/2981 2982/4336/2982 2983/4337/2983
f 2981/4335/2981 2983/4337/2983 23/29/23
f 2981/4335/2981 2984/4338/2984 2982/4336/2982
f 2981/4335/2981 19/25/19 132/162/132
f 2981/4335/2981 132/162/132 2984/4338/2984
f 405/503/405 404/502/404 2801/3930/2801
f 405/503/405 2801/3930/2801 2800/3929/2800
f 1072/4339/1072 1071/4082/1071 2027/2669/2027
f 1072/4339/1072 2027/2669/2027 409/4340/409
f 2985/4341/2985 1078/1388/1078 1077/1387/1077
f 2985/4341/2985 2986/4342/2986 1078/1388/1078
f 2985/4341/2985 2987/4343/2987 2988/4344/2988
f 2985/4341/2985 2988/4344/2988 2755/4345/2755
f 2985/4341/2985 1077/1387/1077 2987/4343/2987
f 2985/4341/2985 2755/4345/2755 2986/4342/2986
f 2989/4346/2989 1389/1784/1389 2990/4347/2990
f 2989/4348/2989 1085/1397/1085 1389/4349/1389
f 2989/4348/2989 546/693/546 1085/1397/1085
f 2989/4348/2989 2991/4350/2991 547/694/547
f 2989/4346/2989 2990/4347/2990 2991/4351/2991
f 2989/4348/2989 547/694/547 546/693/546
f 2563/4352/2563 2295/3095/2295 2294/3094/2294
f 2563/4352/2563 916/1178/916 2295/3095/2295
f 2563/4352/2563 917/1179/917 916/1178/916
f 625/4353/625 738/948/738 626/2133/626
f 625/4353/625 2198/4253/2198 738/948/738
f 2655/3684/2655 2965/4303/2965 2656/3685/2656
f 2655/4354/2655 2992/4355/2992 2993/4356/2993
f 2655/4354/2655 2993/4356/2993 2994/4357/2994
f 2655/4354/2655 2994/4357/2994 2965/4300/2965
f 2655/3684/2655 2658/3687/2658 2992/4358/2992
f 2995/4359/2995 2475/3385/2475 2996/4360/2996
f 2995/4359/2995 2996/4360/2996 2997/4361/2997
f 2995/4359/2995 2998/4362/2998 2476/3386/2476
f 2995/4359/2995 2476/3386/2476 2475/3385/2475
f 2995/4359/2995 2997/4361/2997 2998/4362/2998
f 1745/2277/1745 2218/2971/2218 1746/2278/1746
f 1745/2277/1745 592/2280/592 2214/2966/2214
f 2999/4363/2999 2220/2975/2220 2222/2979/2222
f 2999/4364/2999 969/1247/969 3000/4365/3000
f 2999/4364/2999 970/1248/970 969/1247/969
f 2999/4366/2999 2222/2978/2222 1522/1981/1522
f 2999/4364/2999 3000/4365/3000 2220/4367/2220
f 2999/4364/2999 1522/4368/1522 970/1248/970
f 1259/4369/1259 1262/1618/1262 2223/2989/2223
f 3001/4370/3001 1532/1999/1532 2916/4202/2916
f 3001/4370/3001 3002/4371/3002 3003/4372/3003
f 3001/4370/3001 3004/4373/3004 2669/3704/2669
f 3001/4370/3001 2916/4202/2916 3002/4371/3002
f 3001/4370/3001 3003/4372/3003 3004/4373/3004
f 3001/4370/3001 2669/3704/2669 1532/1999/1532
f 2827/4002/2827 1274/1632/1274 1836/2398/1836
f 2827/4002/2827 1836/2398/1836 1837/2399/1837
f 2827/4002/2827 61/74/61 1274/1632/1274
f 2827/4002/2827 1837/2399/1837 2828/4003/2828
f 1168/1490/1168 3005/4374/3005 3006/4375/3006
f 1168/1490/1168 3006/4375/3006 1169/1491/1169
f 1168/1490/1168 1279/4376/1279 3005/4374/3005
f 3007/4377/3007 3008/4378/3008 3009/4379/3009
f 3007/4377/3007 391/3805/391 393/4380/393
f 3007/4377/3007 3010/4381/3010 391/3805/391
f 3007/4377/3007 3009/4379/3009 3010/4381/3010
f 3007/4377/3007 393/4380/393 3008/4378/3008
f 2233/3004/2233 1289/1655/1289 2354/4382/2354
f 2233/4237/2233 2354/3183/2354 1776/2313/1776
f 1292/1658/1292 2104/2797/2104 2750/3847/2750
f 1292/1658/1292 2750/3847/2750 1751/2285/1751
f 92/4383/92 1944/2551/1944 2837/4020/2837
f 92/4383/92 95/118/95 1944/2551/1944
f 92/114/92 3011/4384/3011 93/115/93
f 92/114/92 2837/4021/2837 3011/4384/3011
f 3012/4385/3012 261/2437/261 2729/3815/2729
f 3012/4386/3012 3013/4387/3013 262/4388/262
f 3012/4385/3012 2729/3815/2729 3014/4389/3014
f 3012/4386/3012 262/4388/262 261/4390/261
f 3012/4386/3012 3014/4391/3014 3013/4387/3013
f 2442/3320/2442 108/134/108 104/136/104
f 2442/3320/2442 2444/3324/2444 2527/3472/2527
f 2442/3320/2442 2529/3474/2529 108/134/108
f 2132/2836/2132 577/732/577 826/1058/826
f 2132/2836/2132 826/1058/826 2795/3920/2795
f 2132/2836/2132 1350/2841/1350 577/732/577
f 2132/2836/2132 2795/3920/2795 2133/2837/2133
f 2138/2845/2138 3015/4392/3015 384/480/384
f 2138/2845/2138 2137/2844/2137 2598/3599/2598
f 2138/2845/2138 2598/3599/2598 3016/4393/3016
f 2138/2845/2138 729/939/729 3015/4392/3015
f 2138/2845/2138 3016/4393/3016 729/939/729
f 3017/4394/3017 2599/3601/2599 1874/2452/1874
f 3017/4394/3017 2767/3874/2767 2599/3601/2599
f 3017/4394/3017 362/4395/362 3018/4396/3018
f 3017/4394/3017 3019/4397/3019 2767/3874/2767
f 3017/4394/3017 1874/2452/1874 363/4398/363
f 3017/4394/3017 3018/4396/3018 3019/4397/3019
f 3017/4399/3017 363/452/363 362/451/362
f 3020/4400/3020 2601/4401/2601 3021/4402/3021
f 3020/4400/3020 3022/4403/3022 1113/4404/1113
f 3020/4400/3020 3021/4402/3021 2334/3155/2334
f 3020/4400/3020 2334/3155/2334 3022/4403/3022
f 2146/2855/2146 1247/3394/1247 2018/2856/2018
f 2146/2855/2146 2931/4232/2931 1247/3394/1247
f 2146/2855/2146 2147/2858/2147 1581/2063/1581
f 2146/2855/2146 1581/2063/1581 2931/4232/2931
f 3023/4405/3023 1146/1462/1146 2300/3100/2300
f 3023/4405/3023 1121/4406/1121 1146/1462/1146
f 2156/2875/2156 3024/4407/3024 3025/4408/3025
f 2156/2871/2156 3025/4409/3025 2549/3505/2549
f 2156/2871/2156 2549/3505/2549 2157/2872/2157
f 2156/2875/2156 2155/2869/2155 3024/4407/3024
f 1264/1621/1264 3026/4410/3026 2161/2880/2161
f 1264/1621/1264 1267/1624/1267 3026/4410/3026
f 324/393/324 326/395/326 3027/4411/3027
f 324/393/324 1980/4412/1980 3028/4413/3028
f 324/393/324 3027/4411/3027 1980/4412/1980
f 324/393/324 3028/4413/3028 221/273/221
f 2686/3733/2686 3029/4414/3029 3030/4415/3030
f 2686/3733/2686 3030/4415/3030 2687/3734/2687
f 3031/4416/3031 2461/3353/2461 2463/3357/2463
f 3031/4416/3031 1194/1526/1194 1986/2609/1986
f 3031/4416/3031 1985/2608/1985 1014/4417/1014
f 3031/4416/3031 1014/4417/1014 2657/4418/2657
f 3031/4416/3031 2463/3357/2463 1194/1526/1194
f 3031/4416/3031 1986/2609/1986 1985/2608/1985
f 3031/4416/3031 2657/4418/2657 2461/3353/2461
f 2302/3102/2302 1202/1537/1202 2303/3103/2303
f 2302/3102/2302 1203/1538/1203 1202/1537/1202
f 2302/3102/2302 2306/3106/2306 1203/1538/1203
f 2184/2919/2184 194/241/194 2858/4059/2858
f 2184/2919/2184 2858/4059/2858 2615/3620/2615
f 2184/2919/2184 2185/2920/2185 194/241/194
f 894/1149/894 1216/1560/1216 895/1150/895
f 894/1555/894 897/4419/897 1213/1556/1213
f 1174/1498/1174 1920/2514/1920 2852/4049/2852
f 1174/4420/1174 900/1155/900 1918/2516/1918
f 1174/1498/1174 2852/4049/2852 1175/1499/1175
f 2561/3529/2561 3032/4421/3032 3033/4422/3033
f 2561/3529/2561 3034/4423/3034 3032/4421/3032
f 2561/3529/2561 671/3532/671 3034/4423/3034
f 2561/3529/2561 3033/4422/3033 2562/3530/2562
f 718/923/718 1349/1734/1349 1622/2120/1622
f 718/923/718 3035/4424/3035 1350/1735/1350
f 718/923/718 721/928/721 3035/4424/3035
f 718/923/718 1350/1735/1350 1349/1734/1349
f 2796/4425/2796 441/557/441 443/556/443
f 2796/4425/2796 2139/4426/2139 1030/4427/1030
f 2796/4425/2796 443/556/443 2505/3430/2505
f 2796/4425/2796 2505/3430/2505 2139/4426/2139
f 2368/3208/2368 1240/1591/1240 2142/3209/2142
f 2368/3208/2368 1877/2458/1877 1240/1591/1240
f 1245/1599/1245 455/577/455 3036/4428/3036
f 1245/1599/1245 3036/4428/3036 3037/4429/3037
f 1245/1599/1245 3037/4429/3037 1248/1602/1248
f 1252/1606/1252 1883/2466/1883 2152/2865/2152
f 1252/1606/1252 2804/3933/2804 1883/2466/1883
f 1252/1606/1252 2152/2865/2152 1253/1607/1253
f 1078/1388/1078 2986/4342/2986 1079/1389/1079
f 3038/4430/3038 3039/4431/3039 3040/4432/3040
f 3038/4433/3038 2991/4351/2991 3039/4434/3039
f 3038/4435/3038 548/695/548 549/696/549
f 3038/4435/3038 549/696/549 2991/4350/2991
f 3038/4436/3038 3040/4437/3040 1726/2253/1726
f 3038/4436/3038 1724/2251/1724 548/3756/548
f 3038/4436/3038 1726/2253/1726 1724/2251/1724
f 1894/2483/1894 2554/4438/2554 3041/4439/3041
f 1894/2483/1894 3042/4440/3042 1895/2484/1895
f 1894/2483/1894 3041/4439/3041 3043/4441/3043
f 1894/2483/1894 1898/2487/1898 2554/4438/2554
f 1894/2483/1894 3043/4441/3043 3042/4440/3042
f 2229/2996/2229 2963/4297/2963 3044/4442/3044
f 2229/2996/2229 2964/4298/2964 2963/4297/2963
f 2229/2996/2229 3044/4442/3044 2230/2997/2230
f 2229/2996/2229 1280/1642/1280 2964/4298/2964
f 1903/2492/1903 1904/2493/1904 2175/3943/2175
f 1903/2492/1903 2808/3942/2808 1590/4443/1590
f 1903/2492/1903 1590/4443/1590 1408/4444/1408
f 1903/2492/1903 2175/3943/2175 2808/3942/2808
f 1903/2492/1903 1408/4444/1408 1404/4445/1404
f 1903/2492/1903 1404/4445/1404 2556/3515/2556
f 674/869/674 678/868/678 2845/4032/2845
f 674/861/674 1411/1815/1411 675/862/675
f 674/861/674 1414/1818/1414 1411/1815/1411
f 3045/4446/3045 2362/4447/2362 1501/4448/1501
f 3045/4446/3045 2848/4449/2848 2363/4450/2363
f 3045/4446/3045 2363/4450/2363 2362/4447/2362
f 3045/4446/3045 3046/4451/3046 2848/4449/2848
f 3045/4446/3045 1501/4448/1501 3046/4451/3046
f 3047/4452/3047 2860/4063/2860 1626/2127/1626
f 3047/4452/3047 1625/2126/1625 1214/1557/1214
f 3047/4452/3047 2861/4064/2861 2860/4063/2860
f 3047/4452/3047 1214/1557/1214 3048/4453/3048
f 3047/4452/3047 3048/4453/3048 2861/4064/2861
f 3047/4452/3047 1626/2127/1626 1625/2126/1625
f 1919/4454/1919 362/451/362 364/453/364
f 1919/2513/1919 364/4455/364 1920/2514/1920
f 1919/4454/1919 3018/4456/3018 362/451/362
f 1919/2518/1919 1921/2517/1921 3018/4396/3018
f 819/1051/819 50/60/50 51/62/51
f 819/1051/819 51/62/51 820/1052/820
f 1434/1846/1434 3049/4457/3049 1435/1847/1435
f 1434/4458/1434 864/1114/864 2268/3055/2268
f 1434/1853/1434 1439/1852/1439 864/1115/864
f 1434/4458/1434 2268/3055/2268 3049/4459/3049
f 1443/1858/1443 2588/3584/2588 2591/3583/2591
f 1443/1861/1443 1444/1860/1444 283/349/283
f 1443/1858/1443 2591/3583/2591 629/799/629
f 1443/1861/1443 283/349/283 2588/3579/2588
f 1446/3969/1446 2119/4460/2119 2817/3970/2817
f 1446/1864/1446 1451/1869/1451 2119/4461/2119
f 712/4462/712 3050/4463/3050 713/4464/713
f 712/4465/712 474/605/474 472/603/472
f 712/4466/712 3051/4467/3051 3050/4468/3050
f 712/4466/712 472/4469/472 3051/4467/3051
f 1458/1879/1458 3052/4470/3052 3053/4471/3053
f 1458/1879/1458 3053/4471/3053 3054/4472/3054
f 1458/1879/1458 1456/1877/1456 3052/4470/3052
f 1458/1879/1458 3054/4472/3054 1459/1880/1459
f 2820/4473/2820 3055/4474/3055 559/707/559
f 2820/4475/2820 37/46/37 3000/4365/3000
f 2820/4475/2820 3000/4365/3000 3055/4476/3055
f 2820/4475/2820 38/47/38 37/46/37
f 3056/4477/3056 3057/4478/3057 1360/1747/1360
f 3056/4477/3056 3058/4479/3058 3059/4480/3059
f 3056/4477/3056 439/550/439 3057/4478/3057
f 3056/4477/3056 1360/1747/1360 1363/1750/1363
f 3056/4477/3056 1363/1750/1363 3058/4479/3058
f 3056/4477/3056 3059/4480/3059 439/550/439
f 982/1265/982 2488/3401/2488 983/1266/983
f 982/1265/982 446/560/446 2488/3401/2488
f 982/1265/982 448/564/448 446/560/446
f 2094/2775/2094 2947/4268/2947 2948/4267/2948
f 2094/2775/2094 2948/4267/2948 1089/1402/1089
f 2094/2775/2094 1089/1402/1089 1480/4481/1480
f 2094/2782/2094 3028/4413/3028 2947/4482/2947
f 2094/2775/2094 1480/4481/1480 1479/2776/1479
f 2094/2782/2094 221/273/221 3028/4413/3028
f 2458/3350/2458 2420/3290/2420 1188/1517/1188
f 2458/3350/2458 2421/3291/2421 2420/3290/2420
f 2458/3350/2458 2459/3351/2459 2421/3291/2421
f 1842/2407/1842 1841/2412/1841 234/290/234
f 1842/2407/1842 234/290/234 233/289/233
f 2100/2791/2100 551/698/551 2661/3692/2661
f 2100/2791/2100 2661/3692/2661 242/2792/242
f 2100/2791/2100 1850/2417/1850 551/698/551
f 2100/2791/2100 2103/2795/2103 1850/2417/1850
f 1852/2419/1852 2883/4109/2883 2919/4212/2919
f 1852/2419/1852 1854/2421/1854 2883/4109/2883
f 2437/4483/2437 2235/3006/2235 2236/3007/2236
f 2437/4483/2437 2236/3007/2236 1716/2241/1716
f 2437/3314/2437 1716/3917/1716 1858/2425/1858
f 2437/3314/2437 2438/3315/2438 2235/4484/2235
f 707/4258/707 709/4485/709 415/513/415
f 1511/1965/1511 1869/2447/1869 1512/1966/1512
f 1978/2597/1978 222/4486/222 3060/4487/3060
f 1978/2597/1978 3060/4487/3060 1979/2598/1979
f 1978/2597/1978 325/4488/325 222/4486/222
f 1978/2597/1978 532/679/532 325/4488/325
f 2696/4489/2696 332/402/332 2555/3514/2555
f 2696/3751/2696 2695/3750/2695 332/4490/332
f 1984/3184/1984 1198/1532/1198 2355/3185/2355
f 1984/2607/1984 1986/2609/1986 1198/1531/1198
f 1500/1943/1500 2362/3199/2362 1988/2611/1988
f 1500/1943/1500 1501/1944/1501 2362/3199/2362
f 1994/2622/1994 2926/4222/2926 649/823/649
f 1994/2622/1994 649/823/649 651/825/651
f 1994/2622/1994 1993/2627/1993 2937/4491/2937
f 1994/2622/1994 2937/4491/2937 2926/4222/2926
f 3061/4492/3061 1221/1568/1221 2853/4493/2853
f 3061/4492/3061 208/258/208 1221/1568/1221
f 3061/4492/3061 2853/4493/2853 3062/4494/3062
f 3061/4492/3061 211/261/211 208/258/208
f 3061/4492/3061 3062/4494/3062 2560/3527/2560
f 3061/4492/3061 2560/3527/2560 211/261/211
f 3063/4495/3063 2855/4053/2855 840/1083/840
f 3063/4496/3063 840/1081/840 2975/4323/2975
f 3063/4496/3063 2975/4323/2975 591/747/591
f 3063/4496/3063 590/746/590 1879/4497/1879
f 3063/4495/3063 1879/2460/1879 2855/4053/2855
f 3063/4496/3063 591/747/591 590/746/590
f 3064/4498/3064 374/466/374 2061/2722/2061
f 3064/4498/3064 217/268/217 375/467/375
f 3064/4498/3064 218/269/218 217/268/217
f 3064/4498/3064 375/467/375 374/466/374
f 2279/3068/2279 2182/2917/2182 2180/2916/2180
f 2279/3068/2279 2180/2916/2180 2740/3830/2740
f 2279/3068/2279 121/151/121 120/150/120
f 2279/3068/2279 2740/3830/2740 121/151/121
f 285/351/285 2071/2739/2071 286/352/286
f 1655/4499/1655 3065/4500/3065 1656/4501/1656
f 1655/4499/1655 2984/4338/2984 132/162/132
f 1655/2168/1655 1658/2167/1658 2984/4502/2984
f 2021/2661/2021 2020/2660/2020 3066/4503/3066
f 2021/2661/2021 3066/4503/3066 3067/4504/3067
f 2021/2661/2021 2758/4505/2758 2022/2662/2022
f 2021/2661/2021 3067/4504/3067 2758/4505/2758
f 254/315/254 1074/1383/1074 2875/4100/2875
f 254/315/254 2875/4100/2875 1539/2009/1539
f 254/315/254 256/320/256 1074/1383/1074
f 1381/1769/1381 1525/1986/1525 1126/2440/1126
f 1381/1769/1381 1526/1988/1526 1525/1986/1525
f 1381/1769/1381 1865/2439/1865 1382/1770/1382
f 1381/1769/1381 1126/2440/1126 1865/2439/1865
f 3068/4506/3068 856/1103/856 3069/4507/3069
f 3068/4508/3068 3069/4509/3069 2162/2882/2162
f 3068/4506/3068 857/1104/857 856/1103/856
f 3068/4506/3068 2161/4510/2161 857/1104/857
f 3068/4511/3068 2162/2881/2162 2161/2880/2161
f 3070/4512/3070 3071/4513/3071 1483/1921/1483
f 3070/4512/3070 3072/4514/3072 431/534/431
f 3070/4512/3070 1483/1921/1483 3072/4514/3072
f 3070/4512/3070 3073/4515/3073 3043/4516/3043
f 3070/4512/3070 431/534/431 3073/4515/3073
f 3070/4512/3070 3043/4516/3043 3071/4513/3071
f 63/78/63 2829/4517/2829 64/79/64
f 3074/4518/3074 3075/4519/3075 3076/4520/3076
f 3074/4518/3074 3077/4521/3077 3078/4522/3078
f 3074/4518/3074 3079/4523/3079 3077/4521/3077
f 3074/4518/3074 3078/4522/3078 2782/3896/2782
f 3074/4518/3074 2782/3896/2782 3080/4524/3080
f 3074/4518/3074 3080/4524/3080 3075/4519/3075
f 3074/4518/3074 3076/4520/3076 3079/4523/3079
f 1288/1654/1288 2784/3898/2784 2785/3899/2785
f 1288/1654/1288 2785/3899/2785 1289/1655/1289
f 1288/1654/1288 1290/1656/1290 2784/3898/2784
f 3081/4525/3081 3082/4526/3082 2714/3789/2714
f 3081/4525/3081 1939/4016/1939 1938/4527/1938
f 3081/4525/3081 1938/4527/1938 3082/4526/3082
f 3081/4525/3081 2835/4017/2835 1939/4016/1939
f 3081/4525/3081 2751/3848/2751 2835/4017/2835
f 3081/4525/3081 2714/3789/2714 2751/3848/2751
f 1943/2550/1943 1944/2551/1944 95/118/95
f 1943/4313/1943 2954/4528/2954 2971/4314/2971
f 1943/2550/1943 95/118/95 2521/4529/2521
f 1943/4530/1943 2521/3463/2521 2954/4276/2954
f 2878/4103/2878 1948/4531/1948 2525/3469/2525
f 2878/4532/2878 2880/4133/2880 1948/2555/1948
f 2878/4103/2878 2525/3469/2525 2879/4104/2879
f 2528/3473/2528 2532/3477/2532 1154/1475/1154
f 2528/3473/2528 1152/1474/1152 2529/3474/2529
f 2528/3473/2528 1154/1475/1154 1152/1474/1152
f 2489/3965/2489 2340/3964/2340 3083/4533/3083
f 2489/3965/2489 3084/4534/3084 2111/4535/2111
f 2489/3965/2489 3083/4533/3083 3084/4534/3084
f 2117/2811/2117 460/592/460 462/591/462
f 2117/2811/2117 2118/2812/2118 3085/4536/3085
f 2117/2811/2117 3085/4536/3085 1958/4537/1958
f 2117/2811/2117 1958/4537/1958 460/592/460
f 1960/2578/1960 2201/4538/2201 2448/4539/2448
f 1960/2578/1960 1962/2576/1962 2205/4540/2205
f 1960/2572/1960 2448/3493/2448 975/2573/975
f 1960/2578/1960 2205/4540/2205 2201/4538/2201
f 1965/2581/1965 1129/1445/1129 2450/3335/2450
f 1965/2581/1965 833/1070/833 1133/1449/1133
f 1965/2581/1965 1133/1449/1133 1129/1445/1129
f 3086/4541/3086 1332/1704/1332 2907/4178/2907
f 3086/4541/3086 2741/4542/2741 1333/1705/1333
f 3086/4541/3086 2742/4543/2742 2741/4542/2741
f 3086/4541/3086 1333/1705/1333 1332/1704/1332
f 3086/4541/3086 2907/4178/2907 2742/4543/2742
f 3087/4544/3087 2221/2982/2221 1973/2981/1973
f 3087/4544/3087 3088/4545/3088 2626/3640/2626
f 3087/4544/3087 2626/3640/2626 3089/4546/3089
f 3087/4544/3087 2786/3901/2786 2221/2982/2221
f 3087/4544/3087 1973/2981/1973 3088/4545/3088
f 3087/4544/3087 3089/4546/3089 2786/3901/2786
f 3090/4547/3090 311/377/311 1800/2349/1800
f 3090/4547/3090 312/378/312 311/377/311
f 3090/4547/3090 1800/2349/1800 1801/2350/1801
f 3090/4547/3090 1801/2350/1801 3091/4548/3091
f 3090/4547/3090 3091/4548/3091 1470/1896/1470
f 3090/4547/3090 1470/1896/1470 312/378/312
f 1177/4549/1177 3092/4550/3092 3033/4422/3033
f 1177/4549/1177 3033/4422/3033 822/4551/822
f 1177/1509/1177 1180/1508/1180 3092/4552/3092
f 867/1119/867 76/96/76 79/95/79
f 867/1119/867 1848/4553/1848 76/96/76
f 867/1119/867 101/126/101 1848/4553/1848
f 149/182/149 148/181/148 3093/4554/3093
f 149/182/149 3025/4408/3025 150/183/150
f 149/182/149 3093/4554/3093 3025/4408/3025
f 984/1267/984 1595/2082/1595 3094/4555/3094
f 984/1267/984 3094/4555/3094 985/1268/985
f 984/1267/984 983/1266/983 1595/2082/1595
f 2847/4556/2847 2363/4450/2363 2848/4449/2848
f 2847/4044/2847 2277/3066/2277 2276/3065/2276
f 2847/4044/2847 2849/4043/2849 2277/3066/2277
f 2847/4044/2847 2276/3065/2276 2363/3759/2363
f 1023/4557/1023 1024/2336/1024 1793/2339/1793
f 1023/4557/1023 1793/2339/1793 2766/4558/2766
f 907/1169/907 909/1168/909 3095/4559/3095
f 907/1169/907 3095/4559/3095 2193/2932/2193
f 2977/4332/2977 2979/4331/2979 3096/4560/3096
f 2977/4332/2977 3096/4560/3096 669/857/669
f 2977/4328/2977 669/853/669 668/852/668
f 2860/4063/2860 1870/2448/1870 724/931/724
f 2860/4063/2860 724/931/724 1626/2127/1626
f 3008/4561/3008 2866/4071/2866 3009/4562/3009
f 3008/4561/3008 392/490/392 2866/4071/2866
f 3008/4561/3008 393/491/393 392/490/392
f 626/796/626 1633/2135/1633 627/797/627
f 3097/4563/3097 2942/4255/2942 2385/4564/2385
f 3097/4563/3097 2385/4564/2385 3098/4565/3098
f 3097/4566/3097 3098/4567/3098 3099/4568/3099
f 3097/4563/3097 3099/4569/3099 2952/4274/2952
f 3097/4563/3097 1636/2138/1636 2942/4255/2942
f 3097/4563/3097 2952/4274/2952 1636/2138/1636
f 2172/2901/2172 2421/3291/2421 2459/3351/2459
f 2172/2901/2172 653/4570/653 652/4571/652
f 2172/2905/2172 2171/2899/2171 653/829/653
f 2172/2901/2172 2459/3351/2459 2173/2902/2173
f 2172/2901/2172 652/4571/652 3100/4572/3100
f 2172/2901/2172 3100/4572/3100 2421/3291/2421
f 3101/4573/3101 3052/4574/3052 1080/1391/1080
f 3101/4573/3101 1080/1391/1080 3102/4575/3102
f 3101/4573/3101 3102/4575/3102 2755/3854/2755
f 3101/4573/3101 2988/4576/2988 3052/4574/3052
f 3101/4573/3101 2755/3854/2755 2988/4576/2988
f 2609/3612/2609 2611/3614/2611 1647/2153/1647
f 2609/3612/2609 1647/2153/1647 1646/2155/1646
f 2609/4577/2609 3103/4578/3103 2610/4579/2610
f 2609/4577/2609 1646/4580/1646 3103/4578/3103
f 1518/1975/1518 2426/3298/2426 2134/2838/2134
f 1518/1975/1518 2134/2838/2134 1519/1976/1519
f 1518/1975/1518 2724/4581/2724 2426/3298/2426
f 1338/4582/1338 3104/4583/3104 2845/4584/2845
f 1338/1718/1338 1339/1717/1339 3105/4585/3105
f 1338/4582/1338 3105/4586/3105 3104/4583/3104
f 1338/1713/1338 2845/4032/2845 678/868/678
f 3106/4587/3106 1492/1932/1492 2333/3152/2333
f 3106/4587/3106 872/1124/872 1493/1935/1493
f 3106/4587/3106 1493/1935/1493 1492/1932/1492
f 3106/4587/3106 2333/3152/2333 873/1125/873
f 3106/4587/3106 873/1125/873 872/1124/872
f 1496/1939/1496 2015/2653/2015 2934/4241/2934
f 1496/1939/1496 3107/4588/3107 1498/1941/1498
f 1496/1939/1496 2934/4241/2934 3107/4588/3107
f 1536/4589/1536 2791/3910/2791 1537/4590/1537
f 1536/4589/1536 2917/4208/2917 2791/3910/2791
f 1536/4589/1536 249/4591/249 2917/4208/2917
f 140/4592/140 3108/4593/3108 2728/3813/2728
f 140/170/140 143/173/143 3108/4594/3108
f 140/4592/140 2728/3813/2728 141/177/141
f 1542/2013/1542 632/803/632 1543/2014/1543
f 1542/2013/1542 1545/2016/1545 1815/2372/1815
f 3050/4595/3050 1322/1693/1322 713/912/713
f 3050/4468/3050 3109/4596/3109 2210/4597/2210
f 3050/4598/3050 2210/2962/2210 2209/2961/2209
f 3050/4598/3050 2209/2961/2209 1323/4599/1323
f 3050/4468/3050 3051/4467/3051 3109/4596/3109
f 3050/4595/3050 1323/1694/1323 1322/1693/1322
f 2883/4112/2883 1063/1371/1063 1066/1375/1066
f 2883/4109/2883 1854/2421/1854 2884/4110/2884
f 2883/4112/2883 166/204/166 2919/4600/2919
f 2883/4112/2883 1066/1375/1066 166/204/166
f 2381/3228/2381 3110/4601/3110 1717/2242/1717
f 2381/3228/2381 1717/2242/1717 2234/3005/2234
f 2381/3228/2381 2382/3236/2382 3110/4601/3110
f 1566/2045/1566 1568/2047/1568 2957/4285/2957
f 1566/2045/1566 2958/4288/2958 1567/2046/1567
f 2829/4006/2829 2830/4007/2830 1574/4602/1574
f 2829/4517/2829 1574/2053/1574 64/79/64
f 3111/4603/3111 658/836/658 3112/4604/3112
f 3111/4603/3111 212/837/212 658/836/658
f 3111/4603/3111 3112/4604/3112 3113/4605/3113
f 3111/4603/3111 3113/4605/3113 212/837/212
f 3114/4606/3114 2978/4607/2978 3115/4608/3115
f 3114/4606/3114 526/673/526 2930/4230/2930
f 3114/4606/3114 3115/4608/3115 1578/2058/1578
f 3114/4606/3114 2930/4230/2930 2978/4607/2978
f 3114/4606/3114 1578/2058/1578 526/673/526
f 2456/4609/2456 1184/2257/1184 1730/2261/1730
f 2456/4610/2456 1730/2260/1730 2938/4247/2938
f 2456/4610/2456 2938/4247/2938 828/1064/828
f 2456/3346/2456 828/1061/828 2457/3347/2457
f 3116/4611/3116 3117/4612/3117 832/1069/832
f 3116/4611/3116 2478/3388/2478 2998/4362/2998
f 3116/4611/3116 3118/4613/3118 2479/3389/2479
f 3116/4611/3116 2998/4362/2998 3117/4612/3117
f 3116/4611/3116 2479/3389/2479 2478/3388/2478
f 3116/4611/3116 832/1069/832 3118/4613/3118
f 3119/4614/3119 3120/4615/3120 2745/3838/2745
f 3119/4614/3119 2001/2635/2001 2680/4616/2680
f 3119/4614/3119 3121/4617/3121 3120/4615/3120
f 3119/4614/3119 2745/3838/2745 2001/2635/2001
f 3119/4614/3119 2680/4616/2680 3121/4617/3121
f 2004/2642/2004 2814/3959/2814 2682/3783/2682
f 2004/2642/2004 2007/2645/2007 2814/3959/2814
f 1751/2285/1751 2750/3847/2750 2684/3730/2684
f 1074/1383/1074 1075/1384/1075 2875/4100/2875
f 1864/2434/1864 2263/3246/2263 1382/4618/1382
f 1864/2434/1864 1382/4618/1382 1865/2435/1865
f 1864/2434/1864 260/323/260 2392/3247/2392
f 1864/2434/1864 2392/3247/2392 2263/3246/2263
f 2943/4260/2943 156/190/156 2944/4261/2944
f 2943/4260/2943 1766/4262/1766 3122/4619/3122
f 2943/4260/2943 157/191/157 156/190/156
f 2943/4260/2943 3122/4619/3122 157/191/157
f 3049/4457/3049 2078/4620/2078 3123/4621/3123
f 3049/4457/3049 3123/4621/3123 3124/4622/3124
f 3049/4457/3049 3124/4622/3124 1435/1847/1435
f 3049/4459/3049 2268/3055/2268 2078/2749/2078
f 3125/4623/3125 411/509/411 1774/2311/1774
f 3125/4623/3125 2260/3046/2260 2259/3045/2259
f 3125/4623/3125 3126/4624/3126 2260/3046/2260
f 3125/4623/3125 2259/3045/2259 411/509/411
f 3125/4623/3125 1774/2311/1774 3126/4624/3126
f 3127/4625/3127 3128/4626/3128 788/4627/788
f 3127/4625/3127 787/4628/787 2810/3946/2810
f 3127/4625/3127 2809/3945/2809 875/1128/875
f 3127/4625/3127 875/1128/875 3128/4626/3128
f 3127/4625/3127 788/4627/788 787/4628/787
f 3127/4625/3127 2810/3946/2810 2809/3945/2809
f 226/284/226 1781/2320/1781 793/2319/793
f 1786/2329/1786 1020/2331/1020 888/4629/888
f 1786/2329/1786 888/4629/888 2617/3623/2617
f 1786/2329/1786 2616/3622/2616 1787/2330/1787
f 1786/2329/1786 2617/3623/2617 2616/3622/2616
f 2067/2729/2067 1794/4630/1794 2618/3630/2618
f 2067/2729/2067 2618/3630/2618 2980/4334/2980
f 2067/2729/2067 2068/2733/2068 1794/4630/1794
f 2702/3763/2702 311/377/311 315/383/315
f 2702/3763/2702 1798/2347/1798 1800/2349/1800
f 2702/3763/2702 1800/2349/1800 311/377/311
f 1803/2352/1803 2347/3176/2347 2290/3086/2290
f 1803/2352/1803 2290/3086/2290 1804/2353/1804
f 690/3681/690 689/3454/689 2516/3453/2516
f 928/1192/928 3129/4631/3129 2300/3100/2300
f 928/1192/928 929/1193/929 3129/4631/3129
f 2566/3539/2566 1564/3890/1564 931/1195/931
f 2566/3539/2566 2567/3540/2567 2778/3889/2778
f 937/1203/937 2572/3547/2572 938/1204/938
f 937/1203/937 939/1205/939 2569/4632/2569
f 1682/2194/1682 2314/3117/2314 1683/2195/1683
f 1686/2198/1686 2929/4633/2929 1687/2199/1687
f 1686/2198/1686 952/1222/952 2929/4633/2929
f 3130/4634/3130 2056/4635/2056 2057/4636/2057
f 3130/4634/3130 2057/4636/2057 666/848/666
f 3130/4634/3130 665/847/665 955/1227/955
f 3130/4634/3130 955/1227/955 2773/3883/2773
f 3130/4634/3130 666/848/666 665/847/665
f 3130/4634/3130 2773/3883/2773 2056/4635/2056
f 57/69/57 1275/1634/1275 58/70/58
f 57/69/57 1276/1635/1276 1275/1634/1275
f 57/69/57 2395/3252/2395 1276/1635/1276
f 1105/4637/1105 3131/4638/3131 3132/4639/3132
f 1105/1419/1105 1107/1422/1107 2832/4011/2832
f 1105/1419/1105 2832/4011/2832 3131/4640/3131
f 1105/4637/1105 3132/4639/3132 1106/3567/1106
f 1110/1426/1110 1112/1428/1112 693/3904/693
f 1110/1426/1110 2789/3907/2789 1111/1427/1111
f 2111/2805/2111 3133/4641/3133 2112/2806/2112
f 2111/4535/2111 3084/4534/3084 3133/4642/3133
f 2606/3609/2606 3134/4643/3134 2607/3610/2607
f 2606/3609/2606 847/1093/847 849/1095/849
f 2606/3609/2606 849/1095/849 3134/4643/3134
f 2606/3609/2606 2608/3611/2608 847/1093/847
f 3135/4644/3135 3136/4645/3136 2240/3012/2240
f 3135/4644/3135 3137/4646/3137 2951/4647/2951
f 3135/4648/3135 2285/3079/2285 3137/4649/3137
f 3135/4648/3135 2286/3080/2286 2285/3079/2285
f 3135/4644/3135 2951/4647/2951 3136/4645/3136
f 3135/4648/3135 2240/3015/2240 2286/3080/2286
f 2288/3087/2288 2290/3086/2290 3138/4650/3138
f 2288/3087/2288 424/523/424 427/527/427
f 2288/3087/2288 3138/4650/3138 424/523/424
f 2288/3087/2288 427/527/427 2289/4651/2289
f 825/1057/825 2597/3596/2597 2795/3920/2795
f 825/1057/825 2795/3920/2795 826/1058/826
f 825/1057/825 2938/4247/2938 2597/3596/2597
f 825/1057/825 828/1064/828 2938/4247/2938
f 2475/4652/2475 2477/3600/2477 3139/4653/3139
f 2475/4652/2475 3139/4653/3139 2996/4654/2996
f 2599/3601/2599 2767/3874/2767 2768/3875/2768
f 2599/3601/2599 2768/3875/2768 1607/2099/1607
f 2601/3603/2601 2517/3450/2517 3021/4655/3021
f 1247/3394/1247 2931/4232/2931 2932/4235/2932
f 1247/4656/1247 3133/4641/3133 1881/4657/1881
f 1247/4656/1247 2932/4236/2932 3133/4641/3133
f 1146/4658/1146 1121/1437/1121 1120/1436/1120
f 2224/3173/2224 565/4659/565 563/4660/563
f 2224/3173/2224 563/4660/563 2345/3174/2345
f 1266/1623/1266 1268/1625/1268 3140/4661/3140
f 1266/1623/1266 3141/4662/3141 3142/4663/3142
f 1266/1623/1266 3142/4663/3142 1267/1624/1267
f 1266/1623/1266 3140/4661/3140 3141/4662/3141
f 2637/3655/2637 2638/3656/2638 3143/4664/3143
f 2637/3655/2637 3143/4664/3143 1637/2141/1637
f 2637/3655/2637 1637/2141/1637 87/4665/87
f 2637/3655/2637 87/4665/87 480/612/480
f 170/209/170 172/211/172 985/4666/985
f 170/209/170 1643/2149/1643 171/210/171
f 170/209/170 1644/2150/1644 1643/2149/1643
f 170/209/170 985/4666/985 1644/2150/1644
f 1904/2493/1904 178/2496/178 2175/3943/2175
f 2466/3362/2466 2912/4196/2912 2467/3363/2467
f 2466/3362/2466 3104/4583/3104 3105/4586/3105
f 2466/3362/2466 3105/4586/3105 2912/4196/2912
f 2466/3362/2466 2468/3366/2468 3104/4583/3104
f 192/237/192 890/1145/890 885/1140/885
f 192/237/192 195/242/195 890/1145/890
f 3144/4667/3144 202/250/202 1573/2052/1573
f 3144/4667/3144 1216/4668/1216 1217/2704/1217
f 3144/4667/3144 1572/2051/1572 1216/4668/1216
f 3144/4667/3144 1217/2704/1217 203/251/203
f 3144/4667/3144 1573/2052/1573 1572/2051/1572
f 3144/4667/3144 203/251/203 202/250/202
f 1221/1570/1221 1222/1569/1222 2853/4051/2853
f 1430/1842/1430 1923/2521/1923 3032/4421/3032
f 1430/1842/1430 3032/4421/3032 3034/4423/3034
f 1430/1842/1430 3034/4423/3034 1431/1843/1431
f 1430/1842/1430 1429/1841/1429 1923/2521/1923
f 3145/4669/3145 3146/4670/3146 3147/4671/3147
f 3145/4669/3145 3147/4671/3147 3148/4672/3148
f 3145/4669/3145 2920/4673/2920 3146/4670/3146
f 2817/3970/2817 2119/4460/2119 2956/4674/2956
f 2817/3970/2817 2644/3665/2644 1562/2039/1562
f 2817/3970/2817 2956/4674/2956 2644/3665/2644
f 1322/1693/1322 1817/2374/1817 713/912/713
f 606/4675/606 1747/2281/1747 1746/2278/1746
f 606/764/606 608/766/608 1747/4676/1747
f 606/4675/606 1746/2278/1746 2819/3979/2819
f 606/4675/606 2819/3979/2819 607/3978/607
f 2220/4367/2220 37/46/37 34/43/34
f 2220/4367/2220 3000/4365/3000 37/46/37
f 2822/4677/2822 3149/4678/3149 419/517/419
f 2822/3988/2822 2824/3990/2824 3149/4679/3149
f 2822/4680/2822 3150/4681/3150 2823/4682/2823
f 2822/4677/2822 419/517/419 415/513/415
f 2822/4677/2822 415/513/415 3150/4683/3150
f 1532/1999/1532 1533/2000/1533 2916/4202/2916
f 58/70/58 1275/1634/1275 1271/1628/1271
f 58/70/58 1271/1628/1271 59/71/59
f 1044/1348/1044 1045/1347/1045 68/4684/68
f 1044/1345/1044 67/82/67 66/81/66
f 1044/1345/1044 68/83/68 67/82/67
f 70/2411/70 2232/3000/2232 71/3003/71
f 70/2411/70 1845/2410/1845 2232/3000/2232
f 70/85/70 73/88/73 1844/2409/1844
f 1847/2414/1847 1850/2417/1850 2103/2795/2103
f 1847/2414/1847 2103/2795/2103 3151/4685/3151
f 1847/2414/1847 3151/4685/3151 77/92/77
f 163/201/163 2518/3456/2518 164/202/164
f 163/201/163 479/611/479 2518/3456/2518
f 1556/4686/1556 3152/4687/3152 1317/4688/1317
f 1556/4686/1556 3153/4689/3153 3152/4687/3152
f 1556/4686/1556 2235/4484/2235 3153/4689/3153
f 3154/4690/3154 2361/3194/2361 556/704/556
f 3154/4691/3154 3155/4692/3155 1991/4693/1991
f 3154/4690/3154 1991/4694/1991 2361/3194/2361
f 3154/4691/3154 556/4024/556 3155/4692/3155
f 2244/3019/2244 2246/3022/2246 613/772/613
f 2244/3019/2244 2689/3744/2689 2245/3020/2245
f 2691/4695/2691 2692/4696/2692 3156/4697/3156
f 2691/4695/2691 3156/4697/3156 325/4698/325
f 2691/3746/2691 325/4488/325 532/679/532
f 2841/4027/2841 2230/2997/2230 3044/4442/3044
f 335/407/335 339/4699/339 3157/4700/3157
f 335/407/335 3157/4700/3157 929/1193/929
f 335/407/335 927/1191/927 336/408/336
f 1765/2302/1765 342/417/342 1096/1409/1096
f 2570/4701/2570 2968/4310/2968 2969/4309/2969
f 2570/3544/2570 2569/3543/2569 348/426/348
f 2570/4701/2570 3098/4567/3098 2571/4702/2571
f 2570/4701/2570 348/430/348 2968/4310/2968
f 2570/4701/2570 2969/4309/2969 3098/4567/3098
f 2936/4243/2936 2972/4315/2972 356/445/356
f 2051/2706/2051 2053/2708/2053 3121/4617/3121
f 2051/2706/2051 3121/4617/3121 1741/4317/1741
f 2056/4635/2056 2773/3883/2773 2770/3878/2770
f 2056/2711/2056 2770/4703/2770 1922/2519/1922
f 797/1029/797 1789/2333/1789 2856/4056/2856
f 977/4067/977 979/3806/979 2864/4068/2864
f 977/4074/977 2865/4073/2865 3158/4704/3158
f 977/4074/977 3158/4704/3158 978/4705/978
f 2074/2744/2074 1141/1457/1141 1140/1456/1140
f 2074/3497/2074 2543/3496/2543 3159/4706/3159
f 2074/2744/2074 3159/4707/3159 1141/1457/1141
f 2077/4708/2077 2868/4709/2868 3123/4621/3123
f 2077/4708/2077 3123/4621/3123 2078/4620/2078
f 2077/2754/2077 2081/2753/2081 2868/4077/2868
f 1071/4082/1071 2484/3397/2484 2027/2669/2027
f 2986/4342/2986 2754/3852/2754 1079/1389/1079
f 2986/4342/2986 2755/4345/2755 2754/3852/2754
f 1389/1784/1389 1391/1786/1391 2990/4347/2990
f 1389/4349/1389 1085/1397/1085 1390/1787/1390
f 1478/2525/1478 3160/4710/3160 1925/2526/1925
f 1478/4711/1478 3071/4712/3071 3160/4713/3160
f 1478/1914/1478 1483/1921/1483 3071/4513/3071
f 1928/2529/1928 2332/3150/2332 3161/4714/3161
f 1928/2531/1928 3161/4715/3161 3162/4716/3162
f 1928/2531/1928 3162/4716/3162 227/2532/227
f 231/286/231 235/291/235 1688/2200/1688
f 3163/4717/3163 1535/2003/1535 1531/2005/1531
f 3163/4717/3163 3164/4718/3164 399/4719/399
f 3163/4717/3163 1531/2005/1531 3164/4718/3164
f 3163/4720/3163 399/497/399 3165/4721/3165
f 3136/4645/3136 2950/4722/2950 2970/4311/2970
f 3136/4645/3136 2951/4647/2951 2950/4722/2950
f 3136/4645/3136 2970/4311/2970 2241/3013/2241
f 3136/4645/3136 2241/3013/2241 2240/3012/2240
f 2953/4275/2953 2780/3893/2780 2954/4276/2954
f 2953/4275/2953 2955/4277/2955 2781/3894/2781
f 2953/4275/2953 2781/3894/2781 2780/3893/2780
f 2524/3468/2524 1543/2018/1543 2879/4104/2879
f 2524/3468/2524 1546/2019/1546 1543/2018/1543
f 2524/3468/2524 2879/4104/2879 2525/3469/2525
f 2892/4136/2892 1867/4723/1867 2739/3829/2739
f 2892/4136/2892 2739/3829/2739 2740/3830/2740
f 2892/4136/2892 1515/4137/1515 1867/4723/1867
f 2892/4136/2892 2740/3830/2740 2180/2916/2180
f 2490/3961/2490 1436/1848/1436 1953/2564/1953
f 2490/3408/2490 2491/3409/2491 1437/1854/1437
f 2490/3408/2490 1437/1854/1437 1436/4724/1436
f 1956/2567/1956 2494/3413/2494 2116/4279/2116
f 1956/2567/1956 2116/4279/2116 1957/2568/1957
f 287/353/287 286/352/286 2120/4725/2120
f 287/353/287 2120/4725/2120 1451/4726/1451
f 287/353/287 1451/4726/1451 1449/4727/1449
f 287/353/287 1449/4727/1449 288/354/288
f 570/724/570 24/30/24 1368/1755/1368
f 570/724/570 1368/1755/1368 3166/4728/3166
f 570/4729/570 3166/4730/3166 1452/1873/1452
f 306/372/306 308/374/308 1698/2211/1698
f 2131/2833/2131 821/1053/821 820/1052/820
f 2131/2833/2131 2650/3677/2650 1577/2057/1577
f 2131/2833/2131 820/1052/820 2650/3677/2650
f 2931/4232/2931 1581/2063/1581 1580/2062/1580
f 1889/4731/1889 1725/2252/1725 1726/2253/1726
f 1889/4732/1889 2614/4733/2614 1890/4734/1890
f 1889/4731/1889 1780/4735/1780 2614/4736/2614
f 1889/4731/1889 1726/2253/1726 1780/4735/1780
f 2360/3193/2360 554/702/554 2361/3194/2361
f 2360/3193/2360 2662/3693/2662 555/703/555
f 2360/3193/2360 555/703/555 554/702/554
f 1699/2215/1699 1700/2214/1700 2188/2923/2188
f 815/1047/815 814/1046/814 1608/2100/1608
f 815/1047/815 2192/2930/2192 901/1156/901
f 815/1047/815 1608/2100/1608 2192/2930/2192
f 368/457/368 369/458/369 908/1167/908
f 2370/3213/2370 1623/2123/1623 1620/2115/1620
f 2370/3213/2370 2371/3216/2371 1623/2123/1623
f 2370/3213/2370 3167/4737/3167 373/3214/373
f 2370/3213/2370 1620/2115/1620 3167/4737/3167
f 2375/3221/2375 584/740/584 581/737/581
f 2375/3221/2375 581/737/581 1915/4738/1915
f 2375/3221/2375 1915/4738/1915 2376/3222/2376
f 2375/3221/2375 2377/3223/2377 584/740/584
f 1239/1590/1239 2142/3209/2142 1240/1591/1240
f 2604/3607/2604 596/752/596 598/754/598
f 2604/4739/2604 2416/3284/2416 2166/3286/2166
f 2604/3607/2604 2166/4740/2166 596/752/596
f 2604/3607/2604 1677/2189/1677 2416/4741/2416
f 844/1091/844 2687/3734/2687 3030/4415/3030
f 844/1087/844 3168/4742/3168 845/1088/845
f 844/1091/844 758/1090/758 2687/3734/2687
f 844/1091/844 3030/4415/3030 3168/4743/3168
f 604/762/604 6/8/6 608/766/608
f 604/762/604 7/9/7 6/8/6
f 856/4744/856 767/4745/767 3069/4746/3069
f 856/1103/856 858/1107/858 767/4747/767
f 963/1236/963 2330/3147/2330 964/1237/964
f 963/1236/963 965/4748/965 2724/3802/2724
f 963/1236/963 2724/3802/2724 2330/3147/2330
f 2912/4189/2912 1339/1717/1339 1822/2385/1822
f 2912/4189/2912 3105/4585/3105 1339/1717/1339
f 1588/2073/1588 1587/2075/1587 1104/1417/1104
f 3169/4749/3169 3170/4750/3170 2915/4751/2915
f 3169/4752/3169 2915/4201/2915 1710/4203/1710
f 3169/4749/3169 1190/1524/1190 3170/4750/3170
f 3169/4749/3169 1710/4753/1710 1190/1524/1190
f 2545/3500/2545 2434/4754/2434 2436/3312/2436
f 2545/3500/2545 2436/3312/2436 3171/4755/3171
f 2545/3500/2545 3171/4755/3171 1064/1373/1064
f 3108/4594/3108 143/173/143 2405/3267/2405
f 3108/4594/3108 2405/3267/2405 2633/4756/2633
f 3108/4593/3108 2633/4757/2633 2728/3813/2728
f 632/803/632 637/811/637 1543/2014/1543
f 266/329/266 3172/4758/3172 267/330/267
f 266/329/266 640/814/640 3172/4758/3172
f 2640/3661/2640 1505/1949/1505 2413/4759/2413
f 2640/3661/2640 2413/4759/2413 2412/4760/2412
f 2640/3661/2640 2641/3660/2641 1506/1950/1506
f 2640/3661/2640 1506/1950/1506 1505/1949/1505
f 492/632/492 493/631/493 2206/2957/2206
f 492/632/492 2206/2957/2206 2921/4761/2921
f 1417/1821/1417 1160/1482/1160 2513/3439/2513
f 1417/1821/1417 1419/1823/1419 3173/4762/3173
f 1417/1821/1417 3173/4762/3173 1160/1482/1160
f 1417/1821/1417 2513/3439/2513 1418/1822/1418
f 513/660/513 2573/3549/2573 3094/4763/3094
f 513/660/513 3094/4763/3094 3174/4764/3174
f 513/660/513 3174/4764/3174 1594/2402/1594
f 2574/3550/2574 2431/3305/2431 2432/3306/2432
f 2574/3550/2574 3112/4604/3112 658/836/658
f 2574/3550/2574 2432/3306/2432 3112/4604/3112
f 2978/4607/2978 2930/4230/2930 2979/4765/2979
f 2978/4333/2978 2538/3483/2538 2537/3482/2537
f 2978/4607/2978 2537/4766/2537 3115/4608/3115
f 1135/4767/1135 1651/2158/1651 717/921/717
f 1135/4767/1135 717/921/717 2676/3835/2676
f 1135/1451/1135 2676/3717/2676 1136/1452/1136
f 1135/4767/1135 914/1176/914 1651/2158/1651
f 2890/4131/2890 2709/3781/2709 1738/2269/1738
f 2890/4131/2890 3175/4768/3175 2709/3781/2709
f 2890/4131/2890 1143/1459/1143 3175/4768/3175
f 2890/4131/2890 1738/2269/1738 1737/2268/1737
f 1049/1358/1049 1051/1357/1051 1744/2275/1744
f 1049/1354/1049 2901/4159/2901 1050/1355/1050
f 2256/3036/2256 1057/1365/1057 1056/1364/1056
f 2256/3036/2256 2006/2644/2006 3176/4769/3176
f 2256/3036/2256 3176/4769/3176 1057/1365/1057
f 1395/1792/1395 3177/4770/3177 2257/3039/2257
f 1395/1792/1395 165/203/165 3178/4771/3178
f 1395/1792/1395 3178/4771/3178 3177/4770/3177
f 2870/4080/2870 1375/1762/1375 1374/1761/1374
f 2870/4080/2870 255/317/255 1375/1762/1375
f 2870/4080/2870 256/318/256 255/317/255
f 2753/3851/2753 1079/1389/1079 2754/3852/2754
f 2753/3851/2753 761/1390/761 1079/1389/1079
f 1084/1396/1084 1085/1397/1085 546/693/546
f 1084/1396/1084 546/693/546 545/692/545
f 2020/2660/2020 2902/4167/2902 1583/2066/1583
f 2020/2660/2020 1582/2065/1582 3066/4503/3066
f 2020/2660/2020 1583/2066/1583 1582/2065/1582
f 2026/2666/2026 2445/3326/2445 2269/3057/2269
f 2026/2666/2026 1719/3327/1719 2445/3326/2445
f 2026/2666/2026 1720/2668/1720 1719/3327/1719
f 2759/3862/2759 1405/1810/1405 1407/1809/1407
f 2759/3862/2759 2762/3867/2762 2271/4772/2271
f 2759/3862/2759 2271/4772/2271 1405/1810/1405
f 2759/3862/2759 1407/1809/1407 2760/3863/2760
f 3179/4773/3179 3180/4774/3180 3181/4775/3181
f 3179/4776/3179 2419/3289/2419 3180/4777/3180
f 3179/4773/3179 3181/4775/3181 3182/4778/3182
f 3179/4776/3179 3182/4779/3182 2419/3289/2419
f 1020/1315/1020 1021/1316/1021 888/4780/888
f 1024/1319/1024 1025/1320/1025 2365/4781/2365
f 1024/4782/1024 2365/3201/2365 1791/3628/1791
f 1975/2594/1975 3183/4783/3183 3095/4559/3095
f 1975/2594/1975 49/58/49 2772/3881/2772
f 1975/2594/1975 3095/4559/3095 1976/2595/1976
f 1975/2594/1975 2772/3881/2772 3183/4783/3183
f 1728/2255/1728 1729/2256/1729 622/4784/622
f 1728/2255/1728 827/1060/827 829/1062/829
f 1728/2255/1728 622/4784/622 621/4128/621
f 1151/1468/1151 1153/4785/1153 2304/3104/2304
f 1151/1468/1151 2305/3105/2305 1152/1469/1152
f 3184/4786/3184 3053/4787/3053 2311/3112/2311
f 3184/4786/3184 3185/4788/3185 3054/4789/3054
f 3184/4786/3184 2308/3109/2308 2500/3425/2500
f 3184/4786/3184 2500/3425/2500 3185/4788/3185
f 3184/4786/3184 2311/3112/2311 2308/3109/2308
f 3184/4786/3184 3054/4789/3054 3053/4787/3053
f 2926/4222/2926 1825/4790/1825 2927/4223/2927
f 2926/4222/2926 2937/4491/2937 2700/4791/2700
f 2926/4222/2926 2700/4791/2700 1825/4790/1825
f 2471/4792/2471 2647/4793/2647 2250/3029/2250
f 2471/4792/2471 2250/3029/2250 2472/4794/2472
f 2510/3435/2510 1474/1907/1474 1935/2542/1935
f 2510/3435/2510 321/4795/321 1474/1907/1474
f 2510/3435/2510 1935/2542/1935 2323/3132/2323
f 1833/3144/1833 1482/1922/1482 1481/4796/1481
f 1833/3144/1833 2723/3801/2723 1482/1922/1482
f 676/863/676 679/866/679 1413/1817/1413
f 682/1936/682 1493/1935/1493 684/4797/684
f 691/882/691 3022/4798/3022 692/883/692
f 691/882/691 1112/4799/1112 3022/4798/3022
f 691/4800/691 693/3904/693 1112/1428/1112
f 2338/3962/2338 1953/2564/1953 1952/2563/1952
f 2338/3160/2338 1952/4148/1952 2339/3161/2339
f 709/905/709 15/907/15 3150/4801/3150
f 709/905/709 3150/4801/3150 415/4802/415
f 2347/3176/2347 3138/4650/3138 2290/3086/2290
f 2347/3176/2347 2349/3178/2349 3138/4650/3138
f 2293/3091/2293 2248/3025/2248 1650/2157/1650
f 2296/3096/2296 2982/4803/2982 2984/4804/2984
f 2296/3096/2296 2298/3098/2298 2982/4803/2982
f 2296/3096/2296 3186/4805/3186 2297/3097/2297
f 2296/3096/2296 2984/4804/2984 1658/4806/1658
f 2296/3096/2296 1658/4806/1658 3186/4805/3186
f 1757/2292/1757 2107/2800/2107 1758/2293/1758
f 1672/2183/1672 122/152/122 2739/3829/2739
f 1672/2802/1672 2739/4807/2739 1867/2444/1867
f 1672/2183/1672 123/153/123 122/152/122
f 29/4808/29 2848/4449/2848 3187/4809/3187
f 29/4808/29 3187/4809/3187 2415/3281/2415
f 3188/4810/3188 35/4811/35 1683/4812/1683
f 3188/4810/3188 944/1213/944 514/661/514
f 3188/4810/3188 1683/4812/1683 944/1213/944
f 3188/4810/3188 514/661/514 511/658/511
f 3188/4810/3188 511/658/511 35/4811/35
f 1575/2054/1575 3189/4813/3189 3190/4814/3190
f 1575/2054/1575 3190/4814/3190 518/665/518
f 2057/2713/2057 2058/2715/2058 2576/3552/2576
f 2057/2713/2057 2576/3552/2576 2649/3676/2649
f 2057/2713/2057 2649/3676/2649 666/850/666
f 2578/3555/2578 3191/4815/3191 1837/2399/1837
f 2578/3557/2578 2579/3556/2579 3191/4816/3191
f 2578/3555/2578 1837/2399/1837 1835/2397/1835
f 2332/3150/2332 2128/4817/2128 3161/4714/3161
f 2332/3150/2332 2331/3149/2331 2580/3562/2580
f 2332/3150/2332 2580/3562/2580 2128/4817/2128
f 391/3805/391 3010/4381/3010 3192/4818/3192
f 391/3805/391 3192/4818/3192 979/3806/979
f 2725/4819/2725 172/211/172 174/213/174
f 2725/4013/2725 2834/4015/2834 450/4820/450
f 2725/4013/2725 174/4821/174 173/4014/173
f 454/576/454 2727/4822/2727 455/577/455
f 2283/3076/2283 2899/4823/2899 2345/4824/2345
f 2283/3076/2283 2286/3080/2286 2239/3010/2239
f 2283/4825/2283 2345/3174/2345 563/4660/563
f 2283/3076/2283 2239/3010/2239 2899/4823/2899
f 2091/2770/2091 2348/3177/2348 3004/4826/3004
f 2091/2770/2091 3004/4826/3004 2092/2771/2092
f 2707/3775/2707 2673/3713/2673 2675/3715/2675
f 2707/3775/2707 3035/4424/3035 2673/3713/2673
f 2707/3779/2707 577/732/577 1350/2841/1350
f 2707/3775/2707 1350/1735/1350 3035/4424/3035
f 839/4827/839 2101/4828/2101 240/4829/240
f 839/1080/839 2975/4323/2975 840/1081/840
f 3082/4526/3082 2716/3791/2716 2714/3789/2714
f 3082/4526/3082 1938/4527/1938 3193/4830/3193
f 3082/4526/3082 3193/4830/3193 2716/3791/2716
f 142/172/142 3194/4831/3194 143/173/143
f 142/172/142 145/175/145 3195/4832/3195
f 142/172/142 1753/2287/1753 1756/2290/1756
f 142/172/142 1756/2290/1756 3194/4831/3194
f 142/172/142 3195/4832/3195 1753/2287/1753
f 1758/2293/1758 2107/2800/2107 2608/3611/2608
f 2049/4034/2049 2048/4833/2048 3196/4834/3196
f 2049/4034/2049 3196/4834/3196 1412/1816/1412
f 1769/2306/1769 3197/4835/3197 3198/4836/3198
f 1769/2306/1769 3199/4837/3199 403/501/403
f 1769/2306/1769 1770/2307/1770 3197/4835/3197
f 1769/2306/1769 3198/4836/3198 3199/4837/3199
f 535/4838/535 3200/4839/3200 3201/4840/3201
f 535/4841/535 171/4842/171 3200/4843/3200
f 539/686/539 2933/4844/2933 1015/4845/1015
f 539/686/539 1015/4845/1015 1985/2608/1985
f 539/686/539 541/688/541 2933/4844/2933
f 1787/2330/1787 2616/3622/2616 1788/2332/1788
f 3137/4846/3137 749/967/749 751/965/751
f 3137/4847/3137 2285/3081/2285 3202/4848/3202
f 3137/4847/3137 3202/4848/3202 749/4849/749
f 3137/4846/3137 751/965/751 2951/4273/2951
f 1091/4850/1091 2623/4851/2623 1519/1976/1519
f 1091/4850/1091 1519/1976/1519 3203/4852/3203
f 1091/4850/1091 3203/4852/3203 1092/2839/1092
f 1410/1814/1410 1413/1817/1413 679/866/679
f 1410/1814/1410 679/866/679 1411/1815/1411
f 3204/4853/3204 872/1124/872 789/1015/789
f 3204/4853/3204 3205/4854/3205 684/4797/684
f 3204/4853/3204 789/1015/789 3205/4854/3205
f 3204/4853/3204 1493/1935/1493 872/1124/872
f 3204/4853/3204 684/4797/684 1493/1935/1493
f 1533/4855/1533 1534/4856/1534 1711/4857/1711
f 2791/3910/2791 2917/4208/2917 3206/4858/3206
f 2791/3910/2791 3206/4858/3206 698/892/698
f 2791/3910/2791 2792/3911/2792 1537/4590/1537
f 1298/1664/1298 257/319/257 253/313/253
f 1298/1664/1298 253/313/253 3207/4859/3207
f 1298/1664/1298 3207/4859/3207 2403/3264/2403
f 151/184/151 150/183/150 3024/4407/3024
f 151/184/151 3024/4407/3024 2155/2869/2155
f 3109/4596/3109 1131/1447/1131 2210/4597/2210
f 3109/4596/3109 1132/1448/1132 1131/1447/1131
f 3109/4596/3109 3051/4467/3051 3208/4860/3208
f 3109/4596/3109 3208/4860/3208 1132/1448/1132
f 990/4861/990 3209/4862/3209 2590/3582/2590
f 990/1273/990 2589/3585/2589 279/345/279
f 990/4861/990 2590/3582/2590 2589/3581/2589
f 990/4861/990 281/2945/281 3209/4862/3209
f 1320/1691/1320 2922/4216/2922 2446/3331/2446
f 2923/4217/2923 932/1197/932 1563/2040/1563
f 2923/4217/2923 933/1198/933 932/1197/932
f 2923/4217/2923 1563/2040/1563 1327/1698/1327
f 2923/4217/2923 1327/1698/1327 1326/1697/1326
f 2384/3238/2384 2572/3547/2572 2571/3548/2571
f 2384/3238/2384 1344/1727/1344 2572/3547/2572
f 2384/3238/2384 2571/3548/2571 2385/3239/2385
f 2384/3238/2384 2386/3240/2386 1344/1727/1344
f 3210/4863/3210 3211/4864/3211 3212/4865/3212
f 3210/4863/3210 2830/4009/2830 1166/1488/1166
f 3210/4863/3210 1166/1488/1166 3211/4864/3211
f 3210/4863/3210 1574/4866/1574 2830/4009/2830
f 3210/4867/3210 3212/4868/3212 1574/4869/1574
f 774/991/774 3213/4870/3213 3214/4871/3214
f 774/991/774 3214/4871/3214 775/992/775
f 774/991/774 3215/4872/3215 3213/4870/3213
f 774/991/774 773/995/773 3215/4872/3215
f 2816/4873/2816 1747/4676/1747 608/766/608
f 2816/4873/2816 608/766/608 6/8/6
f 2816/4873/2816 6/8/6 3/3/3
f 2816/3967/2816 588/3968/588 1747/4874/1747
f 180/222/180 2966/4305/2966 787/1011/787
f 1025/1320/1025 1026/1321/1026 893/4875/893
f 1025/4876/1025 893/1148/893 2365/3201/2365
f 2767/3874/2767 3019/4397/3019 1921/2517/1921
f 1873/4877/1873 1929/2536/1929 734/944/734
f 1873/2451/1873 733/4878/733 1874/2452/1874
f 1873/4877/1873 734/944/734 733/943/733
f 1873/2456/1873 1875/2455/1875 1929/3644/1929
f 2942/4255/2942 2716/4256/2716 2387/4879/2387
f 2942/4255/2942 2387/4879/2387 2385/4564/2385
f 3200/4880/3200 1642/4881/1642 3216/4882/3216
f 3200/4880/3200 3216/4882/3216 3201/4883/3201
f 3200/4884/3200 1643/2149/1643 1642/2148/1642
f 3200/4884/3200 171/210/171 1643/2149/1643
f 3052/4574/3052 1456/4885/1456 2086/2763/2086
f 3052/4574/3052 2988/4576/2988 3053/4886/3053
f 3052/4574/3052 2086/2763/2086 1080/1391/1080
f 613/772/613 2246/3022/2246 1514/1972/1514
f 613/772/613 1514/1972/1514 1646/2152/1646
f 3217/4887/3217 430/531/430 1925/2526/1925
f 3217/4887/3217 3218/4888/3218 2429/3302/2429
f 3217/4889/3217 3073/4890/3073 430/4891/430
f 3217/4887/3217 1925/2526/1925 3218/4888/3218
f 3217/4887/3217 2429/3302/2429 3042/4892/3042
f 3217/4889/3217 3042/4440/3042 3073/4890/3073
f 1654/2165/1654 68/4684/68 3219/4893/3219
f 1654/2165/1654 3219/4893/3219 1657/2166/1657
f 1654/2161/1654 1280/1642/1280 68/1641/68
f 3075/4519/3075 3080/4524/3080 3189/4813/3189
f 2784/3898/2784 1290/1656/1290 2874/4097/2874
f 86/108/86 2835/4017/2835 2751/3848/2751
f 86/108/86 2751/3848/2751 2104/2797/2104
f 94/117/94 2521/4529/2521 95/118/95
f 1303/1669/1303 2440/4894/2440 1947/2554/1947
f 1303/1669/1303 1302/1668/1302 2440/4894/2440
f 108/4895/108 2305/3105/2305 109/139/109
f 108/134/108 2529/3474/2529 2305/4896/2305
f 3220/4897/3220 2340/3162/2340 2341/3163/2341
f 3220/4898/3220 2630/4899/2630 2631/4900/2631
f 3220/4898/3220 3221/4901/3221 3083/4533/3083
f 3220/4898/3220 3083/4533/3083 2340/3964/2340
f 3220/4897/3220 2341/3163/2341 2630/3648/2630
f 3220/4898/3220 2631/4900/2631 3221/4901/3221
f 1961/2575/1961 2922/4216/2922 1962/2576/1962
f 1961/2577/1961 978/1260/978 3222/4902/3222
f 1961/2577/1961 3222/4902/3222 2446/4903/2446
f 1961/2575/1961 2446/3331/2446 2922/4216/2922
f 1967/2583/1967 2451/3336/2451 2124/2821/2124
f 2128/2830/2128 2129/2829/2129 3161/4904/3161
f 2128/2827/2128 2580/3559/2580 307/373/307
f 3149/4678/3149 2824/3996/2824 419/517/419
f 48/61/48 50/60/50 2770/4703/2770
f 48/57/48 2772/3881/2772 49/58/49
f 1183/4905/1183 1729/4906/1729 1184/4907/1184
f 1183/4905/1183 2774/3884/2774 1729/4906/1729
f 1183/1512/1183 1185/1514/1185 1810/2366/1810
f 1183/4905/1183 1810/2362/1810 2774/3884/2774
f 1189/1518/1189 1191/1520/1191 1709/4908/1709
f 1189/4909/1189 1709/2602/1709 1981/2601/1981
f 2461/3353/2461 181/224/181 1906/2498/1906
f 2461/3353/2461 2657/4418/2657 181/224/181
f 2780/3895/2780 2469/3374/2469 2972/4910/2972
f 2780/4911/2780 2972/4315/2972 2971/4314/2971
f 2780/4912/2780 2971/4913/2971 2954/4914/2954
f 2780/3895/2780 2315/3118/2315 2469/3374/2469
f 2318/3125/2318 2647/4793/2647 2319/3126/2319
f 2318/3129/2318 1631/2132/1631 2251/4915/2251
f 2318/3125/2318 2251/3030/2251 2250/3029/2250
f 2318/3125/2318 2250/3029/2250 2647/4793/2647
f 2255/3035/2255 2682/3783/2682 2814/3959/2814
f 668/852/668 670/854/670 2536/3481/2536
f 118/148/118 1673/2184/1673 2909/4181/2909
f 118/148/118 123/153/123 1673/2184/1673
f 3223/4916/3223 1236/1585/1236 1237/1587/1237
f 3223/4916/3223 286/352/286 2071/2739/2071
f 3223/4916/3223 2071/2739/2071 1236/1585/1236
f 3223/4916/3223 126/4917/126 286/352/286
f 3223/4918/3223 1237/1588/1237 130/160/130
f 3223/4918/3223 130/160/130 126/156/126
f 22/28/22 2798/3927/2798 131/161/131
f 404/502/404 3199/4837/3199 2801/3930/2801
f 404/502/404 403/501/403 3199/4837/3199
f 409/4340/409 2027/2669/2027 410/2667/410
f 1260/1614/1260 1258/1612/1258 3224/4919/3224
f 1260/4920/1260 2871/4085/2871 1261/1617/1261
f 1260/1614/1260 3224/4919/3224 2871/4921/2871
f 2486/3399/2486 1596/2083/1596 2487/3400/2487
f 2486/3399/2486 2031/3403/2031 2806/3935/2806
f 617/782/617 622/790/622 2774/3884/2774
f 634/3421/634 3225/4922/3225 2498/3422/2498
f 634/3421/634 633/804/633 3225/4922/3225
f 634/806/634 2497/3419/2497 635/807/635
f 1460/1881/1460 1459/1880/1459 1818/2375/1818
f 1460/1881/1460 1818/2375/1818 302/368/302
f 1460/1881/1460 302/368/302 301/367/301
f 308/374/308 2980/4334/2980 1698/2211/1698
f 1828/2388/1828 447/562/447 2826/4923/2826
f 1828/2388/1828 2826/4923/2826 2291/3088/2291
f 1828/2388/1828 2289/3084/2289 1829/2389/1829
f 1274/1632/1274 1273/1636/1273 1836/2398/1836
f 2420/3290/2420 2419/3289/2419 3182/4779/3182
f 2420/3290/2420 3182/4779/3182 1188/1517/1188
f 246/304/246 3226/4924/3226 1854/2421/1854
f 246/304/246 245/303/245 3226/4924/3226
f 1859/2427/1859 1540/4925/1540 1539/2009/1539
f 1859/4926/1859 2794/4927/2794 1540/2010/1540
f 1859/2427/1859 2876/4101/2876 1860/2428/1860
f 1859/4926/1859 1858/4928/1858 2794/4927/2794
f 1859/2427/1859 1539/2009/1539 2876/4101/2876
f 261/2437/261 1125/1441/1125 2729/3815/2729
f 2530/3475/2530 1551/2025/1551 1550/2024/1550
f 2530/3475/2530 3227/4929/3227 1551/2025/1551
f 2530/3475/2530 1550/2024/1550 2531/3476/2531
f 2530/3475/2530 2527/3472/2527 3227/4929/3227
f 3057/4478/3057 439/550/439 441/552/441
f 3057/4478/3057 441/552/441 2797/3925/2797
f 3057/4478/3057 2797/3925/2797 3228/4930/3228
f 3057/4478/3057 3228/4930/3228 1360/1747/1360
f 397/495/397 1615/2111/1615 398/496/398
f 397/495/397 3229/4931/3229 1615/2111/1615
f 397/4932/397 3164/4718/3164 3229/4933/3229
f 397/4932/397 399/4719/399 3164/4718/3164
f 2726/4934/2726 455/577/455 2727/4822/2727
f 2726/4934/2726 2080/2756/2080 3230/4935/3230
f 2726/4934/2726 3230/4935/3230 455/577/455
f 3231/4936/3231 145/175/145 1884/2467/1884
f 3231/4936/3231 1753/2287/1753 3195/4832/3195
f 3231/4936/3231 2804/3933/2804 1754/2288/1754
f 3231/4936/3231 1754/2288/1754 1753/2287/1753
f 3231/4936/3231 1884/2467/1884 2804/3933/2804
f 3231/4936/3231 3195/4832/3195 145/175/145
f 2158/2873/2158 2547/3503/2547 2159/2874/2159
f 2158/2873/2158 2157/2872/2157 2548/3504/2548
f 2158/2873/2158 2548/3504/2548 2547/3503/2547
f 1391/1789/1391 1388/1782/1388 2990/4937/2990
f 2428/3300/2428 3218/4888/3218 2553/3511/2553
f 2428/3300/2428 2429/3302/2429 3218/4888/3218
f 337/410/337 336/412/336 2464/3360/2464
f 337/410/337 2464/3360/2464 2462/3356/2462
f 337/410/337 2462/3356/2462 1147/3825/1147
f 337/410/337 1147/3825/1147 338/411/338
f 343/418/343 2787/3902/2787 344/419/344
f 343/424/343 346/423/346 1521/1979/1521
f 343/424/343 1522/1981/1522 3232/4938/3232
f 343/424/343 3232/4938/3232 2787/4939/2787
f 2558/3520/2558 2742/3832/2742 2907/4940/2907
f 2558/3520/2558 2559/3522/2559 2512/3438/2512
f 2558/3520/2558 2511/3437/2511 2742/3832/2742
f 2558/3520/2558 2907/4940/2907 508/3521/508
f 2558/3520/2558 2512/3438/2512 2511/3437/2511
f 2374/3220/2374 2479/3389/2479 2377/3223/2377
f 2562/3530/2562 3092/4550/3092 2535/3531/2535
f 2562/3530/2562 3033/4422/3033 3092/4550/3092
f 2692/4696/2692 533/4941/533 3156/4697/3156
f 2692/3747/2692 534/681/534 533/680/533
f 148/181/148 2046/4942/2046 3093/4554/3093
f 148/4943/148 1759/2695/1759 2046/2694/2046
f 156/190/156 159/4944/159 2944/4261/2944
f 1330/4945/1330 2908/4179/2908 1331/1708/1331
f 1330/4945/1330 506/649/506 2908/4179/2908
f 120/4946/120 119/4947/119 2280/4948/2280
f 564/716/564 567/720/567 2703/4186/2703
f 2348/4949/2348 1807/3771/1807 2671/3709/2671
f 2348/4950/2348 2669/3704/2669 3004/4373/3004
f 2348/4950/2348 2671/3707/2671 2669/3704/2669
f 193/239/193 1909/2502/1909 2857/4951/2857
f 193/4952/193 2857/4060/2857 194/241/194
f 193/239/193 1910/2503/1910 1909/2502/1909
f 193/239/193 191/235/191 1910/2503/1910
f 1624/2125/1624 728/937/728 3016/4953/3016
f 1628/2129/1628 3233/4954/3233 2002/2639/2002
f 1628/2129/1628 1284/1648/1284 1283/1647/1283
f 1628/2129/1628 2002/2639/2002 1629/2130/1629
f 1628/2129/1628 2679/3722/2679 3233/4954/3233
f 1813/2369/1813 3234/4955/3234 2941/4956/2941
f 1813/2369/1813 1633/2135/1633 3234/4955/3234
f 1813/2369/1813 2941/4956/2941 1442/2370/1442
f 2638/3656/2638 3235/4957/3235 3143/4664/3143
f 2638/3656/2638 1554/2030/1554 2684/3730/2684
f 2638/3656/2638 2684/3730/2684 3235/4957/3235
f 1642/2148/1642 945/1212/945 943/1214/943
f 1642/4881/1642 943/1209/943 3216/4882/3216
f 1645/4958/1645 1678/4959/1678 2262/3050/2262
f 3069/4746/3069 767/4745/767 1950/4960/1950
f 3069/4509/3069 2090/2768/2090 2162/2882/2162
f 3069/4746/3069 1001/1290/1001 2090/4961/2090
f 3069/4746/3069 1950/4960/1950 1001/1290/1001
f 1479/2778/1479 2623/3637/2623 2095/2779/2095
f 1479/1923/1479 1519/1976/1519 2623/4851/2623
f 1479/1923/1479 433/537/433 1519/1976/1519
f 2097/2785/2097 1972/2590/1972 1971/2589/1971
f 2097/2785/2097 2627/4962/2627 1972/2590/1972
f 2097/2785/2097 157/191/157 3122/4619/3122
f 2097/2785/2097 3122/4619/3122 2627/4962/2627
f 3022/4963/3022 1112/1428/1112 1113/1429/1113
f 3022/4798/3022 2334/3153/2334 692/883/692
f 2629/3647/2629 2630/3648/2630 2341/3163/2341
f 2629/3647/2629 2341/3163/2341 1117/1433/1117
f 1816/2373/1816 1815/2372/1815 1545/2016/1545
f 1816/2373/1816 3225/4922/3225 633/804/633
f 1816/2373/1816 1545/2016/1545 2410/3273/2410
f 1816/2373/1816 2410/3273/2410 3225/4922/3225
f 1130/4964/1130 1132/4965/1132 1452/1873/1452
f 1130/1446/1130 3166/4966/3166 2634/3652/2634
f 1130/4964/1130 1452/1873/1452 3166/4730/3166
f 2732/3818/2732 2414/3282/2414 3187/4809/3187
f 2732/3818/2732 3046/4451/3046 2733/3819/2733
f 2732/3818/2732 3187/4809/3187 3046/4451/3046
f 2732/3818/2732 2165/2894/2165 2414/3282/2414
f 1139/1455/1139 2736/4967/2736 1142/1458/1142
f 1139/1455/1139 2297/3097/2297 2736/4967/2736
f 1666/2176/1666 144/178/144 1667/2177/1667
f 1153/4785/1153 1355/4968/1355 2304/3104/2304
f 1153/1471/1153 1155/1477/1155 1354/1741/1354
f 1568/2208/1568 301/367/301 1696/2209/1696
f 1568/2047/1568 1694/4969/1694 2957/4285/2957
f 1571/2050/1571 1574/2053/1574 3212/4970/3212
f 1571/2050/1571 3212/4970/3212 2189/2925/2189
f 1571/2050/1571 2189/2925/2189 1572/2051/1572
f 3236/4971/3236 3237/4972/3237 3238/4973/3238
f 3236/4974/3236 210/260/210 3237/4975/3237
f 3236/4971/3236 3238/4973/3238 2432/3306/2432
f 3236/4971/3236 2432/3306/2432 2320/3128/2320
f 3236/4971/3236 2320/3128/2320 2648/4976/2648
f 3236/4974/3236 2648/3675/2648 210/260/210
f 2477/3600/2477 2137/2844/2137 3139/4653/3139
f 2477/3600/2477 2598/3599/2598 2137/2844/2137
f 360/449/360 735/945/735 732/942/732
f 360/449/360 732/942/732 2746/4252/2746
f 360/449/360 2746/4252/2746 361/450/361
f 2602/3604/2602 3239/4977/3239 923/3605/923
f 747/960/747 746/959/746 2386/3240/2386
f 2955/4277/2955 942/1208/942 2781/3894/2781
f 2955/4277/2955 3216/4882/3216 943/1209/943
f 2955/4277/2955 2522/3465/2522 3216/4882/3216
f 2955/4277/2955 943/1209/943 942/1208/942
f 2106/2799/2106 2108/2801/2108 847/1093/847
f 2106/2799/2106 847/1093/847 2608/3611/2608
f 2106/2799/2106 2608/3611/2608 2107/2800/2107
f 3197/4835/3197 3240/4978/3240 3198/4836/3198
f 408/506/408 2269/3058/2269 1775/2312/1775
f 3128/4626/3128 874/1127/874 3241/4979/3241
f 3128/4626/3128 3241/4979/3241 3205/4980/3205
f 3128/4626/3128 3205/4980/3205 788/4627/788
f 3128/4626/3128 875/1128/875 874/1127/874
f 2015/4981/2015 1656/4501/1656 3065/4500/3065
f 2015/2653/2015 880/4982/880 2934/4241/2934
f 2015/4981/2015 3065/4500/3065 880/1135/880
f 888/1143/888 1911/4983/1911 889/1144/889
f 888/4780/888 1021/1316/1021 1911/3871/1911
f 888/4629/888 887/3625/887 2617/3623/2617
f 1796/2345/1796 2960/4290/2960 1797/2346/1797
f 1612/2104/1612 1614/2106/1614 2706/3769/2706
f 1612/2104/1612 1806/4984/1806 1613/2105/1613
f 919/1183/919 921/1185/921 2653/4985/2653
f 919/4986/919 2653/3682/2653 2516/3453/2516
f 2776/4987/2776 3242/4988/3242 3243/4989/3243
f 2776/4987/2776 3243/4989/3243 2993/4356/2993
f 2776/3886/2776 2993/4990/2993 927/1191/927
f 2776/4987/2776 1149/4991/1149 3242/4988/3242
f 643/817/643 647/821/647 418/2187/418
f 942/1208/942 944/1210/944 2314/4992/2314
f 233/292/233 232/287/232 1687/2199/1687
f 2329/3146/2329 2579/3556/2579 2330/3147/2330
f 2329/3146/2329 2396/3253/2396 2579/3556/2579
f 2397/4993/2397 2581/3563/2581 2398/4994/2398
f 2397/3254/2397 2066/2728/2066 305/371/305
f 1104/1417/1104 1587/2075/1587 2762/4995/2762
f 1104/1421/1104 1704/2223/1704 1107/1422/1107
f 1104/1421/1104 2762/3866/2762 1704/2223/1704
f 1931/2538/1931 1474/1907/1474 1476/1906/1476
f 272/2562/272 1954/2565/1954 273/4996/273
f 272/2562/272 275/4997/275 1952/2563/1952
f 3110/4998/3110 2342/3166/2342 2343/3168/2343
f 3110/4998/3110 2343/3168/2343 1718/3330/1718
f 3110/4601/3110 1718/2243/1718 1717/2242/1717
f 3110/4998/3110 2382/3231/2382 2342/3166/2342
f 1989/4999/1989 3155/4692/3155 3013/4387/3013
f 1989/2613/1989 1991/2615/1991 3155/5000/3155
f 1989/2613/1989 3013/5001/3013 3014/5002/3014
f 1989/2613/1989 3014/5002/3014 1990/2614/1990
f 424/523/424 3138/4650/3138 2689/5003/2689
f 424/523/424 2689/5003/2689 425/524/425
f 1351/1736/1351 1352/1738/1352 3167/4737/3167
f 1351/1736/1351 3167/4737/3167 1620/2115/1620
f 1355/4968/1355 2399/3256/2399 2304/3104/2304
f 1355/4968/1355 2064/2725/2064 2399/3256/2399
f 1355/1742/1355 1356/1743/1356 2064/2731/2064
f 1358/5004/1358 567/720/567 1359/1897/1359
f 1358/5004/1358 2703/4186/2703 567/720/567
f 23/29/23 2983/4337/2983 1367/1754/1367
f 136/166/136 138/168/138 989/1272/989
f 136/166/136 1370/1757/1370 137/167/137
f 1374/1761/1374 1377/1764/1377 2483/4084/2483
f 1085/1397/1085 1087/1399/1087 2266/3053/2266
f 1085/1397/1085 2266/3053/2266 1390/1787/1390
f 596/5005/596 2166/5006/2166 597/5007/597
f 1400/1798/1400 2653/3682/2653 921/5008/921
f 2808/3942/2808 2966/5009/2966 1590/4443/1590
f 2808/3942/2808 2810/3948/2810 2966/5009/2966
f 3104/4583/3104 2846/5010/2846 2845/4584/2845
f 3104/4583/3104 2468/3366/2468 2846/5010/2846
f 2812/3952/2812 2167/2891/2167 2165/2894/2165
f 2812/3952/2812 1210/1551/1210 1598/5011/1598
f 2812/3952/2812 1598/5011/1598 2167/2891/2167
f 198/2702/198 3244/5012/3244 1424/1834/1424
f 198/2702/198 1916/2701/1916 3244/5012/3244
f 2053/2708/2053 3120/4615/3120 3121/4617/3121
f 2053/2708/2053 2560/3527/2560 3120/4615/3120
f 1432/1844/1432 2979/4765/2979 2930/4230/2930
f 1432/1844/1432 3096/5013/3096 2979/4765/2979
f 1432/1844/1432 1431/1843/1431 3096/5013/3096
f 3133/4641/3133 2932/4236/2932 2112/2806/2112
f 3133/4642/3133 3084/4534/3084 1881/2463/1881
f 2118/2812/2118 2116/2810/2116 3245/5014/3245
f 2118/2812/2118 3245/5014/3245 3085/4536/3085
f 2119/2813/2119 1451/5015/1451 2120/2814/2120
f 2122/2817/2122 2634/3971/2634 3166/4728/3166
f 2122/2817/2122 1368/1755/1368 1366/1753/1366
f 2122/2817/2122 3166/4728/3166 1368/1755/1368
f 3053/5016/3053 2987/4343/2987 2311/5017/2311
f 3053/5016/3053 2988/4344/2988 2987/4343/2987
f 1681/2193/1681 558/3376/558 2470/3375/2470
f 1681/2193/1681 2470/3375/2470 1684/2196/1684
f 1681/2193/1681 559/3982/559 558/3376/558
f 2628/3643/2628 1929/3644/1929 1875/2455/1875
f 2628/3643/2628 1875/2455/1875 3246/5018/3246
f 2628/3643/2628 3246/5018/3246 2507/3432/2507
f 1481/1919/1481 575/3777/575 1834/3215/1834
f 1481/1919/1481 1480/1918/1480 575/3777/575
f 2625/3639/2625 1100/1413/1100 3089/4546/3089
f 2625/3639/2625 3089/4546/3089 2626/3640/2626
f 2831/4010/2831 3131/4640/3131 2832/4011/2832
f 2831/4010/2831 1706/2226/1706 3131/4640/3131
f 77/92/77 3151/4685/3151 78/93/78
f 84/106/84 480/616/480 87/109/87
f 2896/5019/2896 3224/4919/3224 1258/1612/1258
f 1868/2446/1868 1869/2447/1869 1002/5020/1002
f 1868/2446/1868 1002/5020/1002 1950/5021/1950
f 222/4486/222 2946/5022/2946 3060/4487/3060
f 222/274/222 224/276/224 2946/4265/2946
f 2764/4029/2764 229/281/229 2843/4030/2843
f 2764/3869/2764 2842/5023/2842 2765/3870/2765
f 1194/1526/1194 2463/3357/2463 1195/1527/1195
f 1194/1526/1194 1198/1531/1198 1986/2609/1986
f 2181/5024/2181 2178/4124/2178 2610/3613/2610
f 2181/2913/2181 3103/4578/3103 1513/1968/1513
f 2181/2913/2181 2610/4579/2610 3103/4578/3103
f 1222/1569/1222 1175/1499/1175 2852/4049/2852
f 1222/1569/1222 1220/1565/1220 1175/1499/1175
f 2855/4053/2855 1878/2459/1878 370/462/370
f 2855/4053/2855 370/462/370 367/461/367
f 2855/4053/2855 1879/2460/1879 1878/2459/1878
f 806/1038/806 805/1037/805 2013/2651/2013
f 1254/1608/1254 1377/1764/1377 1373/1760/1373
f 1254/1608/1254 2403/5025/2403 3207/5026/3207
f 1254/1608/1254 3207/5026/3207 3247/5027/3247
f 1254/1608/1254 3247/5027/3247 1377/1764/1377
f 1254/1608/1254 1255/1609/1255 2403/5025/2403
f 1265/5028/1265 2872/5029/2872 1268/5030/1268
f 3160/4713/3160 3071/4712/3071 3041/4439/3041
f 3160/4710/3160 3218/4888/3218 1925/2526/1925
f 3160/4710/3160 2553/3511/2553 3218/4888/3218
f 3160/4713/3160 3041/4439/3041 2553/5031/2553
f 228/280/228 3005/5032/3005 2231/2998/2231
f 228/280/228 2843/4030/2843 229/281/229
f 228/5033/228 227/5034/227 3162/5035/3162
f 228/280/228 2231/2998/2231 2843/4030/2843
f 228/5033/228 3162/5035/3162 3005/4374/3005
f 3248/5036/3248 2352/3570/2352 2354/4382/2354
f 3248/5036/3248 1933/2540/1933 2352/3570/2352
f 3248/5036/3248 2785/3899/2785 1934/2541/1934
f 3248/5036/3248 1934/2541/1934 1933/2540/1933
f 3248/5036/3248 1289/1655/1289 2785/3899/2785
f 3248/5036/3248 2354/4382/2354 1289/1655/1289
f 3177/4770/3177 3249/5037/3249 2257/3039/2257
f 3177/5038/3177 2435/3309/2435 3250/5039/3250
f 3177/4770/3177 3178/4771/3178 2435/3311/2435
f 3177/5038/3177 3250/5039/3250 3249/5040/3249
f 1861/2429/1861 845/5041/845 2438/3315/2438
f 2440/4894/2440 1547/5042/1547 1947/2554/1947
f 3251/5043/3251 2594/5044/2594 3172/4758/3172
f 3251/5043/3251 1552/2026/1552 3227/4929/3227
f 3251/5043/3251 2595/5045/2595 2594/5044/2594
f 3251/5043/3251 3227/4929/3227 2444/3324/2444
f 3251/5043/3251 2444/3324/2444 2595/5045/2595
f 3251/5043/3251 3172/4758/3172 1552/2026/1552
f 274/340/274 276/342/276 2197/2941/2197
f 274/340/274 1314/1682/1314 2793/5046/2793
f 274/340/274 2793/5046/2793 275/341/275
f 274/340/274 2197/2941/2197 1314/1682/1314
f 280/346/280 1444/1860/1444 2198/2943/2198
f 280/346/280 283/349/283 1444/1860/1444
f 2270/3059/2270 2204/2958/2204 2206/2957/2206
f 2270/3059/2270 1591/2077/1591 2204/2958/2204
f 2270/3059/2270 2206/2957/2206 1403/1804/1403
f 3117/4612/3117 2998/4362/2998 2212/2964/2212
f 3117/4612/3117 2212/2964/2212 2211/2963/2211
f 3117/4612/3117 2211/2963/2211 832/1069/832
f 2453/5047/2453 749/4849/749 3202/4848/3202
f 2453/5047/2453 3202/4848/3202 316/385/316
f 320/389/320 323/392/323 1976/2595/1976
f 2946/5048/2946 2947/4482/2947 1979/5049/1979
f 2946/5022/2946 1979/2598/1979 3060/4487/3060
f 1594/2081/1594 3174/5050/3174 1595/2082/1595
f 949/1219/949 72/87/72 950/1220/950
f 949/1219/949 73/88/73 72/87/72
f 2102/4098/2102 2874/4097/2874 3252/5051/3252
f 2102/2794/2102 3252/5052/3252 2103/2795/2103
f 3249/5040/3249 2519/3458/2519 1294/3460/1294
f 3249/5037/3249 1294/4161/1294 2257/3039/2257
f 3249/5040/3249 3250/5039/3250 2519/3458/2519
f 845/5041/845 3153/4689/3153 2438/3315/2438
f 845/5041/845 3168/5053/3168 3153/4689/3153
f 2108/2801/2108 2805/5054/2805 848/1094/848
f 2108/2801/2108 848/1094/848 847/1093/847
f 2108/2801/2108 1760/2296/1760 2805/5054/2805
f 3253/5055/3253 2532/3477/2532 2531/3476/2531
f 3253/5055/3253 2531/3476/2531 3254/5056/3254
f 3253/5055/3253 3255/5057/3255 2532/3477/2532
f 3253/5055/3253 2567/3540/2567 500/642/500
f 3253/5055/3253 500/642/500 3255/5057/3255
f 3253/5055/3253 3254/5056/3254 2567/3540/2567
f 276/342/276 989/1272/989 3256/5058/3256
f 276/342/276 3256/5058/3256 2197/2941/2197
f 3209/4862/3209 630/800/630 2591/3583/2591
f 3209/4862/3209 2591/3583/2591 2590/3582/2590
f 3209/4862/3209 281/2945/281 630/800/630
f 2644/3665/2644 2956/4674/2956 290/5059/290
f 2644/3665/2644 290/5059/290 288/3666/288
f 295/361/295 1327/1698/1327 1563/2040/1563
f 2451/3336/2451 1334/1706/1334 2124/2821/2124
f 969/1247/969 972/1252/972 3000/4365/3000
f 2488/3401/2488 446/560/446 1830/2391/1830
f 2488/3401/2488 2487/3400/2487 983/1266/983
f 1895/3301/1895 3042/4892/3042 2429/3302/2429
f 687/877/687 1399/1801/1399 1398/1800/1398
f 687/877/687 1398/1800/1398 329/398/329
f 1905/3355/1905 1902/3827/1902 2462/3356/2462
f 2846/5010/2846 2468/3366/2468 858/1107/858
f 2846/5010/2846 858/1107/858 854/1106/854
f 2968/4310/2968 348/430/348 350/429/350
f 2968/4310/2968 350/429/350 2935/5060/2935
f 2469/3374/2469 2315/3118/2315 2470/3375/2470
f 2469/3377/2469 356/445/356 2972/4315/2972
f 956/5061/956 837/4055/837 2194/2934/2194
f 956/5061/956 2194/2934/2194 1690/2933/1690
f 376/469/376 3257/5062/3257 377/470/377
f 376/469/376 3167/5063/3167 3257/5062/3257
f 376/5064/376 373/3214/373 3167/4737/3167
f 389/3495/389 2542/3494/2542 2865/5065/2865
f 1249/1603/1249 1248/1602/1248 2082/2755/2082
f 1249/1603/1249 2082/2755/2082 2079/2750/2079
f 1249/1603/1249 2079/2750/2079 865/1116/865
f 2483/4084/2483 1377/1764/1377 703/5066/703
f 2310/3741/2310 2987/4343/2987 1077/1387/1077
f 2310/3741/2310 1077/1387/1077 2087/2765/2087
f 2310/3741/2310 2311/5017/2311 2987/4343/2987
f 2092/5067/2092 3004/4373/3004 3003/4372/3003
f 2092/5067/2092 3003/4372/3003 2872/5029/2872
f 1959/2570/1959 1958/2569/1958 2711/5068/2711
f 1959/2570/1959 2711/5068/2711 2493/3411/2493
f 2203/5069/2203 2204/5070/2204 2965/4300/2965
f 2203/5069/2203 2965/4300/2965 2994/4357/2994
f 2203/5069/2203 2994/4357/2994 3258/5071/3258
f 2203/5069/2203 3258/5071/3258 1447/5072/1447
f 1131/1447/1131 833/1070/833 834/1071/834
f 1131/1447/1131 1133/1449/1133 833/1070/833
f 1131/1447/1131 834/1071/834 2210/4597/2210
f 2215/2968/2215 241/299/241 238/296/238
f 2215/2968/2215 2214/2973/2214 241/299/241
f 2221/2982/2221 2786/3901/2786 2787/3902/2787
f 2221/2982/2221 2787/3902/2787 3232/5073/3232
f 2221/2977/2221 3232/4938/3232 2222/2978/2222
f 3058/4479/3058 1801/2350/1801 1797/2346/1797
f 3058/4479/3058 3091/4548/3091 1801/2350/1801
f 3058/4479/3058 1797/2346/1797 3059/4480/3059
f 3058/4479/3058 1363/1750/1363 3091/4548/3091
f 1475/1903/1475 1036/1334/1036 2227/5074/2227
f 1158/2824/1158 2126/2823/2126 2741/5075/2741
f 1169/1491/1169 3006/4375/3006 2129/2829/2129
f 3010/4381/3010 3009/4379/3009 2864/4068/2864
f 3010/4381/3010 2864/4068/2864 3192/4818/3192
f 1937/2544/1937 1939/2546/1939 2836/4271/2836
f 1937/2544/1937 2951/4273/2951 751/965/751
f 3259/5076/3259 263/5077/263 262/4388/262
f 3259/5076/3259 3260/5078/3260 2838/4022/2838
f 3259/5076/3259 2838/4022/2838 3261/5079/3261
f 3259/5076/3259 262/4388/262 3260/5078/3260
f 3259/5076/3259 3262/5080/3262 263/5077/263
f 3259/5076/3259 3261/5079/3261 3262/5080/3262
f 1513/1968/1513 3103/4578/3103 1514/1969/1514
f 114/144/114 3257/5062/3257 115/145/115
f 114/144/114 377/470/377 3257/5062/3257
f 114/144/114 116/146/116 2009/2647/2009
f 2540/3485/2540 1230/5081/1230 3263/5082/3263
f 2540/3489/2540 1354/3488/1354 501/643/501
f 2540/3485/2540 3263/5082/3263 1792/2338/1792
f 2540/3489/2540 501/643/501 1231/5083/1231
f 2540/5084/2540 1231/1579/1231 1230/1578/1230
f 13/17/13 2667/5085/2667 2666/3814/2666
f 13/17/13 10/13/10 2667/5085/2667
f 2798/3927/2798 882/1137/882 131/161/131
f 2798/3927/2798 569/723/569 882/1137/882
f 2022/2857/2022 2758/3860/2758 2756/3858/2756
f 2022/2857/2022 2756/3858/2756 2147/2858/2147
f 3194/4831/3194 1297/1663/1297 143/173/143
f 3194/4831/3194 1755/2289/1755 1299/1665/1299
f 3194/4831/3194 1299/1665/1299 1297/1663/1297
f 3194/4831/3194 1756/2290/1756 1755/2289/1755
f 2547/3503/2547 848/5086/848 2159/2874/2159
f 2547/3503/2547 850/3507/850 848/5086/848
f 1016/5087/1016 2551/3508/2551 1017/4166/1017
f 1016/5087/1016 2357/3509/2357 2551/3508/2551
f 530/5088/530 1980/5089/1980 3027/5090/3027
f 530/5088/530 3027/5090/3027 533/4941/533
f 2584/3572/2584 2688/3737/2688 3126/4624/3126
f 2584/3572/2584 3126/4624/3126 2353/3182/2353
f 1985/2608/1985 1015/4845/1015 1014/4417/1014
f 890/1145/890 195/242/195 2185/2920/2185
f 65/80/65 202/250/202 1046/1349/1046
f 65/80/65 1573/2052/1573 202/250/202
f 65/80/65 64/79/64 1573/2052/1573
f 65/80/65 1046/1349/1046 66/81/66
f 1426/1838/1426 2054/2709/2054 2973/5091/2973
f 1426/3956/1426 2973/4318/2973 1743/2274/1743
f 1426/3956/1426 1743/2274/1743 1742/2273/1742
f 216/266/216 2011/2649/2011 2009/2647/2009
f 1008/1298/1008 3148/4672/3148 1009/1299/1009
f 2891/5092/2891 2497/3419/2497 1302/4210/1302
f 2891/5092/2891 635/807/635 2497/3419/2497
f 2891/4132/2891 2881/4134/2881 635/5093/635
f 1567/2046/1567 3185/4788/3185 1569/2048/1569
f 1567/2046/1567 2958/4288/2958 3185/4788/3185
f 3211/4864/3211 3264/5094/3264 3212/4865/3212
f 3211/4864/3211 3265/5095/3265 3264/5094/3264
f 3211/4864/3211 1166/1488/1166 2646/3673/2646
f 3211/4864/3211 2646/3673/2646 3265/5095/3265
f 664/846/664 52/63/52 53/64/53
f 664/846/664 666/850/666 2649/3676/2649
f 670/854/670 671/855/671 2536/3481/2536
f 2895/4147/2895 874/1127/874 873/1130/873
f 2895/4147/2895 3241/4979/3241 874/1127/874
f 2895/4147/2895 873/1130/873 2333/3151/2333
f 2895/4147/2895 685/875/685 3241/4979/3241
f 1656/2163/1656 2014/2684/2014 2039/2683/2039
f 1309/1676/1309 1311/1678/1311 2792/3911/2792
f 1309/1676/1309 2793/3912/2793 1310/1677/1310
f 1540/2010/1540 2794/4927/2794 2025/2665/2025
f 1551/2025/1551 3227/4929/3227 1552/2026/1552
f 2673/3713/2673 3035/4424/3035 721/928/721
f 2673/3713/2673 721/928/721 2674/3714/2674
f 584/740/584 2377/3223/2377 2939/4248/2939
f 1632/2134/1632 743/954/743 1226/1574/1226
f 1632/2134/1632 3234/4955/3234 1633/2135/1633
f 1632/2134/1632 1226/1574/1226 2749/3845/2749
f 1632/2134/1632 2749/3845/2749 3234/4955/3234
f 750/966/750 748/961/748 3193/5096/3193
f 750/964/750 3193/5097/3193 1938/2545/1938
f 756/972/756 755/971/755 2752/3849/2752
f 756/972/756 2752/3849/2752 2085/2761/2085
f 3134/4643/3134 849/1095/849 851/1097/851
f 3134/4643/3134 2550/4163/2550 2607/3610/2607
f 3134/4643/3134 851/1097/851 2550/4163/2550
f 1204/3857/1204 1201/4165/1201 2552/3510/2552
f 2902/4167/2902 1580/2067/1580 1583/2066/1583
f 2902/4167/2902 2351/4234/2351 1580/2067/1580
f 2902/4167/2902 863/4168/863 2351/4234/2351
f 868/1120/868 782/1004/782 783/1006/783
f 868/1120/868 783/1006/783 3261/5079/3261
f 868/1120/868 3261/5079/3261 98/123/98
f 1587/5098/1587 2271/4772/2271 2762/3867/2762
f 3266/5099/3266 1267/1624/1267 3142/4663/3142
f 3266/5099/3266 1188/1522/1188 3267/5100/3267
f 3266/5099/3266 3142/4663/3142 1192/1523/1192
f 3266/5099/3266 3267/5100/3267 1267/1624/1267
f 3266/5099/3266 1192/1523/1192 1188/1522/1188
f 505/648/505 2908/4179/2908 506/649/506
f 505/5101/505 508/3521/508 2907/4940/2907
f 805/1037/805 2766/3873/2766 2013/2651/2013
f 2192/2930/2192 1608/2100/1608 2768/3875/2768
f 50/60/50 1922/2519/1922 2770/4703/2770
f 430/533/430 3073/4515/3073 431/534/431
f 2399/3256/2399 2306/3106/2306 2304/3104/2304
f 2399/3256/2399 2400/3258/2400 2306/3106/2306
f 439/550/439 3059/4480/3059 440/551/440
f 2149/5102/2149 2404/3266/2404 2150/5103/2150
f 2149/5102/2149 2633/4756/2633 2404/3266/2404
f 466/2246/466 1721/2247/1721 2668/3703/2668
f 466/597/466 2668/5104/2668 10/13/10
f 1725/2252/1725 1891/5105/1891 2731/3817/2731
f 1725/2252/1725 2731/3817/2731 470/601/470
f 1041/1340/1041 2733/3819/2733 1501/4448/1501
f 1505/1949/1505 1507/4176/1507 2905/4175/2905
f 1505/1949/1505 2905/4175/2905 2413/4759/2413
f 490/3516/490 1319/5106/1319 3268/5107/3268
f 490/3516/490 3268/5107/3268 2557/3517/2557
f 1673/2184/1673 2913/5108/2913 2909/4181/2909
f 1673/5109/1673 769/985/769 2913/4192/2913
f 504/651/504 3269/5110/3269 507/652/507
f 504/651/504 1968/2825/1968 3269/5110/3269
f 35/4811/35 511/658/511 36/5111/36
f 35/4811/35 38/5112/38 1683/4812/1683
f 518/665/518 3190/4814/3190 521/668/521
f 51/62/51 52/63/52 2650/3677/2650
f 51/62/51 2650/3677/2650 820/1052/820
f 1014/1304/1014 1012/1302/1012 2657/3686/2657
f 1782/2326/1782 1388/1782/1388 2357/3509/2357
f 1782/2326/1782 1784/2325/1784 1388/1782/1388
f 551/698/551 1850/2417/1850 552/699/552
f 551/698/551 555/703/555 2661/3692/2661
f 1360/1747/1360 3228/4930/3228 1361/1748/1361
f 1614/2106/1614 1615/2107/1615 3229/4933/3229
f 1614/2106/1614 3229/4933/3229 2706/3769/2706
f 1729/4906/1729 2774/3884/2774 622/790/622
f 583/1067/583 1966/2582/1966 585/1829/585
f 1051/1357/1051 657/834/657 1742/2273/1742
f 1053/1361/1053 1057/1365/1057 2005/2643/2005
f 1053/1361/1053 2711/3786/2711 1054/1362/1054
f 138/168/138 1062/3939/1062 2807/3938/2807
f 138/168/138 135/165/135 1062/3939/1062
f 138/168/138 2807/3938/2807 3256/5058/3256
f 138/168/138 3256/5058/3256 989/1272/989
f 601/3464/601 3201/4883/3201 2522/3465/2522
f 416/5113/416 418/2187/418 647/821/647
f 614/775/614 2806/3935/2806 2031/3403/2031
f 614/778/614 426/525/426 615/779/615
f 614/775/614 2031/3403/2031 426/5114/426
f 614/775/614 155/188/155 2806/3935/2806
f 1811/2364/1811 619/785/619 618/789/618
f 1811/2364/1811 1812/2365/1812 3270/5115/3270
f 1811/2364/1811 3270/5115/3270 619/785/619
f 2046/2694/2046 2045/2693/2045 3093/5116/3093
f 2551/3508/2551 2552/3510/2552 1017/4166/1017
f 2950/4722/2950 3099/5117/3099 2970/4311/2970
f 2950/4722/2950 2952/5118/2952 3099/5117/3099
f 1995/2624/1995 651/831/651 654/830/654
f 1995/2624/1995 2390/3244/2390 1942/2625/1942
f 2330/3147/2330 2579/3556/2579 964/1237/964
f 1230/5081/1230 2013/5119/2013 3263/5082/3263
f 1230/5120/1230 382/477/382 2013/2651/2013
f 2982/4336/2982 2298/5121/2298 3271/5122/3271
f 2982/4336/2982 3271/5122/3271 2983/4337/2983
f 3272/5123/3272 3199/4837/3199 3198/4836/3198
f 3272/5123/3272 2803/3932/2803 2802/3931/2802
f 3272/5123/3272 3198/4836/3198 3240/4978/3240
f 3272/5123/3272 3240/4978/3240 2803/3932/2803
f 3272/5123/3272 2802/3931/2802 3199/4837/3199
f 703/5066/703 1377/1764/1377 3247/5027/3247
f 703/5066/703 3247/5027/3247 705/5124/705
f 1948/2555/1948 1949/2556/1949 2525/5125/2525
f 2305/3105/2305 2303/3103/2303 109/139/109
f 2305/4896/2305 2529/3474/2529 1152/1474/1152
f 2447/5126/2447 3222/4902/3222 2542/3494/2542
f 2447/5126/2447 2542/3494/2542 2448/3493/2448
f 2447/5126/2447 2446/4903/2446 3222/4902/3222
f 2450/3335/2450 2635/3653/2635 2123/4282/2123
f 2450/3335/2450 1129/1445/1129 2635/3653/2635
f 2741/5075/2741 2126/2823/2126 1333/1707/1333
f 1487/3443/1487 2514/3442/2514 1337/1719/1337
f 384/480/384 3015/4392/3015 385/481/385
f 2504/3429/2504 1606/2454/1606 1605/5127/1605
f 2504/3429/2504 2139/4426/2139 2505/3430/2505
f 2504/3429/2504 2507/3432/2507 3246/5018/3246
f 2504/3429/2504 3246/5018/3246 1606/2454/1606
f 2504/3429/2504 1605/5127/1605 2139/4426/2139
f 455/577/455 3230/4935/3230 3036/4428/3036
f 1883/2466/1883 1885/5128/1885 2152/2865/2152
f 1883/2466/1883 2804/3933/2804 1884/2467/1884
f 2157/2872/2157 2549/3505/2549 2548/3504/2548
f 3039/4434/3039 2991/4351/2991 2990/4347/2990
f 3039/4431/3039 2990/4937/2990 1784/2325/1784
f 3039/4431/3039 1784/2325/1784 3040/4432/3040
f 2385/4564/2385 2571/5129/2571 3098/4565/3098
f 2687/3734/2687 758/1090/758 2261/3735/2261
f 493/631/493 1403/1804/1403 2206/2957/2206
f 493/3518/493 2556/3515/2556 1404/4445/1404
f 493/631/493 1404/1805/1404 1403/1804/1403
f 2848/4449/2848 3046/4451/3046 3187/4809/3187
f 1625/2126/1625 1215/1558/1215 1214/1557/1214
f 1920/2514/1920 364/4455/364 361/4050/361
f 2195/2937/2195 3256/5058/3256 2807/3938/2807
f 2195/2937/2195 2197/2941/2197 3256/5058/3256
f 629/799/629 2591/3583/2591 630/800/630
f 2885/4115/2885 3242/4988/3242 2886/4116/2886
f 2885/4115/2885 3243/4989/3243 3242/4988/3242
f 2885/4115/2885 1450/4118/1450 3258/5071/3258
f 2885/4115/2885 3258/5071/3258 3243/4989/3243
f 1459/1880/1459 3054/4472/3054 2958/4287/2958
f 1459/1880/1459 2958/4287/2958 1818/2375/1818
f 3055/4474/3055 2888/4122/2888 560/708/560
f 3055/4476/3055 3000/4365/3000 972/1252/972
f 3055/4474/3055 560/708/560 559/707/559
f 3055/4474/3055 972/5130/972 2888/4122/2888
f 12/16/12 2823/5131/2823 3150/5132/3150
f 12/19/12 3150/5133/3150 15/20/15
f 12/16/12 1528/4198/1528 2823/5131/2823
f 3002/4371/3002 2915/4201/2915 3141/5134/3141
f 3002/4371/3002 2916/4202/2916 2915/4201/2915
f 3002/4371/3002 3141/5134/3141 3140/5135/3140
f 3002/4371/3002 3140/5135/3140 3003/4372/3003
f 3071/4712/3071 3043/4441/3043 3041/4439/3041
f 3005/4374/3005 3273/5136/3273 3006/4375/3006
f 3005/5032/3005 1279/1639/1279 2231/2998/2231
f 3005/4374/3005 3162/5035/3162 3273/5136/3273
f 235/291/235 1841/2405/1841 2098/2789/2098
f 235/291/235 2098/2789/2098 1688/2200/1688
f 235/291/235 234/293/234 1841/2405/1841
f 2482/3392/2482 1617/2110/1617 1611/2112/1611
f 2482/3392/2482 400/498/400 1617/2110/1617
f 3226/4924/3226 1312/1680/1312 2884/4110/2884
f 3226/4924/3226 2884/4110/2884 1854/2421/1854
f 3226/4924/3226 245/303/245 1312/1680/1312
f 3152/4687/3152 3153/4689/3153 3168/5053/3168
f 3152/4687/3152 3029/5137/3029 1317/4688/1317
f 3152/5138/3152 3168/5139/3168 3030/5140/3030
f 3152/5138/3152 3030/5140/3030 3029/5141/3029
f 1869/3919/1869 1003/1292/1003 1002/1291/1002
f 827/1060/827 2457/3347/2457 828/1061/828
f 1741/4317/1741 3121/4617/3121 2680/4616/2680
f 1741/2272/1741 2680/5142/2680 1744/2275/1744
f 2974/4326/2974 241/4325/241 2214/2966/2214
f 2974/4326/2974 2214/2966/2214 592/2280/592
f 2974/4322/2974 592/748/592 591/747/591
f 2974/4322/2974 591/747/591 2975/4323/2975
f 598/754/598 595/751/595 644/818/644
f 2875/4100/2875 2876/4101/2876 1539/2009/1539
f 2263/3246/2263 1385/1774/1385 1382/4618/1382
f 2263/3246/2263 1384/5143/1384 3274/5144/3274
f 857/5145/857 2161/2880/2161 2659/5146/2659
f 411/509/411 2259/3045/2259 412/510/412
f 786/1010/786 876/3618/876 1777/2314/1777
f 880/4982/880 2614/4240/2614 2934/4241/2934
f 880/1135/880 3065/4500/3065 881/1136/881
f 2980/4334/2980 2618/3630/2618 1698/2211/1698
f 1798/2347/1798 2704/3767/2704 1799/2348/1799
f 1804/3089/1804 2291/3088/2291 1805/5147/1805
f 1651/2158/1651 3275/5148/3275 2249/3026/2249
f 1651/2158/1651 1650/2157/1650 3275/5148/3275
f 1651/2158/1651 2249/3026/2249 717/921/717
f 2734/5149/2734 2736/4967/2736 2297/3097/2297
f 2734/3820/2734 3186/5150/3186 1659/2169/1659
f 2734/3820/2734 1659/2169/1659 2735/3821/2735
f 2734/5149/2734 2297/3097/2297 3186/4805/3186
f 1120/1436/1120 338/411/338 1147/3825/1147
f 944/5151/944 1683/2195/1683 2314/3117/2314
f 521/668/521 3190/4814/3190 3080/4524/3080
f 521/668/521 3080/4524/3080 2782/3896/2782
f 957/1229/957 663/844/663 2326/3140/2326
f 957/1229/957 665/847/665 663/844/663
f 957/1229/957 2326/3140/2326 958/1230/958
f 957/1229/957 955/1227/955 665/847/665
f 3191/4816/3191 2579/3556/2579 2396/3253/2396
f 3191/4815/3191 2828/4003/2828 1837/2399/1837
f 3191/4816/3191 2396/3253/2396 2828/4004/2828
f 309/375/309 307/373/307 2580/3559/2580
f 1704/2223/1704 2761/3865/2761 1705/2224/1705
f 1704/2223/1704 2762/3866/2762 2761/3865/2761
f 2868/4077/2868 2585/3576/2585 2586/3575/2586
f 2868/4709/2868 3124/4622/3124 3123/4621/3123
f 2868/4709/2868 2586/5152/2586 3124/4622/3124
f 2899/4823/2899 2239/3010/2239 2900/5153/2900
f 776/993/776 1584/2068/1584 2756/3858/2756
f 3276/5154/3276 1849/2416/1849 1848/2415/1848
f 3276/5154/3276 100/700/100 1849/2416/1849
f 3276/5155/3276 1848/4553/1848 101/126/101
f 3276/5155/3276 101/126/101 100/125/100
f 3026/4410/3026 1267/1624/1267 3267/5100/3267
f 3026/4410/3026 3181/4775/3181 2659/5146/2659
f 3026/4410/3026 3267/5100/3267 3181/4775/3181
f 3026/4410/3026 2659/5146/2659 2161/2880/2161
f 1026/1321/1026 1027/1322/1027 3277/5156/3277
f 1026/1321/1026 3277/5156/3277 897/4419/897
f 1026/1321/1026 897/4419/897 893/4875/893
f 3019/4397/3019 3018/4396/3018 1921/2517/1921
f 2771/3882/2771 1690/2202/1690 2193/2936/2193
f 2771/3880/2771 2193/2932/2193 3183/4783/3183
f 2771/3882/2771 1691/2203/1691 1690/2202/1690
f 2771/3880/2771 3183/4783/3183 2772/3881/2772
f 194/241/194 2857/4060/2857 2858/4059/2858
f 194/241/194 2185/2920/2185 195/242/195
f 202/250/202 200/1350/200 1046/1349/1046
f 2866/4071/2866 2864/4075/2864 3009/4562/3009
f 3235/4957/3235 2715/3790/2715 3143/4664/3143
f 3235/4957/3235 2750/3847/2750 2715/3790/2715
f 3235/4957/3235 2684/3730/2684 2750/3847/2750
f 3216/4882/3216 2522/3465/2522 3201/4883/3201
f 1080/1391/1080 764/980/764 3102/4575/3102
f 1086/1398/1086 106/131/106 2265/3052/2265
f 1086/1398/1086 2265/3052/2265 2267/3054/2267
f 1086/1398/1086 2267/3054/2267 1087/1399/1087
f 1086/1398/1086 1082/1394/1082 106/131/106
f 2426/3297/2426 965/1240/965 113/143/113
f 2426/3298/2426 2724/4581/2724 965/5157/965
f 675/862/675 1411/1815/1411 679/866/679
f 3278/5158/3278 3107/4588/3107 1783/2322/1783
f 3278/5159/3278 3279/5160/3279 3280/5161/3280
f 3278/5158/3278 1783/2322/1783 1781/2320/1781
f 3278/5158/3278 3280/5162/3280 3107/4588/3107
f 3278/5158/3278 1781/2320/1781 2765/3870/2765
f 3278/5158/3278 2765/3870/2765 3279/5163/3279
f 2917/4208/2917 1370/1757/1370 3206/4858/3206
f 2917/4208/2917 137/167/137 1370/1757/1370
f 1297/1663/1297 2405/3267/2405 143/173/143
f 152/185/152 2805/3934/2805 1760/2295/1760
f 2208/2960/2208 1324/5164/1324 1323/4599/1323
f 2208/2960/2208 2212/2964/2212 2997/4361/2997
f 2208/2960/2208 1323/4599/1323 2209/2961/2209
f 2208/2960/2208 2997/4361/2997 1324/5164/1324
f 3281/5165/3281 3242/4988/3242 1149/4991/1149
f 3281/5166/3281 1148/3824/1148 2557/3826/2557
f 3281/5165/3281 2886/4116/2886 3242/4988/3242
f 3281/5165/3281 2557/3517/2557 3268/5107/3268
f 3281/5166/3281 1149/5167/1149 1148/3824/1148
f 3281/5165/3281 3268/5107/3268 2886/4116/2886
f 1160/1482/1160 3173/4762/3173 1162/1484/1162
f 3006/4375/3006 3273/5136/3273 2129/2829/2129
f 209/259/209 3237/4975/3237 210/260/210
f 209/5168/209 212/837/212 3113/4605/3113
f 209/5168/209 3113/4605/3113 3237/4972/3237
f 3115/4608/3115 1179/1507/1179 1578/2058/1578
f 3115/4608/3115 1180/1508/1180 1179/1507/1179
f 3115/4608/3115 2537/4766/2537 1180/1508/1180
f 436/544/436 2398/5169/2398 437/545/437
f 436/544/436 2400/3951/2400 2398/5169/2398
f 1359/1897/1359 567/720/567 566/719/566
f 3170/4750/3170 1190/1524/1190 1192/1523/1192
f 3170/4750/3170 3141/4662/3141 2915/4751/2915
f 3170/4750/3170 3142/4663/3142 3141/4662/3141
f 3170/4750/3170 1192/1523/1192 3142/4663/3142
f 1369/3263/1369 2585/3576/2585 1713/2238/1713
f 279/345/279 2589/3585/2589 282/348/282
f 1544/2015/1544 2410/3273/2410 1545/2016/1545
f 2594/5044/2594 714/5170/714 267/330/267
f 2594/5044/2594 267/330/267 3172/4758/3172
f 2919/4600/2919 166/204/166 164/202/164
f 3146/4670/3146 2642/3662/2642 3147/4671/3147
f 3146/4670/3146 93/5171/93 2643/3663/2643
f 3146/4670/3146 2643/3663/2643 2642/3662/2642
f 3146/4670/3146 2920/4673/2920 93/5171/93
f 2996/4360/2996 1324/5164/1324 2997/4361/2997
f 2996/4654/2996 3139/4653/3139 1325/1696/1325
f 2996/4654/2996 1325/1696/1325 1324/1695/1324
f 1419/1823/1419 3282/5172/3282 3173/4762/3173
f 1419/1823/1419 507/652/507 3269/5110/3269
f 1419/1823/1419 3269/5110/3269 3282/5172/3282
f 2422/3292/2422 2421/3291/2421 3100/4572/3100
f 2422/3292/2422 3100/4572/3100 650/4225/650
f 951/1221/951 2929/4633/2929 952/1222/952
f 951/3295/951 2425/3296/2425 2929/4229/2929
f 951/5173/951 660/839/660 659/838/659
f 79/95/79 80/97/80 869/1121/869
f 540/687/540 2698/3754/2698 541/688/541
f 2614/3619/2614 1892/2481/1892 1890/2478/1890
f 2361/5174/2361 1991/2616/1991 1988/2611/1988
f 2361/3194/2361 554/702/554 556/704/556
f 1615/2111/1615 1617/2110/1617 398/496/398
f 1623/2123/1623 2371/3216/2371 575/3777/575
f 728/5175/728 729/939/729 3016/4393/3016
f 3021/4402/3021 2517/5176/2517 2335/3156/2335
f 3021/4402/3021 2335/3156/2335 2334/3155/2334
f 642/5177/642 2167/5178/2167 645/2086/645
f 2389/3243/2389 1507/1957/1507 1504/1956/1504
f 2389/3243/2389 2904/4170/2904 1507/1957/1507
f 2389/3243/2389 1504/1956/1504 2390/3244/2390
f 3283/5179/3283 2611/3614/2611 1523/1982/1523
f 3283/5179/3283 1523/1982/1523 1521/5180/1521
f 3283/5179/3283 1647/2153/1647 2611/3614/2611
f 3283/5181/3283 1521/1979/1521 2394/3250/2394
f 3283/5179/3283 2945/5182/2945 1647/2153/1647
f 3283/5183/3283 2394/4264/2394 2945/4263/2945
f 619/785/619 3270/5115/3270 1185/1514/1185
f 1141/1457/1141 3271/5184/3271 2298/3098/2298
f 1141/1457/1141 3159/4707/3159 3271/5184/3271
f 1662/3538/1662 1885/2469/1885 1668/2471/1668
f 1662/3538/1662 2151/2863/2151 1885/2469/1885
f 2778/3889/2778 2567/3540/2567 3254/5056/3254
f 2778/3889/2778 3254/5056/3254 2779/3891/2779
f 3185/4788/3185 2500/3425/2500 1569/2048/1569
f 3185/4788/3185 2958/4288/2958 3054/4789/3054
f 2319/5185/2319 2647/3674/2647 2648/3675/2648
f 2319/5185/2319 2648/3675/2648 2320/5186/2320
f 3088/5187/3088 1972/2590/1972 2627/4962/2627
f 3088/4545/3088 2627/3641/2627 2626/3640/2626
f 3088/4545/3088 1973/2981/1973 1972/5188/1972
f 1702/2220/1702 1106/3567/1106 3132/4639/3132
f 1702/2220/1702 3132/4639/3132 1706/2225/1706
f 2150/5103/2150 2404/3266/2404 1255/3265/1255
f 2150/2861/2150 1255/1609/1255 1253/1607/1253
f 314/381/314 3202/4848/3202 2284/3078/2284
f 314/381/314 316/385/316 3202/4848/3202
f 1132/4965/1132 2730/3816/2730 1452/1873/1452
f 1132/4965/1132 3208/5189/3208 2730/3816/2730
f 717/921/717 2249/3026/2249 719/925/719
f 1045/1347/1045 3219/4893/3219 68/4684/68
f 1045/1347/1045 487/623/487 3219/4893/3219
f 1045/1347/1045 200/247/200 487/623/487
f 2000/2640/2000 3233/4954/3233 2679/3722/2679
f 2000/2640/2000 2002/2639/2002 3233/4954/3233
f 2000/2634/2000 2680/4616/2680 2001/2635/2001
f 1375/1762/1375 255/317/255 1755/2289/1755
f 1375/1762/1375 1755/2289/1755 1376/1763/1376
f 1383/1775/1383 1385/1774/1385 3274/5144/3274
f 1383/1775/1383 3274/5144/3274 1384/5143/1384
f 106/131/106 1082/1394/1082 110/137/110
f 3213/4870/3213 3066/4503/3066 3214/4871/3214
f 3213/4870/3213 3215/4872/3215 3067/4504/3067
f 3213/4870/3213 3067/4504/3067 3066/4503/3066
f 787/5190/787 2966/5009/2966 2810/3948/2810
f 2660/3689/2660 3180/5191/3180 1488/1928/1488
f 2660/5192/2660 3181/4775/3181 3180/4774/3180
f 2660/5192/2660 2659/5146/2659 3181/4775/3181
f 1792/5193/1792 1794/4630/1794 2541/5194/2541
f 1792/2338/1792 3263/5082/3263 1793/2339/1793
f 2285/3081/2285 2284/3078/2284 3202/4848/3202
f 2455/3344/2455 909/1168/909 906/1164/906
f 2455/3344/2455 3095/4559/3095 909/1168/909
f 2455/3344/2455 1976/2595/1976 3095/4559/3095
f 589/745/589 1880/3235/1880 590/746/590
f 2210/4597/2210 834/1071/834 2211/5195/2211
f 2645/3669/2645 2218/2971/2218 2217/2970/2217
f 2645/3669/2645 2819/3979/2819 2218/2971/2218
f 1823/2381/1823 1339/1717/1339 1337/1719/1337
f 1823/2381/1823 2514/3442/2514 1824/2382/1824
f 1823/2381/1823 1822/2385/1822 1339/1717/1339
f 1823/2381/1823 1337/1719/1337 2514/3442/2514
f 2824/3996/2824 1527/1991/1527 420/518/420
f 2824/3996/2824 420/518/420 419/517/419
f 2291/4001/2291 1616/2108/1616 1805/5196/1805
f 60/75/60 59/71/59 1271/1628/1271
f 1849/2416/1849 100/700/100 552/699/552
f 1849/2416/1849 552/699/552 1850/2417/1850
f 2434/3308/2434 249/307/249 248/306/248
f 2434/3308/2434 248/306/248 247/305/247
f 3153/4689/3153 2235/4484/2235 2438/3315/2438
f 3155/4692/3155 3260/5078/3260 3013/4387/3013
f 3155/4692/3155 2839/4023/2839 3260/5078/3260
f 3155/4692/3155 556/4024/556 2839/4023/2839
f 2134/2838/2134 1092/2839/1092 3203/4852/3203
f 2134/2838/2134 3203/4852/3203 1519/1976/1519
f 1606/2454/1606 3246/5018/3246 1875/2455/1875
f 396/494/396 2481/3391/2481 3284/5197/3284
f 396/494/396 3165/4721/3165 399/497/399
f 396/494/396 3284/5197/3284 3165/4721/3165
f 3036/4428/3036 3230/4935/3230 3037/4429/3037
f 144/174/144 1884/2467/1884 145/175/145
f 144/178/144 141/177/141 1667/2177/1667
f 150/183/150 3025/4408/3025 3024/4407/3024
f 1595/2082/1595 983/1266/983 1596/2083/1596
f 1595/2082/1595 3174/5050/3174 3094/4555/3094
f 2414/3282/2414 2415/3281/2415 3187/4809/3187
f 178/219/178 1906/2498/1906 181/224/181
f 2178/4124/2178 968/1245/968 2610/3613/2610
f 2178/4124/2178 971/1250/971 968/1245/968
f 1909/2502/1909 801/3872/801 2857/4951/2857
f 2861/4064/2861 3048/4453/3048 2862/4065/2862
f 1175/1499/1175 1220/1565/1220 45/54/45
f 369/458/369 2143/2850/2143 908/1167/908
f 3180/4777/3180 2419/3289/2419 1489/3444/1489
f 3180/5191/3180 1489/1929/1489 1488/1928/1488
f 1689/2201/1689 1688/2200/1688 2098/2789/2098
f 1039/1337/1039 1722/4099/1722 1211/1552/1211
f 1039/1337/1039 1211/1552/1211 1042/1342/1042
f 843/1086/843 2720/3795/2720 2605/3608/2605
f 843/1086/843 1862/2430/1862 2720/3795/2720
f 263/326/263 3262/5198/3262 2391/3245/2391
f 2532/3477/2532 3255/5057/3255 1154/1475/1154
f 1736/2267/1736 1735/2266/1735 2123/2818/2123
f 1700/2214/1700 1698/3626/1698 2188/2923/2188
f 2960/4290/2960 440/551/440 3059/4480/3059
f 2960/4290/2960 3059/4480/3059 1797/2346/1797
f 2894/4142/2894 323/392/323 322/391/322
f 2894/4142/2894 1977/2596/1977 323/392/323
f 326/5199/326 3156/4697/3156 3027/5090/3027
f 326/5199/326 325/4698/325 3156/4697/3156
f 336/412/336 1196/5200/1196 2464/3360/2464
f 336/408/336 2992/5201/2992 1196/5202/1196
f 336/408/336 2993/4990/2993 2992/5201/2992
f 336/408/336 927/1191/927 2993/4990/2993
f 1412/1816/1412 3196/4834/3196 1413/1817/1413
f 2569/3543/2569 349/427/349 348/426/348
f 2569/3543/2569 939/5203/939 349/427/349
f 3120/4615/3120 3062/4494/3062 2745/3838/2745
f 3120/4615/3120 2560/3527/2560 3062/4494/3062
f 2010/2648/2010 378/474/378 379/472/379
f 128/158/128 129/159/129 2379/3226/2379
f 3285/5204/3285 417/515/417 2722/3797/2722
f 3285/5204/3285 2262/3050/2262 1678/4959/1678
f 3285/5204/3285 1678/4959/1678 418/516/418
f 3285/5204/3285 2722/3797/2722 2262/3050/2262
f 3285/5204/3285 418/516/418 417/515/417
f 426/525/426 425/528/425 615/779/615
f 720/5205/720 2674/3714/2674 721/928/721
f 3015/4392/3015 729/939/729 727/936/727
f 3015/4392/3015 727/936/727 385/481/385
f 731/941/731 2940/4250/2940 732/942/732
f 731/941/731 46/55/46 2473/3382/2473
f 731/941/731 2472/3381/2472 2940/4250/2940
f 731/941/731 2473/3382/2473 2472/3381/2472
f 743/954/743 740/956/740 1226/1574/1226
f 3098/4567/3098 2969/4309/2969 3099/4568/3099
f 1582/2065/1582 775/992/775 3214/4871/3214
f 1582/2065/1582 3214/4871/3214 3066/4503/3066
f 2445/5206/2445 780/1005/780 870/1122/870
f 2445/3326/2445 870/5207/870 2269/3057/2269
f 119/4947/119 1602/2093/1602 2280/4948/2280
f 1031/5208/1031 3286/5209/3286 2620/4293/2620
f 1031/5208/1031 816/5210/816 3286/5209/3286
f 2295/3095/2295 916/1178/916 912/1173/912
f 3147/4671/3147 2642/3662/2642 2564/3534/2564
f 3147/4671/3147 1009/1299/1009 3148/4672/3148
f 3147/4671/3147 2564/3534/2564 1009/1299/1009
f 3189/4813/3189 3080/4524/3080 3190/4814/3190
f 961/1239/961 113/143/113 965/1240/965
f 961/1239/961 116/146/116 113/143/113
f 3107/4588/3107 2934/4241/2934 1783/2322/1783
f 3107/4588/3107 3280/5162/3280 1498/1941/1498
f 1311/1678/1311 1537/4590/1537 2792/3911/2792
f 1311/1678/1311 1313/1684/1313 1537/4590/1537
f 2245/3021/2245 3138/4650/3138 2349/3178/2349
f 2245/3021/2245 2689/5003/2689 3138/4650/3138
f 1812/2365/1812 1810/2366/1810 3270/5115/3270
f 2661/3692/2661 555/703/555 2662/3693/2662
f 2281/3074/2281 560/708/560 2888/4122/2888
f 2281/3074/2281 2282/3073/2282 560/708/560
f 2706/3769/2706 3229/4933/3229 3164/4718/3164
f 2706/3769/2706 3164/4718/3164 2670/3706/2670
f 2559/3522/2559 2513/3439/2513 2512/3438/2512
f 2559/3522/2559 1418/1822/1418 2513/3439/2513
f 585/1829/585 1966/2582/1966 1423/1833/1423
f 2715/3790/2715 1638/2142/1638 3143/4664/3143
f 1069/1378/1069 2719/3794/2719 1075/1384/1075
f 1069/1378/1069 2752/3849/2752 2719/3794/2719
f 2805/3934/2805 2159/2876/2159 848/5211/848
f 1766/2303/1766 1764/2301/1764 3122/5212/3122
f 3072/4514/3072 1483/1921/1483 1482/1922/1482
f 3072/4514/3072 434/538/434 431/534/431
f 3072/4514/3072 1482/1922/1482 2723/3801/2723
f 3072/4514/3072 2723/3801/2723 434/538/434
f 3264/5094/3264 3265/5095/3265 2190/5213/2190
f 3264/5214/3264 2190/2928/2190 2189/2925/2189
f 3264/5214/3264 2189/2925/2189 3212/4970/3212
f 2834/4015/2834 449/5215/449 450/4820/450
f 3221/4901/3221 458/586/458 457/582/457
f 3221/4901/3221 457/582/457 3083/4533/3083
f 3221/4901/3221 2631/4900/2631 458/586/458
f 2632/3812/2632 2728/3813/2728 2633/4757/2633
f 2666/3701/2666 1990/2614/1990 3014/5002/3014
f 2666/3814/2666 3014/4389/3014 2729/3815/2729
f 1891/5105/1891 2499/5216/2499 2731/3817/2731
f 483/619/483 2735/3821/2735 484/620/484
f 499/641/499 1354/3488/1354 1155/1476/1155
f 499/641/499 3255/5057/3255 500/642/500
f 499/641/499 501/643/501 1354/3488/1354
f 499/641/499 1154/1475/1154 3255/5057/3255
f 499/641/499 1155/1476/1155 1154/1475/1154
f 3173/4762/3173 3282/5172/3282 1162/1484/1162
f 2129/2829/2129 3273/5136/3273 3161/4904/3161
f 2535/5217/2535 3092/4552/3092 2537/4766/2537
f 2036/2680/2036 2652/3679/2652 1896/3303/1896
f 2039/2683/2039 2040/2685/2040 2430/3304/2430
f 1196/1529/1196 2992/4358/2992 2658/3687/2658
f 1196/1529/1196 2658/3687/2658 1197/1530/1197
f 1196/1533/1196 1195/1527/1195 2464/3359/2464
f 1911/2504/1911 1913/2506/1913 889/2699/889
f 1214/1557/1214 1213/1556/1213 3048/4453/3048
f 2615/5218/2615 2858/4061/2858 2856/4056/2856
f 2615/3624/2615 2856/5219/2856 1788/2332/1788
f 417/515/417 1526/1990/1526 2722/3797/2722
f 417/515/417 420/518/420 1526/1990/1526
f 2991/4350/2991 549/696/549 547/694/547
f 2947/4482/2947 3028/4413/3028 1979/5049/1979
f 2573/3549/2573 1644/2150/1644 985/4666/985
f 2573/3549/2573 985/4666/985 3094/4763/3094
f 1845/2410/1845 1843/2408/1843 2425/3296/2425
f 247/305/247 1855/2422/1855 2435/3309/2435
f 1543/2018/1543 637/5220/637 2879/4104/2879
f 1435/1847/1435 3124/4622/3124 1954/2565/1954
f 1435/1847/1435 1954/2565/1954 1438/1850/1438
f 2635/3653/2635 2636/3654/2636 2818/3974/2818
f 2635/3653/2635 2818/3974/2818 2123/4282/2123
f 2124/2821/2124 1334/1706/1334 2125/2822/2125
f 115/145/115 3257/5062/3257 1352/5221/1352
f 2667/5085/2667 10/13/10 2668/5104/2668
f 882/1137/882 881/1136/881 131/161/131
f 255/317/255 257/319/257 1299/1665/1299
f 255/317/255 1299/1665/1299 1755/2289/1755
f 3143/4664/3143 1638/2142/1638 1637/2141/1637
f 2809/3945/2809 1777/5222/1777 876/1129/876
f 2809/3945/2809 876/1129/876 875/1128/875
f 1216/4668/1216 1572/2051/1572 895/2927/895
f 1923/2521/1923 1429/1841/1429 2059/2717/2059
f 1923/2521/1923 823/2524/823 3032/4421/3032
f 1923/2521/1923 2059/2717/2059 1924/2522/1924
f 2491/3409/2491 1439/1852/1439 1437/1854/1437
f 2491/3409/2491 2113/2807/2113 1439/1852/1439
f 3085/4536/3085 1054/5223/1054 2711/5224/2711
f 3085/4536/3085 3245/5014/3245 1058/5225/1058
f 3085/4536/3085 2711/5224/2711 1958/4537/1958
f 3085/4536/3085 1058/5225/1058 1054/5223/1054
f 2204/5070/2204 1591/5226/1591 2965/4300/2965
f 3273/5136/3273 3162/5035/3162 3161/4904/3161
f 88/2140/88 87/4665/87 1637/2141/1637
f 2641/3660/2641 3011/4384/3011 2837/4021/2837
f 2641/3660/2641 2837/4021/2837 1506/1950/1506
f 2641/3660/2641 2643/5227/2643 3011/4384/3011
f 1055/1363/1055 2495/5228/2495 1056/1364/1056
f 1055/5229/1055 1059/5230/1059 2494/5231/2494
f 3225/4922/3225 2409/3272/2409 2498/3422/2498
f 3225/4922/3225 2410/3273/2410 2409/3272/2409
f 1453/1874/1453 2731/3817/2731 2499/5216/2499
f 1453/1874/1453 1452/1873/1452 2730/3816/2730
f 1453/1871/1453 2499/3423/2499 883/1138/883
f 2217/2974/2217 2219/2972/2219 27/3671/27
f 1824/5232/1824 2927/4223/2927 1825/4790/1825
f 1824/2382/1824 2514/3442/2514 2423/3445/2423
f 1824/2382/1824 2423/3445/2423 2927/5233/2927
f 2961/4292/2961 2508/3433/2508 2509/3434/2509
f 2961/4292/2961 3286/5209/3286 2508/3433/2508
f 2961/4292/2961 2620/4293/2620 3286/5209/3286
f 2961/4292/2961 2509/3434/2509 442/555/442
f 1834/2396/1834 2369/4144/2369 1835/2397/1835
f 1834/3215/1834 575/3777/575 2371/3216/2371
f 3131/4638/3131 1706/2225/1706 3132/4639/3132
f 2836/4271/2836 1640/2145/1640 1639/2144/1639
f 1945/5234/1945 1942/2625/1942 2390/3244/2390
f 1945/5234/1945 2390/3244/2390 1504/1956/1504
f 2391/3245/2391 3262/5198/3262 781/1002/781
f 1867/2444/1867 1515/1971/1515 1512/1966/1512
f 3257/5235/3257 3167/4737/3167 1352/1738/1352
f 2983/4337/2983 2543/3496/2543 1367/1754/1367
f 2983/4337/2983 3271/5122/3271 2543/3496/2543
f 2080/2756/2080 2082/2755/2082 3230/4935/3230
f 1590/4443/1590 1406/5236/1406 1408/4444/1408
f 1590/5237/1590 2966/4301/2966 1591/5226/1591
f 2048/2697/2048 1486/1926/1486 1413/4146/1413
f 2048/4833/2048 1413/1817/1413 3196/4834/3196
f 3046/4451/3046 1501/4448/1501 2733/3819/2733
f 2813/3955/2813 1142/1458/1142 486/5238/486
f 2813/3955/2813 3175/4768/3175 1142/1458/1142
f 2813/3955/2813 1424/1834/1424 1422/1832/1422
f 2813/3955/2813 1422/1832/1422 3175/4768/3175
f 2813/3954/2813 486/622/486 485/621/485
f 2052/2707/2052 2973/5091/2973 2054/2709/2054
f 3096/4560/3096 1431/5239/1431 672/858/672
f 3096/4560/3096 672/858/672 669/857/669
f 3078/4522/3078 2783/3897/2783 2782/3896/2782
f 2785/3899/2785 2323/3132/2323 1935/2542/1935
f 2785/3899/2785 1935/2542/1935 1934/2541/1934
f 1949/2556/1949 1947/2554/1947 1547/5042/1547
f 1949/3470/1949 1547/2020/1547 1546/2019/1546
f 1552/2026/1552 3172/4758/3172 640/814/640
f 1312/1680/1312 1538/2008/1538 1313/1681/1313
f 1312/1680/1312 245/303/245 1538/2008/1538
f 1312/1680/1312 1308/1683/1308 2884/4110/2884
f 2922/4216/2922 2921/4215/2921 1962/2576/1962
f 2786/3901/2786 3089/4546/3089 1099/1412/1099
f 2223/2989/2223 2454/3341/2454 2225/2990/2225
f 2223/2989/2223 1262/1618/1262 1343/1724/1343
f 2223/2989/2223 1343/1724/1343 2454/3341/2454
f 1829/2389/1829 423/3405/423 1830/2390/1830
f 1829/2389/1829 427/5240/427 423/3405/423
f 1829/2389/1829 2289/3084/2289 427/5240/427
f 1980/4412/1980 1979/5049/1979 3028/4413/3028
f 768/984/768 2913/4192/2913 769/985/769
f 768/984/768 2467/4193/2467 2913/4192/2913
f 2470/3375/2470 2315/3118/2315 1684/2196/1684
f 742/952/742 1224/3846/1224 1227/3383/1227
f 2137/2844/2137 2924/4218/2924 3139/4653/3139
f 1874/5241/1874 733/943/733 363/452/363
f 2757/5242/2757 2758/4505/2758 3067/4504/3067
f 2757/5242/2757 3215/4872/3215 773/995/773
f 2757/5242/2757 3067/4504/3067 3215/4872/3215
f 780/1005/780 782/1004/782 870/1122/870
f 1342/1726/1342 940/1206/940 938/1204/938
f 699/893/699 1118/1434/1118 2339/3161/2339
f 699/893/699 2339/3161/2339 1952/4148/1952
f 699/893/699 696/889/696 1118/1434/1118
f 3099/4568/3099 2969/4309/2969 2970/5243/2970
f 2736/4967/2736 486/5238/486 1142/1458/1142
f 2886/4116/2886 3268/5107/3268 1561/4117/1561
f 2501/3426/2501 3265/5095/3265 2646/3673/2646
f 2501/3426/2501 1171/1493/1171 2502/3427/2502
f 2501/3426/2501 2646/3673/2646 1171/1493/1171
f 2501/3426/2501 1466/1890/1466 3265/5095/3265
f 2506/3431/2506 902/1160/902 903/1159/903
f 2506/3431/2506 2366/3204/2366 902/1160/902
f 1982/5244/1982 2904/4170/2904 1983/4257/1983
f 1591/5226/1591 2966/4301/2966 2965/4300/2965
f 1599/2088/1599 1598/2087/1598 1209/5245/1209
f 357/441/357 2280/4948/2280 1602/2093/1602
f 357/443/357 355/436/355 2282/5246/2282
f 357/441/357 2282/5247/2282 2280/4948/2280
f 2797/3925/2797 2621/5248/2621 3228/4930/3228
f 2797/3925/2797 1032/3926/1032 2621/5248/2621
f 1616/2108/1616 1613/2105/1613 1805/5196/1805
f 2675/3715/2675 2676/3716/2676 1621/5249/1621
f 2709/3781/2709 3175/4768/3175 1422/1832/1422
f 1050/1355/1050 2901/4159/2901 74/1650/74
f 1050/1355/1050 74/1650/74 71/3002/71
f 1057/1365/1057 3176/4769/3176 2005/2643/2005
f 165/203/165 166/204/166 1065/1374/1065
f 165/203/165 1065/1374/1065 3171/4755/3171
f 165/203/165 3171/4755/3171 3178/4771/3178
f 2084/5250/2084 412/510/412 2259/3045/2259
f 1390/1787/1390 2266/3053/2266 1392/1788/1392
f 2572/3547/2572 1344/1727/1344 938/1204/938
f 650/4225/650 3100/4572/3100 652/4571/652
f 2058/2715/2058 525/2718/525 2576/3552/2576
f 3279/5251/3279 2765/5252/2765 2842/5253/2842
f 700/895/700 3206/4858/3206 1370/1757/1370
f 700/895/700 698/892/698 3206/4858/3206
f 1717/2242/1717 2236/3007/2236 2234/3005/2234
f 1717/2242/1717 1716/2241/1716 2236/3007/2236
f 3260/5078/3260 2839/4023/2839 2838/4022/2838
f 3260/5078/3260 262/4388/262 3013/4387/3013
f 2443/3594/2443 2595/3593/2595 2444/5254/2444
f 2948/4267/2948 1093/1406/1093 1089/1402/1089
f 2478/3388/2478 2476/3386/2476 2998/4362/2998
f 2748/3844/2748 3234/4955/3234 2749/3845/2749
f 2748/3844/2748 2941/4956/2941 3234/4955/3234
f 748/5255/748 2387/4879/2387 3193/5256/3193
f 2838/4022/2838 98/123/98 3261/5079/3261
f 3241/4979/3241 685/875/685 684/874/684
f 3241/4979/3241 684/874/684 3205/4980/3205
f 2862/4065/2862 3048/4453/3048 3277/5156/3277
f 2862/4065/2862 1027/1322/1027 3287/5257/3287
f 2862/4065/2862 3287/5257/3287 809/1041/809
f 2862/4065/2862 3277/5156/3277 1027/1322/1027
f 3032/4421/3032 823/2524/823 3033/4422/3033
f 2519/3458/2519 3250/5039/3250 1853/2420/1853
f 1860/2428/1860 2720/3795/2720 1862/2430/1862
f 2531/3476/2531 1550/2024/1550 3254/5056/3254
f 3084/4534/3084 453/574/453 1881/2463/1881
f 3084/4534/3084 3083/4533/3083 457/582/457
f 3084/4534/3084 457/582/457 453/574/453
f 286/352/286 126/4917/126 2120/4725/2120
f 881/1136/881 3065/4500/3065 131/161/131
f 3265/5095/3265 1466/1890/1466 2190/5213/2190
f 2508/3433/2508 3286/5209/3286 812/3205/812
f 2508/3433/2508 812/3205/812 2366/3204/2366
f 533/4941/533 3027/5090/3027 3156/4697/3156
f 331/5258/331 329/398/329 1398/1800/1398
f 331/401/331 2555/3514/2555 332/402/332
f 2541/5194/2541 1794/4630/1794 2068/2733/2068
f 2541/3491/2541 2068/2732/2068 1356/1743/1356
f 978/1260/978 3158/5259/3158 3222/4902/3222
f 2543/3496/2543 3271/5122/3271 3159/4706/3159
f 2198/2943/2198 1444/1860/1444 1442/1862/1442
f 2198/4253/2198 1442/5260/1442 2941/4254/2941
f 3243/4989/3243 2994/4357/2994 2993/4356/2993
f 3243/4989/3243 3258/5071/3258 2994/4357/2994
f 2218/2971/2218 2819/3979/2819 1746/2278/1746
f 1036/1334/1036 1034/1332/1034 2227/5074/2227
f 2435/3311/2435 3178/4771/3178 2436/3312/2436
f 2435/3309/2435 1855/2422/1855 3250/5039/3250
f 3139/4653/3139 1326/1697/1326 1325/1696/1325
f 3139/4653/3139 2924/4218/2924 1326/1697/1326
f 1617/2110/1617 400/498/400 398/496/398
f 3037/4429/3037 3230/4935/3230 2082/2755/2082
f 3037/4429/3037 2082/2755/2082 1248/1602/1248
f 3048/4453/3048 1213/1556/1213 3277/5156/3277
f 3034/5261/3034 671/855/671 672/859/672
f 3034/4423/3034 672/5262/672 1431/1843/1431
f 1171/1493/1171 1170/1492/1170 2502/3427/2502
f 1118/1434/1118 1117/1433/1117 2339/3161/2339
f 3051/5263/3051 472/603/472 3208/5189/3208
f 2550/4163/2550 851/1097/851 850/1096/850
f 1406/1808/1406 1589/2074/1589 1407/1809/1407
f 1794/4630/1794 1791/5264/1791 2618/3630/2618
f 2398/4994/2398 2581/3563/2581 437/547/437
f 1362/1749/1362 3091/4548/3091 1363/1750/1363
f 1362/1749/1362 1470/1896/1470 3091/4548/3091
f 2921/4761/2921 2206/2957/2206 2205/2956/2205
f 2921/4215/2921 2205/4540/2205 1962/2576/1962
f 2698/3754/2698 2933/4844/2933 541/688/541
f 577/732/577 578/734/578 826/1058/826
f 2376/3598/2376 3016/4393/3016 2598/3599/2598
f 1647/2153/1647 2945/5182/2945 1648/2154/1648
f 3025/4409/3025 3093/5116/3093 2549/3505/2549
f 808/1040/808 809/1041/809 3287/5257/3287
f 808/1040/808 3287/5257/3287 1027/1322/1027
f 1608/2100/1608 1607/2099/1607 2768/3875/2768
f 2193/2932/2193 3095/4559/3095 3183/4783/3183
f 653/829/653 2171/2899/2171 654/830/654
f 3102/4575/3102 763/979/763 2755/3854/2755
f 3102/4575/3102 764/980/764 763/979/763
f 3205/4854/3205 789/1015/789 788/1014/788
f 2728/3813/2728 1667/2177/1667 141/177/141
f 1319/5106/1319 1561/4117/1561 3268/5107/3268
f 932/1197/932 931/1199/931 1563/2040/1563
f 3282/5172/3282 3269/5110/3269 1163/1485/1163
f 3282/5172/3282 1163/1485/1163 1162/1484/1162
f 3237/4972/3237 3113/4605/3113 3238/4973/3238
f 2248/3025/2248 3275/5148/3275 1650/2157/1650
f 2248/3025/2248 2249/3026/2249 3275/5148/3275
f 159/3798/159 1648/2154/1648 2944/5265/2944
f 3199/4837/3199 2802/3931/2802 2801/3930/2801
f 1799/2348/1799 2704/3767/2704 2621/3634/2621
f 1805/5196/1805 1613/2105/1613 1806/4984/1806
f 3186/5150/3186 1658/2167/1658 1659/2169/1659
f 955/1227/955 1691/2203/1691 2773/3883/2773
f 2581/3563/2581 2580/3562/2580 2331/3149/2331
f 979/3806/979 3192/4818/3192 2864/4068/2864
f 1190/5266/1190 1710/2236/1710 1709/2232/1709
f 1190/5267/1190 1709/5268/1709 1191/5269/1191
f 3124/4622/3124 2586/5152/2586 273/4996/273
f 3124/4622/3124 273/4996/273 1954/2565/1954
f 2286/3080/2286 2240/3015/2240 2239/3010/2239
f 1526/1990/1526 420/518/420 1527/1991/1527
f 2990/4937/2990 1388/1782/1388 1784/2325/1784
f 581/3526/581 1424/3525/1424 3244/5270/3244
f 581/3526/581 3244/5270/3244 1916/2510/1916
f 581/3526/581 1916/2510/1916 1915/2509/1915
f 2853/4493/2853 2854/5271/2854 3062/4494/3062
f 1450/4118/1450 1447/5072/1447 3258/5071/3258
f 1456/4885/1456 2087/2764/2087 2086/2763/2086
f 2900/5153/2900 2239/3010/2239 2238/3009/2238
f 3227/4929/3227 2527/3472/2527 2444/3324/2444
f 1185/1514/1185 3270/5115/3270 1810/2366/1810
f 1198/1532/1198 1197/1530/1197 2355/3185/2355
f 2006/2644/2006 2005/2643/2005 3176/4769/3176
f 3263/5082/3263 2766/4558/2766 1793/2339/1793
f 3263/5082/3263 2013/5119/2013 2766/4558/2766
f 2484/3397/2484 2028/2670/2028 2027/2669/2027
f 1596/2083/1596 983/1266/983 2487/3400/2487
f 3073/4890/3073 3042/4440/3042 3043/4441/3043
f 3103/4578/3103 1646/4580/1646 1514/1969/1514
f 2126/2823/2126 2125/2822/2125 1333/1707/1333
f 822/4551/822 3033/4422/3033 823/2524/823
f 2879/4104/2879 637/5220/637 636/4106/636
f 525/672/525 2059/2717/2059 527/674/527
f 971/4125/971 2888/4122/2888 972/5130/972
f 1000/1289/1000 2090/4961/2090 1001/1290/1001
f 3118/4613/3118 2939/4248/2939 2377/3223/2377
f 3118/4613/3118 2377/3223/2377 2479/3389/2479
f 3118/4613/3118 832/1069/832 2939/4248/2939
f 590/5272/590 1880/2461/1880 1879/2460/1879
f 746/959/746 1344/1727/1344 2386/3240/2386
f 755/971/755 2719/3794/2719 2752/3849/2752
f 755/971/755 2605/3608/2605 2719/3794/2719
f 346/423/346 2394/3250/2394 1521/1979/1521
f 3286/5209/3286 816/5210/816 812/3205/812
f 2627/4962/2627 3122/4619/3122 1764/5273/1764
f 2144/3646/2144 2228/2995/2228 2227/2994/2227
f 2144/3646/2144 2227/2994/2227 1034/5274/1034
f 472/603/472 2730/3816/2730 3208/5189/3208
f 1639/2144/1639 1636/2138/1636 2952/4274/2952
f 1142/1458/1142 3175/4768/3175 1143/1459/1143
f 45/54/45 1220/1565/1220 2473/3382/2473
f 45/54/45 2473/3382/2473 46/55/46
f 2656/3685/2656 181/4304/181 2657/3686/2657
f 2621/5248/2621 1361/1748/1361 3228/4930/3228
f 2621/3634/2621 2704/3767/2704 1361/3766/1361
f 2670/3706/2670 3164/4718/3164 1531/2005/1531
f 1064/1373/1064 3171/4755/3171 1065/1374/1065
f 2260/3046/2260 3126/4624/3126 2688/3737/2688
f 1631/2132/1631 1285/1651/1285 1284/1648/1284
f 1631/2132/1631 1630/2131/1630 2251/4915/2251
f 1314/1682/1314 1310/1685/1310 2793/5046/2793
f 2998/4362/2998 2997/4361/2997 2212/2964/2212
f 2216/2969/2216 2277/3066/2277 2849/4043/2849
f 2216/2969/2216 2849/4043/2849 2219/2972/2219
f 2222/2978/2222 3232/4938/3232 1522/1981/1522
f 3003/4372/3003 3140/5135/3140 2872/5029/2872
f 332/4490/332 2695/3750/2695 333/3906/333
f 996/3369/996 1211/1552/1211 1722/4099/1722
f 1999/2632/1999 2472/4794/2472 2250/3029/2250
f 2147/2858/2147 1584/2068/1584 1581/2063/1581
f 2147/2858/2147 2756/3858/2756 1584/2068/1584
f 1268/5030/1268 2872/5029/2872 3140/5135/3140
f 2494/5231/2494 3245/5014/3245 2116/2810/2116
f 2494/5231/2494 1059/5230/1059 3245/5014/3245
f 2634/3652/2634 2818/3974/2818 2636/3654/2636
f 442/555/442 2509/3434/2509 443/556/443
f 1100/1413/1100 1099/1412/1099 3089/4546/3089
f 2694/3749/2694 1111/1427/1111 2789/3907/2789
f 2694/3749/2694 2789/3907/2789 2695/3750/2695
f 3262/5198/3262 783/1007/783 781/1002/781
f 3262/5080/3262 3261/5079/3261 783/1006/783
f 2064/2731/2064 1356/1743/1356 2068/2732/2068
f 1897/2486/1897 1896/2485/1896 2652/4295/2652
f 187/231/187 792/1313/792 1018/1312/1018
f 187/231/187 1018/1312/1018 188/232/188
f 1912/2505/1912 1910/2503/1910 191/235/191
f 501/643/501 498/637/498 1231/5083/1231
f 705/4209/705 3207/4859/3207 253/313/253
f 705/5124/705 3247/5027/3247 3207/5026/3207
f 3011/5275/3011 2643/3663/2643 93/5171/93
f 1002/1294/1002 1001/1290/1001 1950/4960/1950
f 2964/4298/2964 1280/1642/1280 2430/3304/2430
f 1789/2334/1789 1788/2332/1788 2856/5219/2856
f 2865/5065/2865 2542/3494/2542 3158/5259/3158
f 1188/1522/1188 3182/4778/3182 3267/5100/3267
f 2103/2795/2103 3252/5052/3252 3151/4685/3151
f 1334/1706/1334 1333/1707/1333 2125/2822/2125
f 2716/4256/2716 3193/5256/3193 2387/4879/2387
f 1648/2154/1648 2945/5182/2945 2944/5265/2944
f 2409/3272/2409 2408/3274/2408 2498/3422/2498
f 484/620/484 3219/4893/3219 487/623/487
f 484/620/484 1659/2169/1659 1657/2166/1657
f 484/620/484 1657/2166/1657 3219/4893/3219
f 484/620/484 2735/3821/2735 1659/2169/1659
f 3269/5110/3269 1968/2825/1968 1163/1485/1163
f 36/5111/36 511/658/511 1838/2401/1838
f 36/3833/36 1838/2787/1838 1971/2589/1971
f 3238/4973/3238 3112/4604/3112 2432/3306/2432
f 3238/4973/3238 3113/4605/3113 3112/4604/3112
f 3092/4552/3092 1180/1508/1180 2537/4766/2537
f 1226/1574/1226 1225/1573/1225 2749/3845/2749
f 767/4747/767 858/1107/858 770/3365/770
f 870/1122/870 869/1121/869 2269/5276/2269
f 1243/3233/1243 1241/1592/1241 1880/2461/1880
f 2554/4438/2554 2553/5031/2553 3041/4439/3041
f 1550/2024/1550 2779/3891/2779 3254/5056/3254
f 2549/3505/2549 3093/5116/3093 2045/2693/2045
f 3040/4437/3040 1780/4735/1780 1726/2253/1726
f 3040/4432/3040 1784/2325/1784 1780/2324/1780
f 2874/4097/2874 1290/1656/1290 3252/5051/3252
f 3222/4902/3222 3158/5259/3158 2542/3494/2542
f 27/3671/27 2219/2972/2219 2849/4043/2849
f 166/204/166 1066/1375/1066 1065/1374/1065
f 3181/4775/3181 3267/5100/3267 3182/4778/3182
f 355/711/355 560/708/560 2282/3073/2282
f 645/2086/645 2167/5178/2167 1598/2087/1598
f 2828/4004/2828 2396/3253/2396 2395/3252/2395
f 2745/3838/2745 2854/5271/2854 2746/3839/2746
f 2745/3838/2745 3062/4494/3062 2854/5271/2854
f 3126/4624/3126 1774/2311/1774 2353/3182/2353
f 3178/4771/3178 3171/4755/3171 2436/3312/2436
f 1073/1382/1073 2085/2761/2085 2752/3849/2752
f 1087/1399/1087 2267/3054/2267 2266/3053/2266
f 1407/1809/1407 1589/2074/1589 2760/3863/2760
f 3239/5277/3239 924/1188/924 923/1187/923
f 2404/3266/2404 2633/4756/2633 2405/3267/2405
f 635/5278/635 2881/4107/2881 636/4106/636
f 1429/1841/1429 527/674/527 2059/2717/2059
f 1213/1556/1213 897/4419/897 3277/5156/3277
f 78/99/78 3252/5051/3252 1290/1656/1290
f 78/93/78 3151/4685/3151 3252/5052/3252
f 2683/3728/2683 2493/3415/2493 2711/5279/2711
f 2683/3728/2683 2495/3416/2495 2493/3415/2493
f 758/974/758 757/973/757 2261/3043/2261
f 1210/1551/1210 1209/1553/1209 1598/5011/1598
f 361/450/361 2746/4252/2746 2854/5280/2854
f 333/3906/333 2695/3750/2695 2789/3907/2789
f 834/1072/834 832/1069/832 2211/2963/2211
f 3245/5014/3245 1059/5230/1059 1058/5225/1058
f 443/556/443 2509/3434/2509 2505/3430/2505
f 3250/5039/3250 1855/2422/1855 1853/2420/1853
f 2263/3246/2263 3274/5144/3274 1385/1774/1385
f 1655/4499/1655 132/162/132 131/161/131
f 1655/4499/1655 131/161/131 3065/4500/3065
f 1624/5281/1624 3016/4393/3016 2376/3598/2376
f 1624/2125/1624 2376/5282/2376 1915/2509/1915
f 1119/5283/1119 3288/5284/3288 339/4699/339
f 1119/5283/1119 1121/4406/1121 3288/5284/3288
f 3023/4405/3023 3288/5284/3288 1121/4406/1121
f 3023/4405/3023 2300/3100/2300 3288/5284/3288
f 3129/4631/3129 3288/5284/3288 2300/3100/2300
f 3129/4631/3129 929/1193/929 3288/5284/3288
f 929/1193/929 3157/4700/3157 3288/5284/3288
f 339/4699/339 3288/5284/3288 3157/4700/3157
f 571/5285/571 3289/5286/3289 572/1401/572
f 571/728/571 575/730/575 3289/5287/3289
f 575/3777/575 1480/1918/1480 3289/5288/3289
f 1089/1402/1089 3289/5286/3289 1480/4481/1480
f 572/1401/572 3289/5286/3289 1089/1402/1089
f 213/267/213 3290/5289/3290 216/5290/216
f 213/267/213 218/269/218 3290/5289/3290
f 3064/4498/3064 3290/5289/3290 218/269/218
f 3064/4498/3064 2061/2722/2061 3290/5289/3290
f 2060/2719/2060 3290/5289/3290 2061/2722/2061
f 2060/2719/2060 2012/2721/2012 3290/5289/3290
f 2011/5291/2011 3290/5289/3290 2012/2721/2012
f 216/5290/216 3290/5289/3290 2011/5291/2011
f 973/1253/973 3291/5292/3291 976/1256/976
f 973/1253/973 979/1262/979 3291/5292/3291
f 977/1257/977 3291/5292/3291 979/1262/979
f 976/1256/976 3291/5292/3291 977/1257/977
