# Blender 4.4.0
# www.blender.org
mtllib Meshy_AI_Greenclad_Guardian_0906194536_texture.mtl
o Meshy_AI_Greenclad_Guardian_0906194536_texture
v -0.238281 -0.003204 -0.492188
v -0.259766 -0.002045 -0.449219
v -0.236328 0.002899 -0.490234
v -0.220703 -0.002762 -0.500000
v -0.234375 -0.007355 -0.486328
v 0.037598 -0.001793 -0.125977
v 0.026123 0.013123 -0.120117
v 0.029053 -0.001175 -0.096680
v 0.029053 -0.001160 -0.120605
v 0.098633 -0.015320 -0.253906
v 0.091309 -0.015320 -0.404297
v 0.061523 -0.020142 -0.404297
v 0.053223 -0.002228 -0.257812
v 0.061035 -0.021362 -0.255859
v -0.024902 0.012634 0.148438
v -0.036133 -0.002029 0.143555
v -0.030640 0.017090 0.143555
v -0.025757 0.013306 0.202148
v -0.028809 -0.004303 0.201172
v -0.015747 -0.031128 -0.086426
v 0.000166 -0.027832 -0.080078
v -0.012939 -0.023071 -0.081055
v 0.182617 0.003967 -0.447266
v 0.255859 0.003204 -0.451172
v 0.208008 0.003906 -0.476562
v 0.273438 0.003998 -0.400391
v 0.182617 -0.002747 -0.447266
v 0.010376 -0.029663 0.355469
v 0.031250 -0.020752 0.373047
v 0.018555 -0.034912 0.380859
v 0.024658 -0.018311 0.361328
v 0.011658 -0.030273 0.316406
v -0.002853 -0.034424 0.359375
v -0.001007 -0.032959 0.330078
v -0.166992 -0.001236 -0.201172
v -0.166016 -0.001022 -0.171875
v -0.154297 -0.007935 -0.225586
v -0.156250 -0.001488 -0.223633
v -0.166016 -0.006653 -0.186523
v -0.153320 0.007111 -0.229492
v -0.165039 0.006348 -0.202148
v -0.016724 -0.037842 0.431641
v -0.030273 -0.024170 0.431641
v 0.025513 0.013672 -0.141602
v 0.014343 0.025269 -0.177734
v 0.024414 0.014832 -0.177734
v 0.000473 0.027588 -0.177734
v 0.153320 0.001129 -0.043213
v 0.196289 -0.002197 -0.086426
v 0.149414 -0.002228 -0.046143
v 0.146484 0.000969 -0.043945
v 0.148438 -0.003586 -0.064941
v -0.040039 -0.001602 -0.253906
v -0.036865 0.022827 -0.250000
v -0.035889 -0.026001 -0.251953
v -0.039307 -0.002899 -0.243164
v -0.053223 -0.001785 -0.257812
v -0.041016 -0.029297 -0.253906
v -0.034668 -0.025513 -0.242188
v 0.023193 0.013245 0.287109
v 0.013062 0.025513 0.292969
v 0.016479 0.026978 0.314453
v 0.031006 -0.003265 0.312500
v 0.030884 -0.002930 -0.433594
v 0.026123 -0.018188 -0.433594
v 0.016357 -0.019653 -0.443359
v 0.021729 -0.010681 -0.443359
v 0.023682 -0.001213 -0.443359
v -0.143555 0.006592 -0.099609
v -0.149414 0.005371 -0.064941
v -0.129883 0.008606 -0.120605
v -0.155273 -0.001022 -0.147461
v -0.003326 0.035400 0.476562
v 0.009766 0.019531 0.500000
v 0.016113 0.028687 0.484375
v -0.020508 0.029663 0.445312
v -0.001656 0.023315 0.500000
v -0.018433 0.029053 0.478516
v 0.134766 -0.010803 -0.239258
v 0.108887 -0.002029 -0.253906
v -0.012878 0.023682 0.129883
v -0.025391 0.011719 0.128906
v -0.022827 0.026489 0.136719
v 0.001656 0.027954 0.130859
v -0.001755 -0.037842 0.302734
v -0.015564 -0.033936 0.304688
v 0.000062 -0.035400 0.265625
v 0.014526 -0.028687 0.269531
v -0.013306 -0.031738 0.265625
v 0.287109 0.004730 -0.265625
v 0.281250 0.005402 -0.232422
v 0.257812 -0.000385 -0.161133
v 0.281250 -0.000809 -0.220703
v 0.164062 0.006409 -0.201172
v 0.024902 -0.014954 -0.096680
v 0.032959 -0.017578 -0.092773
v 0.015747 -0.024902 -0.121094
v 0.025024 -0.014404 -0.120605
v -0.052734 0.019531 -0.408203
v -0.082520 0.014404 -0.404297
v -0.053223 -0.001503 -0.404297
v -0.076172 -0.001923 -0.404297
v -0.041016 0.025879 -0.410156
v -0.125000 0.000012 -0.120117
v -0.129883 -0.007751 -0.122070
v -0.155273 -0.005585 -0.147461
v -0.143555 0.000303 -0.100098
v -0.145508 -0.004913 -0.100586
v 0.019897 0.009216 -0.445312
v 0.011108 0.017944 -0.445312
v 0.026733 0.010437 -0.435547
v 0.016602 0.022095 -0.435547
v 0.025757 -0.016602 0.203125
v 0.028809 -0.018188 0.230469
v 0.029907 -0.000828 0.204102
v 0.013916 -0.027222 0.203125
v 0.028931 -0.000248 0.150391
v 0.001060 0.046387 -0.238281
v 0.011292 0.024170 -0.234375
v 0.024170 0.038818 -0.240234
v 0.000330 0.047607 -0.243164
v 0.000675 0.026733 -0.235352
v -0.062012 -0.022217 -0.255859
v -0.076660 -0.018066 -0.404297
v -0.046631 -0.024902 -0.408203
v -0.038330 0.000118 -0.412109
v -0.040039 -0.030029 -0.410156
v 0.032227 0.018311 -0.084961
v 0.033447 0.018066 -0.092773
v 0.018433 0.031494 -0.085938
v 0.000809 -0.031982 -0.180664
v 0.020752 -0.031982 -0.194336
v 0.019043 -0.032715 -0.186523
v 0.001160 -0.036133 -0.194336
v -0.028076 -0.025146 -0.197266
v -0.014832 -0.023560 -0.202148
v 0.000216 -0.028931 -0.202148
v -0.037598 -0.004425 0.378906
v -0.029297 -0.024780 0.380859
v -0.028198 -0.007507 0.406250
v -0.022339 -0.022339 0.406250
v -0.028076 0.011841 0.357422
v -0.032471 -0.004578 0.355469
v -0.154297 0.000607 -0.043457
v -0.152344 -0.002136 -0.046631
v -0.148438 0.001152 -0.044189
v -0.195312 0.004425 -0.083496
v -0.150391 0.004059 -0.046875
v -0.196289 -0.002243 -0.085449
v 0.019531 0.019287 -0.234375
v 0.002472 0.028320 -0.203125
v 0.035889 -0.016357 0.474609
v 0.018677 -0.038086 0.433594
v -0.000110 -0.043701 0.433594
v 0.000108 -0.036377 0.408203
v -0.025269 -0.002426 -0.141602
v -0.024902 -0.002258 -0.176758
v -0.000079 -0.032715 -0.435547
v 0.007507 -0.025757 -0.445312
v 0.014709 -0.028564 -0.433594
v -0.015076 -0.027222 -0.433594
v -0.005432 -0.025757 -0.443359
v -0.001205 -0.031006 -0.429688
v 0.146484 0.000374 -0.067383
v 0.129883 -0.008240 -0.120605
v 0.142578 -0.000288 -0.100098
v 0.129883 0.007812 -0.120605
v 0.127930 -0.000587 -0.121582
v 0.033936 -0.019043 -0.195312
v 0.014343 -0.024170 -0.202148
v 0.026611 -0.012390 -0.202148
v 0.024536 -0.011414 -0.233398
v 0.039551 -0.000106 -0.195312
v 0.013855 -0.024536 -0.234375
v -0.018921 0.027954 0.312500
v -0.016357 0.024902 0.285156
v -0.083984 -0.002136 -0.257812
v -0.088379 -0.018677 -0.255859
v 0.026855 0.014160 0.204102
v 0.026001 0.014160 0.150391
v 0.030029 0.015625 0.231445
v 0.238281 -0.003128 -0.492188
v 0.219727 0.003067 -0.500000
v 0.236328 0.003006 -0.492188
v 0.235352 -0.006470 -0.488281
v 0.221680 -0.001656 -0.500000
v 0.259766 -0.002655 -0.451172
v 0.002060 0.029053 -0.121094
v 0.015198 0.025513 -0.097168
v 0.015991 0.024780 -0.121582
v 0.001053 0.030640 -0.096680
v -0.011780 0.025391 -0.121094
v 0.004639 0.036621 -0.125977
v -0.027832 0.012939 0.333984
v -0.025635 -0.021851 0.359375
v 0.034424 0.019043 -0.187500
v 0.020264 0.033447 -0.195312
v 0.020142 0.033691 -0.187500
v 0.001930 -0.035400 -0.084961
v 0.020386 -0.030396 -0.088379
v 0.013855 -0.024658 -0.080566
v 0.024536 -0.015137 -0.080078
v -0.155273 -0.002731 -0.427734
v -0.183594 -0.002945 -0.447266
v -0.253906 0.003662 -0.449219
v -0.183594 0.003540 -0.447266
v -0.027710 -0.021851 0.230469
v -0.015564 -0.033203 0.231445
v -0.034180 -0.004364 0.232422
v -0.022949 -0.021240 0.269531
v 0.038086 0.021484 -0.241211
v 0.029175 -0.008240 -0.138672
v 0.034180 0.013733 -0.132812
v -0.024902 0.038574 -0.246094
v -0.026733 0.039307 -0.412109
v -0.035645 -0.004547 -0.187500
v -0.030396 -0.022217 -0.188477
v -0.020752 -0.015869 -0.140625
v -0.021118 -0.015747 -0.177734
v -0.010803 -0.025391 -0.177734
v -0.010315 -0.025269 -0.141602
v 0.031006 0.016479 0.419922
v 0.035645 -0.003006 0.412109
v 0.025635 0.013611 0.404297
v 0.013855 0.026123 0.414062
v 0.018188 0.031738 0.445312
v 0.024170 -0.040771 -0.248047
v 0.025757 -0.040771 -0.414062
v 0.013855 -0.026611 -0.427734
v -0.034912 0.002457 0.135742
v -0.030396 -0.020142 0.134766
v -0.108887 -0.015869 -0.251953
v -0.100098 -0.014954 -0.406250
v -0.110840 -0.001831 -0.253906
v -0.124023 -0.012512 -0.410156
v -0.135742 -0.010376 -0.241211
v -0.000538 0.037842 0.146484
v 0.018799 0.032227 0.146484
v 0.032715 0.018311 0.145508
v 0.019531 0.032715 0.138672
v 0.015137 0.025146 0.151367
v 0.155273 -0.000557 -0.146484
v 0.166016 -0.001480 -0.187500
v 0.166992 -0.006592 -0.184570
v 0.155273 -0.005768 -0.147461
v 0.144531 -0.005157 -0.099609
v -0.033936 0.013428 0.476562
v -0.022095 0.010010 0.500000
v -0.013916 0.020386 0.498047
v -0.027832 -0.019775 -0.086914
v -0.014648 -0.031738 -0.092285
v 0.092285 -0.001213 -0.404297
v 0.060547 0.018799 -0.404297
v -0.013306 -0.030762 0.330078
v -0.287109 -0.001968 -0.249023
v -0.291016 -0.002655 -0.265625
v -0.285156 -0.006744 -0.267578
v -0.287109 0.004608 -0.263672
v -0.257812 -0.000301 -0.163086
v -0.035645 -0.005188 0.310547
v -0.027588 -0.023560 0.304688
v -0.025269 -0.021729 0.333984
v -0.031006 -0.004181 0.332031
v -0.032959 0.013184 0.312500
v -0.000322 0.037354 -0.186523
v -0.019531 0.029663 -0.196289
v -0.000097 0.037842 -0.195312
v 0.033203 -0.017334 -0.085938
v 0.001633 -0.028320 -0.141602
v 0.013794 -0.024536 -0.177734
v 0.023804 -0.019409 0.402344
v 0.032959 -0.021606 0.425781
v 0.035889 -0.024902 -0.251953
v 0.037109 -0.024414 -0.241211
v 0.040527 -0.001808 -0.253906
v -0.104980 -0.002335 -0.408203
v -0.128906 -0.002274 -0.412109
v 0.019409 0.031982 -0.092773
v 0.026245 0.014282 -0.097168
v 0.038086 -0.000572 -0.092285
v 0.291016 -0.002609 -0.265625
v -0.001747 0.031128 0.408203
v 0.017456 0.030762 0.386719
v -0.001114 0.036377 0.380859
v -0.020752 0.029907 0.380859
v -0.016968 0.023438 0.406250
v 0.013428 0.026855 0.365234
v -0.001740 0.031494 0.359375
v -0.031006 0.015747 -0.126953
v -0.032471 -0.008484 -0.125000
v -0.018921 -0.027954 -0.125977
v -0.028076 -0.016724 -0.134766
v -0.031982 0.007050 -0.134766
v 0.208984 -0.003159 -0.474609
v -0.000843 -0.037598 0.229492
v 0.015747 -0.031982 0.231445
v -0.135742 -0.001831 -0.242188
v -0.149414 -0.001534 -0.066895
v 0.039795 -0.001282 -0.408203
v 0.029663 0.005859 -0.429688
v 0.043457 -0.026123 -0.408203
v 0.027832 -0.013123 -0.427734
v 0.057373 -0.001808 -0.402344
v 0.035156 -0.002060 0.363281
v -0.032715 0.015625 -0.187500
v -0.022461 0.012756 -0.177734
v -0.020142 0.030396 -0.187500
v -0.012268 0.023682 -0.177734
v -0.000402 -0.002258 -0.447266
v -0.015381 -0.019287 -0.443359
v -0.017822 0.011169 -0.445312
v 0.001785 0.020996 -0.445312
v -0.021484 -0.010925 -0.443359
v -0.023438 -0.000935 -0.443359
v 0.153320 0.006439 -0.145508
v 0.197266 0.001045 -0.081543
v 0.253906 0.004333 -0.162109
v 0.143555 0.006470 -0.099121
v 0.228516 0.004486 -0.124512
v 0.193359 0.004395 -0.083984
v 0.022949 -0.040283 -0.240234
v -0.026489 0.012390 0.277344
v -0.018555 0.029297 0.237305
v -0.030640 0.016357 0.231445
v 0.025757 0.014099 0.351562
v 0.025635 0.014343 0.322266
v 0.013672 0.026001 0.341797
v -0.001419 0.033203 0.330078
v 0.220703 -0.006531 -0.500000
v -0.023804 0.013184 -0.080078
v -0.016357 0.031250 -0.085449
v -0.030151 0.017090 -0.086914
v -0.026001 -0.002304 -0.080566
v -0.013123 -0.025757 0.500000
v 0.000024 -0.041748 0.478516
v -0.001968 -0.030029 0.498047
v -0.001343 -0.001869 0.500000
v -0.017090 -0.036377 0.474609
v 0.026855 0.025024 -0.125000
v 0.013489 -0.025757 0.151367
v 0.025757 -0.014648 0.152344
v 0.000163 -0.033936 0.149414
v 0.018677 -0.031738 0.145508
v -0.285156 0.003464 -0.332031
v -0.152344 0.005341 -0.423828
v -0.271484 0.003265 -0.400391
v -0.289062 -0.002487 -0.333984
v -0.255859 -0.002991 -0.165039
v -0.018555 0.028442 0.419922
v 0.123047 -0.012329 -0.410156
v -0.016235 0.031250 -0.093262
v -0.010620 -0.028564 0.149414
v -0.000740 -0.031738 0.199219
v -0.019531 -0.021606 0.147461
v -0.011658 -0.029785 0.200195
v -0.022827 -0.021484 0.200195
v 0.285156 0.003845 -0.332031
v 0.135742 -0.002197 -0.240234
v 0.131836 0.009705 -0.241211
v 0.151367 0.005066 -0.425781
v 0.118652 0.010254 -0.408203
v 0.095703 0.013428 -0.253906
v 0.004791 -0.034424 -0.134766
v 0.025879 -0.025757 -0.134766
v 0.001350 -0.028809 -0.120605
v -0.016479 -0.029907 -0.134766
v 0.003891 -0.035400 -0.125977
v -0.207031 -0.003098 -0.476562
v -0.220703 0.002762 -0.500000
v -0.218750 -0.006561 -0.500000
v -0.033936 -0.002045 -0.093262
v -0.027466 -0.019897 -0.093262
v -0.024902 0.012329 -0.097656
v -0.029907 0.017090 -0.093750
v -0.033936 -0.001305 -0.086426
v 0.015503 0.020874 -0.429688
v 0.026001 0.039551 -0.414062
v 0.025757 -0.019653 0.308594
v 0.022827 -0.018555 0.285156
v 0.022461 -0.018555 0.339844
v -0.011475 0.024170 -0.204102
v -0.024414 -0.040771 -0.247070
v -0.025146 -0.040283 -0.412109
v 0.000016 -0.048340 -0.246094
v 0.024536 0.013000 -0.079590
v 0.025024 0.013184 0.129883
v 0.033936 0.013550 0.135742
v 0.028931 -0.001091 -0.080078
v 0.029297 -0.000908 0.129883
v 0.014832 -0.025269 -0.140625
v -0.034912 0.013794 0.435547
v -0.036133 -0.004364 0.474609
v -0.207031 -0.007355 -0.472656
v -0.253906 -0.006714 -0.451172
v -0.012634 0.023682 -0.080078
v 0.001060 0.028809 -0.081055
v 0.015015 0.023560 -0.080078
v 0.033936 -0.018555 -0.187500
v -0.016602 0.026978 0.333984
v -0.018311 -0.032471 0.143555
v 0.289062 -0.002670 -0.332031
v 0.024170 -0.003143 0.500000
v 0.019653 -0.016602 0.500000
v 0.031494 0.009583 0.484375
v 0.020264 0.009583 0.500000
v -0.018677 0.028687 -0.134766
v -0.019653 0.029541 -0.125977
v 0.000202 0.036133 -0.133789
v -0.011902 -0.032227 0.408203
v 0.028687 0.000889 -0.176758
v 0.026245 -0.014465 -0.177734
v 0.039795 0.000031 -0.186523
v 0.148438 0.005432 -0.062988
v -0.015625 0.020874 -0.435547
v 0.000152 0.025757 -0.429688
v -0.015625 0.020752 -0.429688
v -0.025513 0.011414 -0.431641
v -0.033203 0.000565 -0.414062
v -0.036377 0.021240 -0.242188
v -0.023438 -0.003189 -0.236328
v -0.021729 0.010742 -0.236328
v -0.000790 0.033936 0.242188
v -0.002136 0.030762 0.285156
v 0.017456 0.029785 0.240234
v -0.231445 0.004272 -0.125977
v -0.167969 0.006287 -0.174805
v -0.255859 0.004059 -0.164062
v -0.197266 0.000313 -0.082031
v -0.233398 0.000229 -0.122070
v 0.038330 -0.030518 -0.410156
v 0.039795 -0.028320 -0.253906
v -0.026367 -0.007782 -0.098145
v -0.025757 0.008301 -0.122070
v -0.020264 -0.017700 -0.121094
v -0.016968 -0.036133 0.378906
v 0.166016 0.006042 -0.176758
v 0.037842 0.000002 -0.085449
v 0.024902 -0.014587 0.129883
v -0.114746 0.009094 -0.410156
v -0.131836 0.009827 -0.242188
v 0.000160 -0.037842 0.137695
v -0.030396 -0.021118 0.143555
v -0.018188 -0.031982 0.135742
v 0.041504 -0.001671 -0.243164
v 0.037109 -0.002731 0.449219
v 0.025024 -0.022339 0.494141
v 0.000185 0.027710 -0.141602
v 0.017456 0.027100 -0.137695
v -0.013000 0.023438 -0.141602
v -0.028687 -0.009705 -0.427734
v -0.025635 -0.017700 -0.433594
v -0.015747 -0.025635 -0.427734
v -0.031006 -0.004852 -0.433594
v 0.000542 0.037598 -0.089355
v 0.000085 -0.028809 -0.233398
v -0.012756 -0.024048 -0.234375
v -0.181641 -0.007751 -0.447266
v -0.283203 -0.007935 -0.332031
v -0.154297 -0.009521 -0.425781
v -0.001038 0.035889 0.431641
v 0.000896 -0.029175 -0.097168
v 0.015015 -0.025269 -0.096680
v -0.013000 -0.025024 -0.098145
v 0.277344 -0.002304 -0.402344
v -0.095703 0.013184 -0.255859
v -0.033447 0.007111 0.230469
v 0.024902 0.039307 -0.246094
v -0.025146 0.008423 -0.437500
v -0.015869 -0.032959 -0.189453
v -0.022583 -0.015747 0.500000
v 0.031494 -0.018677 0.146484
v 0.037842 -0.000736 0.146484
v 0.032959 -0.017090 0.136719
v -0.022461 0.038086 -0.240234
v -0.041504 0.023804 -0.251953
v -0.035889 -0.005676 -0.197266
v -0.023315 0.011963 -0.202148
v -0.026489 -0.006531 -0.203125
v -0.020996 -0.013184 -0.235352
v 0.031982 0.017212 0.376953
v 0.028320 -0.001945 0.396484
v 0.283203 -0.006500 -0.265625
v 0.154297 -0.008240 -0.221680
v 0.283203 -0.007202 -0.332031
v 0.026855 -0.003143 0.287109
v 0.033203 -0.001312 0.230469
v 0.019165 -0.030884 0.135742
v -0.000048 -0.028442 0.129883
v 0.154297 -0.002533 -0.425781
v 0.125000 -0.002823 -0.410156
v 0.181641 -0.008606 -0.445312
v 0.009644 -0.025879 0.500000
v -0.139648 0.008240 -0.130859
v -0.155273 0.006470 -0.148438
v -0.126953 -0.000648 -0.125000
v 0.001015 0.026123 -0.433594
v -0.009399 0.018066 -0.445312
v -0.012146 0.021973 -0.235352
v -0.000305 -0.048584 -0.414062
v -0.017212 0.026855 0.359375
v -0.232422 -0.002762 -0.126953
v -0.000030 0.037354 0.138672
v -0.017578 0.031250 0.144531
v -0.011841 0.025879 0.149414
v 0.001984 0.029541 0.150391
v 0.002533 -0.035645 -0.092773
v 0.028320 -0.002655 0.343750
v -0.025635 -0.003998 0.500000
v -0.030273 -0.023315 0.476562
v -0.032715 0.015320 -0.195312
v 0.253906 -0.006927 -0.449219
v 0.089355 -0.001541 -0.257812
v -0.207031 0.003113 -0.476562
v -0.014160 -0.031494 0.359375
v 0.034180 0.019043 -0.195312
v 0.000328 -0.047119 -0.238281
v 0.261719 -0.004517 -0.190430
v 0.156250 -0.001808 -0.220703
v -0.027832 -0.005676 0.128906
v -0.015991 -0.022095 0.128906
v 0.039795 0.023682 -0.251953
v 0.059814 0.017334 -0.255859
v 0.017700 -0.036621 0.476562
v -0.277344 -0.002914 -0.402344
v -0.271484 -0.007568 -0.402344
v -0.059570 0.017334 -0.255859
v 0.028809 0.003723 -0.201172
v 0.020386 0.018921 -0.202148
v 0.233398 -0.000078 -0.120605
v 0.031494 0.015991 0.457031
v -0.022705 -0.040771 -0.240234
v 0.151367 -0.008850 -0.423828
v 0.271484 -0.007263 -0.402344
v -0.012695 0.025269 -0.098145
v 0.013306 -0.023804 0.128906
v 0.014709 -0.031982 0.406250
v -0.023071 0.012695 -0.141602
v -0.001259 0.047363 -0.417969
v 0.025513 0.005768 -0.235352
v -0.000641 0.029541 0.208984
v 0.014954 0.023438 0.130859
v 0.236328 -0.002716 -0.131836
v 0.207031 -0.007141 -0.474609
v -0.026611 -0.007202 0.147461
v -0.026245 0.009216 0.406250
v -0.034180 0.013428 0.378906
v -0.023560 -0.011475 -0.081055
v -0.037354 -0.004700 0.433594
v 0.153320 0.007172 -0.225586
v -0.028564 -0.004364 0.271484
v 0.031128 -0.019897 -0.125977
v 0.040527 0.024902 -0.408203
v -0.000364 -0.042236 0.378906
v 0.087402 0.015198 -0.406250
v 0.014160 0.025269 0.207031
v -0.014343 0.024658 0.205078
vn -0.7217 -0.4090 -0.5585
vn -0.6582 -0.7478 -0.0870
vn -0.8825 -0.0145 -0.4701
vn -0.2254 0.9626 -0.1500
vn 0.5834 0.7245 -0.3670
vn 0.2407 -0.2943 -0.9249
vn -0.1021 -0.9900 -0.0971
vn 0.7327 0.3517 0.5827
vn 0.8073 0.3632 0.4651
vn 0.9025 -0.0053 0.4307
vn 0.5675 -0.4007 0.7193
vn 0.4957 -0.2708 -0.8252
vn 0.5643 -0.1409 0.8134
vn -0.2412 -0.5273 0.8147
vn 0.0372 0.0915 0.9951
vn -0.1082 0.9460 -0.3055
vn 0.9695 -0.0610 -0.2372
vn 0.3268 -0.9451 0.0013
vn 0.7065 -0.7075 -0.0162
vn 0.0995 0.1080 0.9892
vn -0.8611 0.5059 0.0504
vn -0.9267 0.1748 0.3328
vn -0.8561 0.0986 0.5073
vn -0.9895 0.1045 -0.0998
vn -0.8940 0.4478 -0.0162
vn -0.8784 0.3293 0.3464
vn -0.1709 0.9108 0.3757
vn -0.7911 0.3508 0.5011
vn -0.4641 -0.3096 0.8299
vn -0.4214 -0.8817 0.2121
vn -0.4569 -0.7399 0.4938
vn -0.5769 -0.7884 0.2136
vn -0.4125 -0.6591 0.6288
vn -0.3578 -0.4970 -0.7906
vn 0.0474 0.5108 -0.8584
vn 0.1302 0.9060 -0.4028
vn -0.0781 0.6874 -0.7220
vn -0.7286 -0.0483 -0.6833
vn 0.1705 0.4964 -0.8512
vn 0.3244 0.8167 -0.4772
vn 0.5901 -0.7989 -0.1166
vn 0.1925 -0.9764 -0.0974
vn 0.5452 -0.8374 -0.0387
vn 0.7004 -0.7135 0.0197
vn 0.5533 -0.8285 0.0860
vn 0.7989 -0.5607 -0.2177
vn 0.7930 -0.6047 -0.0746
vn 0.3223 -0.8976 -0.3008
vn 0.9994 -0.0296 -0.0202
vn 0.9717 0.1728 -0.1613
vn 0.3278 -0.5476 0.7698
vn 0.0495 -0.9931 0.1059
vn 0.7918 0.1048 0.6017
vn 0.0750 0.9859 0.1495
vn 0.1429 0.9736 -0.1780
vn -0.7471 -0.6497 -0.1404
vn -0.5262 -0.8445 0.0992
vn -0.4979 -0.8645 0.0684
vn -0.8465 -0.5313 -0.0333
vn -0.9728 -0.0777 0.2183
vn -0.8268 -0.5498 -0.1189
vn -0.9257 -0.3384 -0.1692
vn 0.4132 0.5766 0.7049
vn 0.2490 0.9030 -0.3501
vn 0.3320 0.8746 -0.3533
vn 0.7283 0.3392 -0.5954
vn 0.8433 0.4472 0.2980
vn 0.0868 0.9163 0.3909
vn 0.2204 0.7480 0.6260
vn -0.1322 0.9797 0.1510
vn 0.1216 -0.9740 0.1912
vn 0.5623 -0.1830 0.8064
vn 0.3875 -0.2869 0.8761
vn 0.1478 -0.9884 0.0336
vn -0.5894 -0.1106 -0.8002
vn -0.3211 -0.5739 0.7534
vn -0.2854 -0.0949 0.9537
vn -0.8430 0.1385 0.5197
vn -0.9132 0.1880 0.3614
vn -0.8855 -0.2849 0.3671
vn 0.3193 -0.0342 0.9470
vn -0.8335 -0.4292 0.3481
vn -0.0842 -0.0294 0.9960
vn -0.5765 -0.2090 0.7899
vn -0.7053 -0.3981 0.5866
vn -0.5027 -0.7670 0.3988
vn -0.9198 -0.3592 0.1577
vn 0.8839 0.4469 0.1379
vn 0.5180 0.8516 0.0803
vn 0.5611 0.8017 -0.2059
vn 0.9565 0.0649 -0.2843
vn 0.8787 0.4568 0.1389
vn 0.6201 0.7839 -0.0304
vn 0.8925 0.4510 -0.0099
vn 0.9641 -0.0153 -0.2649
vn 0.2962 -0.1124 -0.9485
vn 0.1038 -0.0308 -0.9941
vn 0.5154 -0.2847 -0.8083
vn 0.9101 -0.3785 -0.1685
vn 0.7162 -0.6957 -0.0554
vn 0.4164 -0.3207 -0.8508
vn 0.7260 0.2549 0.6387
vn -0.0969 0.8603 0.5006
vn -0.0905 0.9482 0.3044
vn 0.6317 0.6279 -0.4547
vn 0.7473 -0.6644 -0.0067
vn -0.2687 0.5162 -0.8132
vn 0.9759 -0.0996 0.1940
vn 0.1990 0.7648 0.6128
vn 0.9189 -0.3401 0.1999
vn 0.1537 -0.9494 -0.2738
vn 0.6610 0.3399 0.6690
vn 0.8953 -0.0354 -0.4440
vn 0.1064 0.9659 0.2362
vn -0.1525 0.9882 -0.0129
vn -0.4794 0.8686 0.1254
vn 0.1973 0.5583 0.8059
vn 0.5698 0.7789 0.2618
vn -0.3449 0.9069 0.2420
vn -0.1178 0.6304 0.7673
vn 0.3937 0.9117 -0.1172
vn 0.3030 0.6480 -0.6988
vn -0.2558 -0.0425 0.9658
vn 0.8484 -0.2656 0.4579
vn -0.3198 0.5362 -0.7811
vn -0.5046 0.2967 0.8108
vn -0.5121 0.7824 -0.3544
vn -0.7405 0.4537 0.4958
vn -0.0086 0.7434 -0.6688
vn -0.3599 0.7812 -0.5101
vn -0.5973 0.6337 -0.4916
vn 0.0946 -0.9739 0.2064
vn -0.4009 -0.9158 0.0259
vn 0.0890 -0.9956 0.0278
vn 0.5486 -0.8358 0.0228
vn -0.5014 -0.8557 0.1280
vn 0.8251 0.5174 0.2268
vn 0.7037 -0.0748 0.7065
vn 0.8866 0.4591 0.0567
vn -0.7826 -0.5632 -0.2651
vn 0.1230 0.9924 -0.0060
vn 0.8925 -0.0566 0.4475
vn 0.2750 0.9609 -0.0322
vn 0.4455 -0.7363 -0.5093
vn 0.5997 -0.4235 -0.6790
vn 0.5939 -0.7982 -0.1005
vn 0.7019 -0.5876 0.4026
vn -0.3171 0.6015 -0.7332
vn 0.0070 0.9999 0.0125
vn 0.1631 -0.6618 0.7317
vn -0.0907 -0.1586 -0.9832
vn 0.0321 -0.0492 -0.9983
vn -0.8345 -0.2852 -0.4715
vn 0.8045 -0.5419 -0.2430
vn 0.9852 0.0138 -0.1709
vn 0.8302 -0.0498 0.5553
vn 0.6119 -0.7751 -0.1576
vn 0.4095 0.2180 -0.8859
vn 0.2093 0.4698 -0.8576
vn 0.8432 0.3220 -0.4306
vn 0.5016 0.8118 -0.2989
vn 0.8062 -0.5896 -0.0489
vn 0.8150 -0.5794 -0.0110
vn 0.6048 -0.7716 -0.1972
vn 0.9788 -0.1585 0.1298
vn 0.6768 -0.7276 -0.1117
vn 0.5094 -0.3642 0.7797
vn 0.4833 -0.3126 0.8178
vn 0.2555 0.3080 0.9165
vn 0.0483 0.7231 0.6890
vn 0.3308 0.4578 0.8252
vn 0.0361 0.8559 0.5159
vn -0.1551 0.7816 0.6041
vn -0.1805 0.8291 0.5292
vn -0.7179 -0.6952 0.0358
vn 0.3967 0.8477 0.3521
vn 0.6022 -0.5916 -0.5360
vn -0.3954 -0.0294 -0.9180
vn -0.9764 -0.0390 -0.2124
vn 0.6386 0.4305 0.6378
vn 0.2733 0.8720 -0.4061
vn 0.9117 0.3686 -0.1814
vn 0.9456 0.3203 0.0563
vn 0.8341 0.2318 0.5005
vn 0.3595 0.6367 0.6822
vn 0.8208 0.4845 0.3025
vn 0.8351 0.5043 0.2196
vn -0.0402 -0.9889 0.1432
vn -0.1441 -0.9539 0.2632
vn -0.5376 -0.8302 0.1473
vn 0.4222 -0.7712 -0.4764
vn 0.3786 -0.7873 0.4866
vn 0.3095 -0.9168 -0.2524
vn -0.6704 -0.4114 -0.6175
vn -0.6656 -0.7266 -0.1704
vn -0.9491 -0.0801 -0.3047
vn -0.9417 -0.2971 0.1578
vn -0.8634 -0.5034 0.0331
vn -0.9605 0.2773 0.0217
vn -0.8902 0.4382 -0.1248
vn -0.4900 0.2277 0.8415
vn -0.0065 -0.9960 0.0896
vn 0.9751 -0.1660 0.1470
vn -0.6038 -0.1693 0.7789
vn -0.1569 -0.8785 0.4512
vn -0.0952 0.9762 0.1949
vn 0.6435 0.4667 0.6067
vn 0.1933 0.5136 -0.8360
vn 0.7749 0.6014 -0.1944
vn 0.6476 -0.7480 0.1450
vn 0.8528 -0.4710 0.2258
vn 0.5088 -0.8476 -0.1509
vn 0.4770 -0.8741 -0.0923
vn 0.7179 -0.6936 -0.0591
vn 0.2618 -0.9580 -0.1172
vn 0.1879 -0.9538 0.2346
vn -0.7853 -0.3464 -0.5131
vn -0.8833 -0.0025 0.4688
vn -0.6723 -0.0448 0.7389
vn -0.8979 -0.4274 -0.1053
vn -0.7874 -0.0516 -0.6142
vn -0.6773 0.3332 -0.6559
vn -0.9748 0.1744 -0.1389
vn -0.2035 -0.8911 -0.4056
vn -0.0712 -0.5549 -0.8289
vn 0.1444 -0.4494 -0.8816
vn 0.4767 -0.8593 -0.1851
vn -0.4841 -0.8314 -0.2727
vn -0.4955 -0.7843 -0.3733
vn -0.8090 -0.0949 0.5801
vn -0.9940 -0.0464 0.0988
vn -0.9718 0.1672 0.1664
vn -0.3483 -0.7458 0.5679
vn -0.9103 -0.3603 0.2037
vn -0.9282 -0.3596 -0.0954
vn -0.4442 0.8955 0.0276
vn 0.6663 -0.7040 -0.2456
vn 0.6517 -0.4459 -0.6136
vn 0.7468 -0.6233 -0.2318
vn 0.8383 -0.4971 0.2241
vn 0.5239 -0.1437 -0.8396
vn 0.7828 -0.1714 -0.5983
vn 0.1689 -0.7570 0.6312
vn -0.5276 0.8494 -0.0092
vn -0.9289 0.3517 0.1156
vn -0.6390 0.7611 0.1113
vn -0.8926 0.4317 0.1299
vn -0.5682 0.8076 -0.1576
vn -0.1712 0.9704 -0.1701
vn -0.0522 0.9948 -0.0876
vn -0.0907 0.6871 0.7208
vn 0.0710 0.0474 0.9963
vn 0.9443 0.3225 -0.0648
vn 0.6903 -0.0444 0.7221
vn 0.2724 0.4532 0.8488
vn 0.6021 0.7918 -0.1022
vn 0.9624 0.1072 -0.2495
vn 0.0743 -0.1563 -0.9849
vn -0.3419 0.7315 -0.5899
vn 0.2517 0.9533 -0.1671
vn 0.1067 -0.9889 -0.1035
vn -0.3837 -0.2246 -0.8957
vn 0.2987 -0.8760 -0.3786
vn 0.6730 -0.6594 -0.3351
vn 0.2394 0.5626 0.7913
vn 0.5751 0.8090 -0.1216
vn 0.5619 0.7826 0.2678
vn -0.7407 0.4661 -0.4839
vn -0.3455 0.7098 -0.6139
vn -0.4353 0.6625 0.6096
vn -0.5995 0.7601 0.2508
vn -0.9374 -0.0725 0.3408
vn -0.8285 -0.5462 -0.1233
vn 0.8441 0.2757 0.4599
vn 0.9978 0.0337 0.0569
vn 0.8762 0.3054 0.3728
vn 0.5267 0.8209 -0.2207
vn 0.7525 0.2003 -0.6274
vn -0.0298 -0.8371 0.5462
vn 0.3244 -0.6504 -0.6868
vn 0.3791 -0.4343 0.8171
vn 0.2728 -0.8497 0.4512
vn 0.5135 -0.8413 0.1688
vn 0.8031 0.5935 -0.0532
vn 0.2356 0.6330 -0.7374
vn 0.5613 0.0579 -0.8256
vn 0.7588 0.1682 -0.6292
vn 0.8153 0.5481 0.1865
vn 0.0291 0.9795 -0.1995
vn -0.3754 0.8211 -0.4299
vn -0.8673 -0.4644 -0.1792
vn -0.8123 -0.5824 0.0304
vn -0.4924 -0.8665 0.0824
vn -0.9618 -0.1403 -0.2351
vn -0.8498 -0.5164 0.1057
vn 0.6253 0.2450 0.7409
vn 0.8142 0.3151 0.4876
vn 0.7702 0.6297 -0.1015
vn 0.9348 0.0463 0.3523
vn 0.9414 -0.1192 0.3156
vn 0.8377 -0.3984 -0.3737
vn -0.8744 -0.0993 -0.4749
vn -0.2213 0.9480 0.2289
vn -0.4177 0.2605 -0.8705
vn -0.3373 0.5693 -0.7498
vn -0.9555 -0.2156 0.2011
vn -0.8802 -0.2761 0.3860
vn -0.6954 -0.4671 0.5462
vn -0.2065 -0.8001 -0.5632
vn -0.4176 -0.6737 0.6097
vn 0.8410 0.5277 -0.1193
vn 0.8722 0.2495 -0.4208
vn 0.8719 0.4897 0.0073
vn 0.4445 0.8867 -0.1273
vn 0.8994 0.4358 0.0330
vn 0.9839 0.1416 -0.1089
vn 0.8976 -0.3490 -0.2692
vn 0.7465 -0.6496 0.1438
vn 0.5241 -0.8237 -0.2164
vn 0.3740 -0.4070 -0.8334
vn 0.1008 -0.7134 -0.6934
vn 0.0010 -0.9613 -0.2756
vn 0.7597 -0.6465 -0.0708
vn -0.8886 0.3087 -0.3392
vn -0.9941 -0.1084 0.0086
vn -0.8692 -0.0851 -0.4870
vn -0.1557 0.9111 0.3815
vn 0.1023 -0.9486 0.2994
vn 0.3429 0.1142 0.9324
vn -0.9823 0.1195 -0.1443
vn 0.0458 -0.6530 0.7560
vn 0.1289 0.8434 0.5216
vn 0.0580 0.5744 0.8165
vn 0.3275 0.9181 0.2232
vn 0.9052 0.2612 0.3353
vn 0.5008 0.8601 -0.0973
vn -0.2021 -0.4915 -0.8471
vn -0.8359 -0.2602 -0.4833
vn -0.9762 -0.2019 -0.0787
vn -0.8577 -0.5048 0.0973
vn 0.5570 -0.8023 0.2146
vn -0.4393 0.5369 0.7202
vn -0.8436 0.5017 0.1913
vn -0.6315 0.2377 0.7381
vn -0.0069 0.0345 0.9994
vn -0.1694 -0.9404 -0.2948
vn -0.0926 -0.0470 -0.9946
vn -0.0079 -0.0090 -0.9999
vn -0.2321 0.9655 -0.1177
vn -0.4325 -0.0071 -0.9016
vn -0.4016 0.3667 0.8392
vn -0.4402 -0.8884 0.1305
vn -0.9481 -0.2252 0.2246
vn -0.9975 0.0709 0.0052
vn -0.5143 -0.8574 0.0180
vn -0.8169 0.5765 -0.0187
vn -0.9249 -0.1598 0.3451
vn -0.9893 -0.0443 -0.1391
vn -0.9525 0.2900 0.0929
vn -0.9769 -0.0945 0.1918
vn -0.8346 -0.5492 -0.0434
vn -0.7687 -0.6315 0.1014
vn -0.3864 0.8789 -0.2799
vn -0.3051 0.8887 0.3421
vn -0.2206 0.6798 -0.6994
vn -0.5429 0.6582 -0.5216
vn 0.7363 -0.3939 0.5502
vn 0.8114 -0.4816 -0.3311
vn -0.7325 -0.0722 -0.6770
vn -0.1316 -0.7595 -0.6371
vn 0.2965 -0.7035 0.6459
vn 0.9480 -0.2780 -0.1552
vn 0.9693 -0.0497 0.2408
vn 0.9377 -0.2966 0.1808
vn 0.9251 -0.0751 0.3722
vn 0.5044 -0.0367 0.8627
vn 0.8958 -0.1548 0.4167
vn 0.1535 -0.0293 -0.9877
vn 0.3678 -0.1885 -0.9106
vn 0.6932 0.6736 -0.2564
vn 0.4365 -0.8984 0.0479
vn 0.7736 -0.2541 0.5805
vn 0.3451 -0.9373 -0.0486
vn -0.0195 0.9436 0.3305
vn 0.0046 0.9902 0.1395
vn 0.2393 0.9698 -0.0484
vn -0.6729 0.7396 -0.0166
vn -0.7579 0.6513 0.0364
vn 0.4928 0.8531 -0.1717
vn 0.1708 0.9588 -0.2272
vn -0.8622 -0.0531 0.5037
vn -0.9963 0.0223 0.0834
vn -0.8917 0.3780 0.2490
vn -0.5300 -0.7005 0.4779
vn -0.7429 -0.6679 0.0445
vn -0.9278 -0.0516 -0.3696
vn -0.0169 -0.9851 -0.1709
vn -0.2525 -0.9634 -0.0898
vn -0.0340 -0.9850 -0.1693
vn 0.5944 0.0125 0.8041
vn 0.3240 0.8320 0.4504
vn 0.5933 -0.1215 -0.7958
vn 0.7143 0.1668 -0.6797
vn 0.8147 -0.0289 -0.5792
vn 0.9336 -0.3581 -0.0100
vn -0.7980 0.3745 0.4722
vn -0.5552 0.8020 0.2206
vn -0.3484 -0.3786 -0.8575
vn -0.3951 0.2376 -0.8874
vn -0.1792 0.3995 -0.8991
vn -0.2500 0.8192 -0.5161
vn -0.4611 -0.1992 -0.8647
vn -0.4124 0.0166 -0.9109
vn 0.4444 0.8458 0.2953
vn -0.7929 0.4861 -0.3674
vn 0.1882 0.9317 -0.3108
vn 0.3848 0.8682 0.3132
vn 0.0858 0.9911 0.1013
vn 0.3259 -0.5184 0.7906
vn -0.5648 0.8147 0.1312
vn -0.8922 0.4253 0.1519
vn 0.5373 0.8434 0.0056
vn 0.8357 0.5305 -0.1424
vn -0.5296 -0.8026 -0.2744
vn -0.2992 -0.8824 -0.3631
vn -0.6364 0.6206 0.4581
vn -0.6521 0.2986 0.6969
vn -0.8196 0.3295 0.4687
vn -0.3634 -0.6768 0.6402
vn -0.1027 -0.8856 0.4529
vn 0.0955 -0.6119 0.7851
vn -0.5443 -0.5703 0.6153
vn 0.5312 -0.4759 0.7010
vn 0.6398 -0.4315 0.6360
vn 0.0768 -0.9723 0.2206
vn 0.3856 -0.7132 0.5854
vn -0.6041 0.6607 -0.4455
vn -0.9898 -0.0943 -0.1069
vn -0.0641 -0.9965 0.0539
vn -0.0392 -0.9420 0.3334
vn -0.8539 -0.0675 0.5161
vn -0.5280 0.8305 -0.1776
vn -0.4914 0.7605 0.4244
vn 0.0620 0.9943 -0.0867
vn -0.5044 0.8320 -0.2312
vn -0.2866 -0.6047 0.7430
vn -0.1738 -0.6333 0.7541
vn -0.8147 -0.5755 0.0717
vn 0.0522 0.9986 -0.0115
vn -0.6251 0.0105 0.7805
vn -0.0972 -0.6779 -0.7287
vn 0.1341 0.5155 0.8463
vn 0.1321 -0.9823 -0.1330
vn 0.4407 -0.8055 -0.3962
vn 0.2506 -0.9424 -0.2215
vn 0.0540 -0.9908 0.1239
vn -0.0830 -0.9769 -0.1969
vn 0.7642 -0.0909 -0.6386
vn 0.4269 -0.7990 -0.4235
vn -0.0414 0.2643 -0.9635
vn -0.8211 -0.3582 -0.4444
vn -0.7292 -0.4493 -0.5162
vn -0.9929 -0.0828 0.0854
vn -0.7952 0.1299 -0.5922
vn -0.7985 -0.1881 -0.5719
vn -0.7609 0.3790 -0.5267
vn 0.6171 0.7561 0.2180
vn 0.7831 0.6066 -0.1372
vn 0.3818 0.5788 -0.7206
vn 0.5562 0.8142 -0.1665
vn 0.8512 -0.5243 -0.0249
vn 0.9071 -0.4173 0.0557
vn -0.6609 0.5196 0.5414
vn -0.4554 0.6731 -0.5827
vn -0.7351 -0.6741 0.0721
vn -0.4858 -0.8623 0.1430
vn 0.6460 -0.0158 -0.7632
vn 0.4834 0.4661 -0.7410
vn 0.7940 0.1258 -0.5948
vn 0.8311 -0.2106 -0.5147
vn 0.4717 -0.2701 -0.8394
vn 0.5869 -0.7914 -0.1712
vn 0.8218 -0.5668 0.0588
vn -0.9341 0.3565 0.0196
vn -0.9843 -0.0173 0.1758
vn 0.3369 0.0594 -0.9397
vn -0.2140 -0.8767 -0.4309
vn 0.8026 -0.4911 0.3386
vn -0.2102 -0.8312 0.5147
vn 0.9709 -0.2189 -0.0968
vn 0.7649 -0.1787 0.6188
vn 0.8264 0.1977 0.5273
vn 0.4369 -0.1062 0.8932
vn 0.4598 0.3278 0.8253
vn -0.6001 0.7932 -0.1039
vn -0.4627 0.7272 0.5071
vn -0.5282 0.7447 -0.4079
vn -0.2035 0.9403 -0.2727
vn -0.3800 -0.9125 0.1513
vn -0.8279 0.3874 -0.4056
vn -0.2929 0.9382 -0.1845
vn -0.5191 0.7847 -0.3389
vn 0.0993 0.5549 -0.8259
vn -0.7281 0.6798 -0.0881
vn -0.4376 0.4738 0.7642
vn -0.7731 0.3277 0.5431
vn -0.4871 -0.0640 0.8710
vn -0.0912 0.9958 0.0089
vn 0.0889 0.9942 -0.0604
vn -0.0670 0.9973 0.0296
vn -0.4408 -0.8932 -0.0889
vn 0.7095 0.0331 0.7039
vn -0.0036 -0.9926 -0.1211
vn -0.8817 -0.3402 0.3269
vn -0.4615 -0.8468 -0.2643
vn 0.4600 -0.6231 0.6326
vn -0.9698 0.1231 0.2108
vn -0.7781 -0.5701 -0.2636
vn -0.4503 -0.6550 -0.6068
vn -0.9165 -0.3014 0.2629
vn 0.1639 -0.4791 0.8623
vn 0.1040 -0.7252 -0.6806
vn -0.2130 -0.9225 -0.3220
vn 0.7828 0.3821 -0.4912
vn -0.3643 -0.6633 -0.6537
vn -0.2561 -0.8592 -0.4429
vn -0.4173 -0.8967 -0.1479
vn 0.9196 -0.1107 -0.3770
vn -0.4473 0.3246 0.8334
vn -0.9732 0.1232 -0.1943
vn -0.7901 0.4018 -0.4630
vn 0.9339 0.3422 -0.1033
vn 0.9417 0.0952 -0.3227
vn 0.9122 0.2027 0.3561
vn -0.4489 -0.3600 -0.8179
vn -0.6210 -0.1166 -0.7751
vn -0.8223 -0.5668 -0.0500
vn 0.0414 -0.9991 -0.0055
vn 0.3742 -0.9196 -0.1197
vn 0.2885 -0.7453 -0.6011
vn -0.5437 -0.1277 -0.8295
vn -0.6066 -0.6554 -0.4500
vn -0.8014 -0.5893 -0.1023
vn 0.1719 -0.5100 0.8428
vn -0.5330 0.8167 -0.2213
vn -0.8314 0.5033 -0.2354
vn -0.9253 -0.0365 -0.3775
vn -0.8747 0.4265 -0.2300
vn -0.7143 -0.0705 0.6963
vn 0.3843 -0.8305 -0.4031
vn -0.4794 -0.8658 -0.1433
vn 0.0087 -0.3995 0.9167
vn -0.8664 0.1441 0.4781
vn -0.4095 0.6365 0.6536
vn 0.4311 -0.9005 -0.0570
vn -0.6261 0.7725 0.1063
vt 0.655175 0.587904
vt 0.700009 0.516417
vt 0.714791 0.517710
vt 0.666112 0.594628
vt 0.650272 0.626189
vt 0.620031 0.599069
vt 0.648476 0.573743
vt 0.682271 0.920190
vt 0.698982 0.934293
vt 0.675841 0.947761
vt 0.695089 0.891916
vt 0.649383 0.915650
vt 0.915282 0.934666
vt 0.951782 0.922807
vt 0.936689 0.993860
vt 0.950168 0.042908
vt 0.928979 0.047981
vt 0.932163 0.038033
vt 0.956698 0.125271
vt 0.201563 0.246483
vt 0.257485 0.179522
vt 0.263295 0.188918
vt 0.927179 0.629973
vt 0.939885 0.629515
vt 0.933330 0.713601
vt 0.951086 0.031475
vt 0.981161 0.242881
vt 0.981161 0.162451
vt 0.997509 0.162377
vt 0.928765 0.618443
vt 0.142422 0.365954
vt 0.135467 0.353339
vt 0.163696 0.351983
vt 0.098903 0.920273
vt 0.036077 0.926615
vt 0.039374 0.906530
vt 0.168153 0.368953
vt 0.137179 0.335122
vt 0.113238 0.320364
vt 0.139690 0.323309
vt 0.127420 0.408605
vt 0.111563 0.333020
vt 0.138715 0.440385
vt 0.930054 0.354359
vt 0.946893 0.366594
vt 0.912487 0.377254
vt 0.936984 0.322642
vt 0.956810 0.333813
vt 0.018679 0.874325
vt 0.012014 0.874405
vt 0.012014 0.774405
vt 0.026154 0.873727
vt 0.906354 0.144405
vt 0.925353 0.046348
vt 0.950628 0.115653
vt 0.610941 0.865528
vt 0.606381 0.865847
vt 0.609886 0.839719
vt 0.474679 0.126682
vt 0.551470 0.202520
vt 0.494726 0.201501
vt 0.673569 0.895854
vt 0.911345 0.152064
vt 0.911067 0.736641
vt 0.924493 0.760271
vt 0.918204 0.781182
vt 0.321017 0.923874
vt 0.340318 0.895524
vt 0.353304 0.917244
vt 0.323707 0.899887
vt 0.275957 0.927388
vt 0.299617 0.907763
vt 0.329470 0.936708
vt 0.977497 0.714500
vt 0.961988 0.719539
vt 0.963065 0.686711
vt 0.052892 0.494256
vt 0.047461 0.440357
vt 0.060377 0.466323
vt 0.372631 0.426851
vt 0.380781 0.443385
vt 0.376277 0.442641
vt 0.376042 0.417254
vt 0.371728 0.448008
vt 0.367969 0.429007
vt 0.038626 0.497283
vt 0.133699 0.705277
vt 0.157216 0.721301
vt 0.119854 0.772726
vt 0.095556 0.759659
vt 0.174550 0.955331
vt 0.115383 0.969919
vt 0.108007 0.935433
vt 0.106697 0.690533
vt 0.184925 0.928082
vt 0.169040 0.997015
vt 0.821871 0.991476
vt 0.751541 0.961269
vt 0.770023 0.931691
vt 0.705143 0.745952
vt 0.671723 0.706529
vt 0.723500 0.731682
vt 0.798323 0.917254
vt 0.484611 0.845068
vt 0.498108 0.808702
vt 0.541492 0.842679
vt 0.447634 0.835794
vt 0.754201 0.574538
vt 0.791412 0.547322
vt 0.785147 0.575619
vt 0.783040 0.655154
vt 0.857205 0.789704
vt 0.870483 0.728692
vt 0.863498 0.790115
vt 0.864131 0.725802
vt 0.471709 0.811738
vt 0.475359 0.819565
vt 0.438219 0.810101
vt 0.481944 0.809274
vt 0.842325 0.775518
vt 0.669142 0.346518
vt 0.647629 0.345558
vt 0.650919 0.300499
vt 0.827915 0.252710
vt 0.819336 0.301368
vt 0.806345 0.253438
vt 0.830325 0.307809
vt 0.369612 0.863066
vt 0.369612 0.826634
vt 0.389237 0.862672
vt 0.659451 0.298612
vt 0.372266 0.902533
vt 0.799873 0.298963
vt 0.789905 0.336443
vt 0.753486 0.299264
vt 0.768046 0.276281
vt 0.157600 0.627975
vt 0.183047 0.573403
vt 0.175951 0.636893
vt 0.137411 0.627117
vt 0.161469 0.560538
vt 0.604692 0.754104
vt 0.633088 0.764543
vt 0.631052 0.803394
vt 0.603044 0.816993
vt 0.570813 0.798453
vt 0.574763 0.752717
vt 0.643720 0.673147
vt 0.670580 0.705157
vt 0.632690 0.685861
vt 0.568159 0.495776
vt 0.538934 0.478903
vt 0.571884 0.467489
vt 0.590540 0.491362
vt 0.586999 0.544625
vt 0.145605 0.882141
vt 0.127535 0.886331
vt 0.122647 0.863332
vt 0.327887 0.182672
vt 0.393676 0.125517
vt 0.379011 0.176395
vt 0.228147 0.308130
vt 0.202523 0.391297
vt 0.170301 0.316841
vt 0.318958 0.135840
vt 0.312179 0.157182
vt 0.324754 0.187776
vt 0.307742 0.169878
vt 0.173878 0.304304
vt 0.227841 0.296926
vt 0.057979 0.391468
vt 0.033869 0.446685
vt 0.049555 0.391110
vt 0.778735 0.100282
vt 0.842354 0.119654
vt 0.813060 0.141189
vt 0.749686 0.064479
vt 0.777865 0.067768
vt 0.260231 0.695835
vt 0.315197 0.695079
vt 0.270446 0.718777
vt 0.744488 0.081491
vt 0.762525 0.118514
vt 0.833105 0.085470
vt 0.007068 0.363665
vt 0.022129 0.283486
vt 0.039667 0.284405
vt 0.921774 0.040998
vt 0.127753 0.173828
vt 0.120910 0.241179
vt 0.104037 0.190435
vt 0.024419 0.375961
vt 0.004571 0.636869
vt 0.004571 0.536246
vt 0.012790 0.635808
vt 0.916137 0.403209
vt 0.816006 0.403209
vt 0.816012 0.395898
vt 0.978087 0.715319
vt 0.969411 0.742023
vt 0.961397 0.727347
vt 0.116372 0.296256
vt 0.145690 0.301314
vt 0.124588 0.311254
vt 0.089894 0.307035
vt 0.714038 0.406640
vt 0.713406 0.399411
vt 0.814372 0.404231
vt 0.945580 0.781002
vt 0.956748 0.767552
vt 0.645330 0.174374
vt 0.650135 0.123223
vt 0.672018 0.129086
vt 0.956046 0.828588
vt 0.001522 0.680607
vt 0.022851 0.678728
vt 0.017802 0.736445
vt 0.631050 0.122001
vt 0.041490 0.794041
vt 0.034654 0.787479
vt 0.066344 0.791413
vt 0.033407 0.883203
vt 0.995974 0.083353
vt 0.995974 0.161687
vt 0.980713 0.155919
vt 0.529502 0.096920
vt 0.521918 0.149704
vt 0.523066 0.103474
vt 0.526209 0.151101
vt 0.596608 0.140416
vt 0.756906 0.155653
vt 0.759094 0.182661
vt 0.717872 0.155199
vt 0.679986 0.850189
vt 0.712464 0.869597
vt 0.797753 0.124619
vt 0.792121 0.168194
vt 0.718992 0.111728
vt 0.356085 0.268939
vt 0.354999 0.286623
vt 0.267989 0.279011
vt 0.368085 0.272225
vt 0.365088 0.285229
vt 0.450496 0.901401
vt 0.470137 0.881761
vt 0.461446 0.944147
vt 0.454331 0.973679
vt 0.363445 0.981631
vt 0.360649 0.970254
vt 0.967324 0.443349
vt 0.967324 0.352238
vt 0.975136 0.443893
vt 0.220233 0.472639
vt 0.201151 0.500017
vt 0.184673 0.486190
vt 0.449898 0.213327
vt 0.458110 0.180175
vt 0.462370 0.180961
vt 0.424331 0.216248
vt 0.424644 0.210949
vt 0.165874 0.377014
vt 0.457537 0.214939
vt 0.629837 0.705267
vt 0.635717 0.726017
vt 0.610516 0.697395
vt 0.608233 0.724190
vt 0.745163 0.335185
vt 0.737822 0.289403
vt 0.746675 0.283457
vt 0.724664 0.324611
vt 0.757333 0.322804
vt 0.670212 0.361819
vt 0.800026 0.363865
vt 0.078021 0.491553
vt 0.083686 0.422586
vt 0.103864 0.420821
vt 0.449932 0.592789
vt 0.458237 0.638137
vt 0.428534 0.624713
vt 0.441554 0.585826
vt 0.842743 0.517234
vt 0.843150 0.528777
vt 0.788156 0.525036
vt 0.815788 0.481134
vt 0.840502 0.476974
vt 0.382391 0.271734
vt 0.450265 0.329358
vt 0.374125 0.287779
vt 0.840333 0.470556
vt 0.872298 0.412890
vt 0.855135 0.485760
vt 0.830570 0.410426
vt 0.994975 0.295067
vt 0.999885 0.294201
vt 0.994163 0.384866
vt 0.957442 0.411031
vt 0.957442 0.318632
vt 0.970633 0.320376
vt 0.687687 0.294896
vt 0.670178 0.303089
vt 0.662991 0.253714
vt 0.722625 0.324423
vt 0.699897 0.339557
vt 0.678940 0.247705
vt 0.704446 0.253676
vt 0.712457 0.288568
vt 0.834384 0.802329
vt 0.852109 0.814742
vt 0.821306 0.825020
vt 0.610314 0.145762
vt 0.608764 0.196521
vt 0.589083 0.191293
vt 0.637269 0.148029
vt 0.797791 0.814132
vt 0.868653 0.575051
vt 0.867204 0.637902
vt 0.859391 0.612413
vt 0.976108 0.621702
vt 0.976108 0.657564
vt 0.963872 0.634291
vt 0.574080 0.145066
vt 0.226075 0.939451
vt 0.194439 0.927315
vt 0.233782 0.911732
vt 0.819066 0.860623
vt 0.842807 0.840418
vt 0.825801 0.884987
vt 0.251969 0.936778
vt 0.074500 0.979336
vt 0.793477 0.890140
vt 0.785928 0.867153
vt 0.386937 0.373343
vt 0.380899 0.360014
vt 0.390842 0.356876
vt 0.935989 0.423338
vt 0.943790 0.516748
vt 0.935972 0.517562
vt 0.267928 0.337303
vt 0.395714 0.356402
vt 0.929226 0.520115
vt 0.469672 0.353628
vt 0.450913 0.652741
vt 0.827012 0.408968
vt 0.515205 0.650910
vt 0.498479 0.677818
vt 0.069076 0.393822
vt 0.075754 0.325477
vt 0.110195 0.346796
vt 0.564128 0.892942
vt 0.588019 0.952872
vt 0.544885 0.914060
vt 0.200257 0.755775
vt 0.161895 0.806476
vt 0.176931 0.738562
vt 0.595064 0.880646
vt 0.604695 0.931445
vt 0.033392 0.383804
vt 0.453401 0.981630
vt 0.535686 0.954894
vt 0.530549 0.988062
vt 0.970467 0.766340
vt 0.962937 0.762133
vt 0.966296 0.757510
vt 0.963405 0.684982
vt 0.964459 0.678459
vt 0.972196 0.682099
vt 0.961389 0.785645
vt 0.977040 0.702714
vt 0.978591 0.765417
vt 0.637850 0.476238
vt 0.632882 0.517873
vt 0.613942 0.495900
vt 0.605519 0.466455
vt 0.363961 0.582512
vt 0.346338 0.611735
vt 0.339051 0.583382
vt 0.371831 0.593065
vt 0.638028 0.450656
vt 0.375199 0.818609
vt 0.433741 0.817865
vt 0.376609 0.825602
vt 0.355833 0.037959
vt 0.399363 0.008536
vt 0.364929 0.047516
vt 0.499193 0.678992
vt 0.551371 0.662278
vt 0.552701 0.678992
vt 0.376180 0.809299
vt 0.890698 0.510073
vt 0.916653 0.517936
vt 0.885502 0.553592
vt 0.862613 0.549766
vt 0.639315 0.238198
vt 0.609271 0.243425
vt 0.639317 0.185776
vt 0.333401 0.512484
vt 0.282859 0.477072
vt 0.349183 0.498895
vt 0.638859 0.292412
vt 0.606363 0.293426
vt 0.277799 0.507164
vt 0.466852 0.049325
vt 0.479091 0.013932
vt 0.546589 0.035863
vt 0.130868 0.127010
vt 0.178475 0.113834
vt 0.165848 0.143321
vt 0.144766 0.093412
vt 0.085618 0.107430
vt 0.149177 0.168379
vt 0.074596 0.138665
vt 0.966993 0.444685
vt 0.982908 0.444685
vt 0.976008 0.533490
vt 0.402151 0.891809
vt 0.433077 0.860145
vt 0.439463 0.884744
vt 0.933076 0.885195
vt 0.923094 0.876254
vt 0.954257 0.829539
vt 0.648165 0.013615
vt 0.648165 0.072198
vt 0.630109 0.015858
vt 0.908272 0.904980
vt 0.893461 0.893523
vt 0.941754 0.904926
vt 0.221481 0.040819
vt 0.148750 0.040686
vt 0.153626 0.019913
vt 0.413915 0.119036
vt 0.384596 0.094354
vt 0.414688 0.102118
vt 0.223488 0.102620
vt 0.223553 0.089109
vt 0.264317 0.099475
vt 0.156242 0.041725
vt 0.378289 0.100008
vt 0.143469 0.055034
vt 0.496367 0.067078
vt 0.718664 0.387385
vt 0.685017 0.451506
vt 0.680306 0.387385
vt 0.530465 0.487843
vt 0.503543 0.436021
vt 0.534990 0.436127
vt 0.566386 0.441855
vt 0.537935 0.506248
vt 0.500286 0.484607
vt 0.717586 0.362761
vt 0.759673 0.891616
vt 0.752019 0.868356
vt 0.203783 0.904484
vt 0.160355 0.921407
vt 0.748826 0.745915
vt 0.728870 0.713958
vt 0.755054 0.709234
vt 0.279975 0.122023
vt 0.284010 0.047593
vt 0.299012 0.062921
vt 0.763133 0.744614
vt 0.771470 0.766772
vt 0.733518 0.767181
vt 0.026712 0.774955
vt 0.031806 0.874956
vt 0.020017 0.775541
vt 0.033555 0.774846
vt 0.703238 0.217026
vt 0.669337 0.197703
vt 0.716705 0.187281
vt 0.886940 0.391040
vt 0.921159 0.394102
vt 0.739940 0.225723
vt 0.061251 0.083724
vt 0.042288 0.063508
vt 0.048857 0.062258
vt 0.896171 0.904650
vt 0.905234 0.904334
vt 0.898599 0.957066
vt 0.035035 0.149283
vt 0.064755 0.080749
vt 0.824109 0.971610
vt 0.676682 0.714303
vt 0.707987 0.757718
vt 0.684775 0.789667
vt 0.345798 0.071468
vt 0.373388 0.103951
vt 0.356693 0.116609
vt 0.608714 0.072649
vt 0.631603 0.074695
vt 0.000149 0.941416
vt 0.000611 0.920101
vt 0.611251 0.126896
vt 0.583041 0.075822
vt 0.330636 0.077668
vt 0.414582 0.658553
vt 0.448047 0.677929
vt 0.580443 0.398730
vt 0.612821 0.366723
vt 0.652828 0.375419
vt 0.639796 0.392380
vt 0.719654 0.899777
vt 0.733707 0.937114
vt 0.806373 0.819091
vt 0.809794 0.849712
vt 0.774522 0.826740
vt 0.489180 0.845879
vt 0.493305 0.930050
vt 0.024040 0.417887
vt 0.032696 0.516826
vt 0.016907 0.520109
vt 0.567235 0.764829
vt 0.551890 0.804453
vt 0.520923 0.757246
vt 0.004504 0.288707
vt 0.004504 0.189671
vt 0.020298 0.289496
vt 0.171217 0.997014
vt 0.171217 0.985625
vt 0.266779 0.987977
vt 0.883738 0.686102
vt 0.841845 0.682994
vt 0.873454 0.656878
vt 0.661626 0.992968
vt 0.643441 0.963727
vt 0.654481 0.967088
vt 0.699033 0.996808
vt 0.699033 0.935732
vt 0.722098 0.995335
vt 0.702425 0.936636
vt 0.725650 0.937447
vt 0.724024 0.996896
vt 0.907998 0.690613
vt 0.861742 0.705703
vt 0.957006 0.271871
vt 0.930085 0.282429
vt 0.941922 0.256996
vt 0.966439 0.245671
vt 0.999065 0.272648
vt 0.991173 0.305957
vt 0.963389 0.317810
vt 0.326646 0.980199
vt 0.324998 0.989543
vt 0.232382 0.985324
vt 0.580492 0.408452
vt 0.639141 0.399323
vt 0.603617 0.452986
vt 0.014487 0.638226
vt 0.014487 0.535882
vt 0.030652 0.635643
vt 0.360446 0.974347
vt 0.267994 0.982435
vt 0.265546 0.968457
vt 0.161977 0.519972
vt 0.104362 0.532048
vt 0.091496 0.484031
vt 0.159923 0.477314
vt 0.161595 0.314428
vt 0.151816 0.338812
vt 0.162451 0.323504
vt 0.172798 0.327029
vt 0.143749 0.323828
vt 0.015332 0.019177
vt 0.098945 0.032226
vt 0.016337 0.030668
vt 0.470917 0.877053
vt 0.471658 0.856644
vt 0.102372 0.019332
vt 0.907345 0.153234
vt 0.943449 0.152423
vt 0.928110 0.224587
vt 0.010969 0.003658
vt 0.694878 0.836520
vt 0.683026 0.813666
vt 0.695894 0.812478
vt 0.141504 0.014640
vt 0.131330 0.043758
vt 0.130651 0.010198
vt 0.686211 0.843208
vt 0.705465 0.830035
vt 0.250117 0.356212
vt 0.250931 0.360830
vt 0.213433 0.359841
vt 0.463926 0.046513
vt 0.471548 0.032064
vt 0.215706 0.355073
vt 0.244171 0.283390
vt 0.788325 0.725579
vt 0.815619 0.754102
vt 0.292393 0.306679
vt 0.244244 0.739229
vt 0.289608 0.746413
vt 0.251118 0.758356
vt 0.736966 0.098784
vt 0.714376 0.059587
vt 0.215446 0.765549
vt 0.954820 0.376093
vt 0.755277 0.435786
vt 0.752303 0.477004
vt 0.742442 0.433919
vt 0.277524 0.203727
vt 0.269568 0.204886
vt 0.273025 0.184357
vt 0.284915 0.183713
vt 0.280619 0.222393
vt 0.286167 0.199110
vt 0.008042 0.638046
vt 0.026289 0.640907
vt 0.162480 0.861556
vt 0.203276 0.867815
vt 0.164464 0.878213
vt 0.369937 0.271144
vt 0.372482 0.264539
vt 0.376047 0.265263
vt 0.368091 0.265405
vt 0.805127 0.168321
vt 0.868045 0.172720
vt 0.795204 0.173410
vt 0.793774 0.161248
vt 0.076849 0.676149
vt 0.092036 0.731263
vt 0.065738 0.733792
vt 0.150881 0.060667
vt 0.083514 0.075569
vt 0.046263 0.680521
vt 0.048866 0.637067
vt 0.077725 0.643633
vt 0.104133 0.671983
vt 0.477663 0.541096
vt 0.427251 0.525171
vt 0.475881 0.520725
vt 0.442723 0.571129
vt 0.428856 0.545639
vt 0.350466 0.016621
vt 0.327153 0.000000
vt 0.476580 0.570294
vt 0.556831 0.819076
vt 0.757029 0.201674
vt 0.801894 0.196597
vt 0.885879 0.413901
vt 0.905582 0.849483
vt 0.842822 0.839295
vt 0.873355 0.802827
vt 0.557785 0.180142
vt 0.506030 0.928745
vt 0.496812 0.963462
vt 0.476694 0.938818
vt 0.922966 0.314098
vt 0.920566 0.263865
vt 0.536099 0.952956
vt 0.224263 0.492165
vt 0.243548 0.499155
vt 0.203396 0.518343
vt 0.233501 0.443775
vt 0.253686 0.451172
vt 0.212866 0.493089
vt 0.096599 0.045002
vt 0.369324 0.300534
vt 0.361468 0.301741
vt 0.364752 0.313920
vt 0.358239 0.315461
vt 0.293091 0.685261
vt 0.339080 0.683972
vt 0.335844 0.701383
vt 0.297474 0.665696
vt 0.684927 0.348131
vt 0.243592 0.696909
vt 0.507348 0.073887
vt 0.511031 0.071674
vt 0.510668 0.130994
vt 0.068280 0.785943
vt 0.136295 0.806516
vt 0.163248 0.825981
vt 0.121073 0.825279
vt 0.826460 0.941328
vt 0.830929 0.916320
vt 0.853636 0.940198
vt 0.185156 0.807748
vt 0.307982 0.798365
vt 0.303784 0.829139
vt 0.285730 0.812720
vt 0.805122 0.933957
vt 0.331979 0.814915
vt 0.415757 0.473110
vt 0.453493 0.482248
vt 0.457250 0.503838
vt 0.194549 0.192906
vt 0.188826 0.142703
vt 0.204932 0.160952
vt 0.173780 0.225991
vt 0.172257 0.174739
vt 0.228222 0.212535
vt 0.439722 0.521485
vt 0.362760 0.053088
vt 0.381684 0.048127
vt 0.313599 0.083220
vt 0.338787 0.120864
vt 0.325558 0.126912
vt 0.648698 0.073278
vt 0.308483 0.122524
vt 0.672825 0.076316
vt 0.294555 0.081491
vt 0.380784 0.460070
vt 0.386105 0.458333
vt 0.949615 0.221617
vt 0.978429 0.210093
vt 0.373951 0.464195
vt 0.387838 0.332291
vt 0.110459 0.420829
vt 0.161838 0.459426
vt 0.090657 0.818823
vt 0.104080 0.864481
vt 0.048235 0.845773
vt 0.992903 0.465290
vt 0.982296 0.468736
vt 0.985908 0.451899
vt 0.133869 0.842906
vt 0.071642 0.788768
vt 0.370107 0.887458
vt 0.676157 0.969517
vt 0.677248 0.952582
vt 0.697671 0.958894
vt 0.451996 0.980978
vt 0.696522 0.995884
vt 0.382414 0.529517
vt 0.389650 0.496754
vt 0.424060 0.492284
vt 0.834509 0.564245
vt 0.812416 0.586456
vt 0.291539 0.563159
vt 0.321653 0.601571
vt 0.454590 0.736499
vt 0.491336 0.740201
vt 0.485965 0.760574
vt 0.647234 0.738630
vt 0.303652 0.614144
vt 0.281302 0.611726
vt 0.490294 0.713890
vt 0.463938 0.767880
vt 0.244185 0.435724
vt 0.222582 0.366971
vt 0.252419 0.367139
vt 0.290428 0.426818
vt 0.245981 0.442331
vt 0.204874 0.443784
vt 0.293638 0.374821
vt 0.906824 0.703678
vt 0.913560 0.772251
vt 0.876378 0.734549
vt 0.550440 0.089095
vt 0.583566 0.055924
vt 0.594590 0.069442
vt 0.235799 0.630670
vt 0.214662 0.634789
vt 0.227441 0.576276
vt 0.250132 0.576885
vt 0.257303 0.630718
vt 0.275122 0.845478
vt 0.299365 0.859581
vt 0.264691 0.880015
vt 0.638959 0.851829
vt 0.666959 0.828519
vt 0.251514 0.829572
vt 0.263683 0.042052
vt 0.258150 0.090570
vt 0.316639 0.544419
vt 0.281605 0.522502
vt 0.321977 0.524499
vt 0.344039 0.560781
vt 0.285439 0.542529
vt 0.911704 0.239388
vt 0.904269 0.240039
vt 0.905322 0.139922
vt 0.096403 0.806490
vt 0.138283 0.792649
vt 0.157702 0.682802
vt 0.190404 0.642930
vt 0.178506 0.680615
vt 0.166660 0.727957
vt 0.137423 0.695271
vt 0.140288 0.638007
vt 0.767335 0.854449
vt 0.737502 0.844980
vt 0.745314 0.814202
vt 0.567005 0.704796
vt 0.546837 0.683658
vt 0.558710 0.678836
vt 0.095920 0.638963
vt 0.138373 0.586363
vt 0.113890 0.653144
vt 0.086329 0.650025
vt 0.278894 0.174067
vt 0.629305 0.670365
vt 0.554474 0.711004
vt 0.380582 0.226894
vt 0.843882 0.123404
vt 0.881849 0.006556
vt 0.890741 0.098537
vt 0.385388 0.228135
vt 0.283844 0.257082
vt 0.396346 0.193226
vt 0.303568 0.190667
vt 0.867354 0.170134
vt 0.877730 0.106767
vt 0.898697 0.174415
vt 0.900799 0.177858
vt 0.179488 0.862410
vt 0.151996 0.847929
vt 0.967637 0.225529
vt 0.938570 0.224353
vt 0.194802 0.830601
vt 0.275101 0.222466
vt 0.256385 0.549532
vt 0.244344 0.527995
vt 0.275783 0.507671
vt 0.492877 0.633914
vt 0.487953 0.615536
vt 0.538620 0.618508
vt 0.975159 0.553185
vt 0.975159 0.611994
vt 0.962341 0.554518
vt 0.788576 0.003079
vt 0.715891 0.036355
vt 0.717168 0.020915
vt 0.979036 0.552365
vt 0.962928 0.552365
vt 0.966074 0.491286
vt 0.544743 0.275406
vt 0.505767 0.356537
vt 0.452754 0.293359
vt 0.085138 0.236247
vt 0.105924 0.242379
vt 0.553570 0.285582
vt 0.033376 0.045192
vt 0.034565 0.145780
vt 0.017616 0.134576
vt 0.075124 0.170638
vt 0.090151 0.282001
vt 0.013127 0.050156
vt 0.903474 0.256620
vt 0.901642 0.273660
vt 0.861839 0.283046
vt 0.062829 0.997007
vt 0.047212 0.968408
vt 0.072838 0.982713
vt 0.210249 0.096342
vt 0.169677 0.137459
vt 0.743974 0.848370
vt 0.221089 0.111809
vt 0.193271 0.087997
vt 0.745458 0.892548
vt 0.907279 0.956763
vt 0.900414 0.994972
vt 0.913986 0.952257
vt 0.584834 0.637353
vt 0.613953 0.593584
vt 0.909666 0.993651
vt 0.735674 0.513192
vt 0.738334 0.474267
vt 0.746619 0.520599
vt 0.710458 0.495403
vt 0.726495 0.536083
vt 0.580309 0.590997
vt 0.534085 0.602481
vt 0.528982 0.583844
vt 0.583025 0.607518
vt 0.990474 0.307692
vt 0.990474 0.400642
vt 0.979268 0.312501
vt 0.552055 0.729809
vt 0.597711 0.722943
vt 0.548666 0.754404
vt 0.016425 0.522412
vt 0.032683 0.518056
vt 0.029306 0.620337
vt 0.601081 0.687167
vt 0.419963 0.989906
vt 0.326069 0.989906
vt 0.329386 0.977852
vt 0.035447 0.884883
vt 0.908128 0.805779
vt 0.910385 0.836276
vt 0.889152 0.816230
vt 0.926058 0.823627
vt 0.886506 0.786416
vt 0.791094 0.417151
vt 0.781588 0.484207
vt 0.753576 0.407487
vt 0.404662 0.582608
vt 0.794849 0.331040
vt 0.826336 0.369313
vt 0.328215 0.961606
vt 0.233293 0.961606
vt 0.233378 0.951092
vt 0.950220 0.667658
vt 0.938669 0.662271
vt 0.949630 0.569445
vt 0.939029 0.762574
vt 0.939029 0.663847
vt 0.954325 0.763237
vt 0.732309 0.244736
vt 0.832672 0.244736
vt 0.832436 0.251792
vt 0.099452 0.041927
vt 0.106871 0.030485
vt 0.119922 0.042129
vt 0.100273 0.382625
vt 0.121578 0.388725
vt 0.080692 0.397240
vt 0.815310 0.396368
vt 0.815310 0.403236
vt 0.714948 0.396504
vt 0.022580 0.423627
vt 0.015557 0.523756
vt 0.015541 0.423627
vt 0.080709 0.382455
vt 0.881726 0.297302
vt 0.906900 0.287454
vt 0.918504 0.367641
vt 0.881911 0.379090
vt 0.837695 0.310763
vt 0.344211 0.716124
vt 0.305307 0.768924
vt 0.717821 0.763088
vt 0.770243 0.779980
vt 0.695424 0.795618
vt 0.603245 0.536505
vt 0.711958 0.762511
vt 0.040123 0.278728
vt 0.009645 0.213368
vt 0.044918 0.177621
vt 0.220408 0.559004
vt 0.911492 0.259126
vt 0.918481 0.259100
vt 0.918481 0.359948
vt 0.721318 0.222500
vt 0.904435 0.260111
vt 0.589422 0.243460
vt 0.190781 0.085095
vt 0.761804 0.916950
vt 0.130604 0.657017
vt 0.135694 0.672536
vt 0.702263 0.023956
vt 0.505790 0.360372
vt 0.470874 0.353639
vt 0.539253 0.354623
vt 0.539501 0.358813
vt 0.067630 0.282765
vt 0.054042 0.291955
vt 0.209770 0.737489
vt 0.208390 0.712992
vt 0.259402 0.702443
vt 0.738852 0.027086
vt 0.787906 0.032926
vt 0.750284 0.043105
vt 0.483638 0.518275
vt 0.484720 0.499471
vt 0.526587 0.521581
vt 0.983744 0.449092
vt 0.989995 0.446608
vt 0.992447 0.454828
vt 0.977072 0.671790
vt 0.983840 0.437125
vt 0.041332 0.277110
vt 0.049253 0.232185
vt 0.073747 0.282716
vt 0.132735 0.916373
vt 0.845013 0.393182
vt 0.799750 0.329406
vt 0.537766 0.269900
vt 0.557206 0.235514
vt 0.570110 0.289010
vt 0.441382 0.827631
vt 0.501961 0.784211
vt 0.509660 0.755355
vt 0.510839 0.783441
vt 0.517972 0.731057
vt 0.539886 0.872922
vt 0.542063 0.901170
vt 0.503768 0.925650
vt 0.636395 0.303260
vt 0.617477 0.351764
vt 0.608335 0.322333
vt 0.772056 0.256108
vt 0.204821 0.579600
vt 0.196585 0.630815
vt 0.915394 0.928894
vt 0.952255 0.921653
vt 0.210472 0.539694
vt 0.898636 0.181381
vt 0.896600 0.240419
vt 0.876571 0.236956
vt 0.867664 0.176086
vt 0.383414 0.177505
vt 0.398441 0.128554
vt 0.962355 0.382187
vt 0.966216 0.383221
vt 0.965555 0.470988
vt 0.981967 0.341859
vt 0.989581 0.428881
vt 0.978674 0.432942
vt 0.073280 0.925715
vt 0.032009 0.982519
vt 0.014022 0.936816
vt 0.466112 0.431296
vt 0.643878 0.509473
vt 0.664572 0.460527
vt 0.046244 0.176610
vt 0.072791 0.233677
vt 0.259784 0.896048
vt 0.233104 0.887149
vt 0.104343 0.891874
vt 0.099665 0.547587
vt 0.072033 0.485705
vt 0.113276 0.547642
vt 0.104761 0.556141
vt 0.775312 0.242934
vt 0.798373 0.217591
vt 0.007651 0.526733
vt 0.007651 0.426144
vt 0.014670 0.526262
vt 0.349827 0.328912
vt 0.353682 0.305870
vt 0.916500 0.860897
vt 0.855636 0.940393
vt 0.894902 0.856699
vt 0.034840 0.045658
vt 0.105769 0.671695
vt 0.703259 0.047588
vt 0.690488 0.022366
vt 0.134354 0.684211
vt 0.385817 0.696415
vt 0.394703 0.653135
vt 0.405227 0.696807
vt 0.937122 0.615765
vt 0.362275 0.691913
vt 0.226177 0.692439
vt 0.038444 0.340184
vt 0.110457 0.324614
vt 0.990998 0.438531
vt 0.991280 0.428604
vt 0.784612 0.661019
vt 0.534494 0.945292
vt 0.321462 0.653598
vt 0.323754 0.631719
vt 0.354835 0.621513
vt 0.514621 0.690587
vt 0.507964 0.700345
vt 0.915462 0.446141
vt 0.879478 0.523602
vt 0.297475 0.645202
vt 0.389921 0.656583
vt 0.639975 0.217841
vt 0.769885 0.625580
vt 0.701535 0.647789
vt 0.759379 0.592945
vt 0.708971 0.678477
vt 0.781058 0.660583
vt 0.051811 0.058155
vt 0.066682 0.077617
vt 0.112543 0.003609
vt 0.136291 0.062650
vt 0.439864 0.796545
vt 0.318569 0.796545
vt 0.357246 0.758514
vt 0.469629 0.249286
vt 0.442895 0.312805
vt 0.390225 0.230621
vt 0.358361 0.332748
vt 0.008670 0.423168
vt 0.112096 0.007069
vt 0.629279 0.663744
vt 0.885404 0.627824
vt 0.912250 0.618206
vt 0.221281 0.864506
vt 0.999791 0.244565
vt 0.948846 0.409619
vt 0.932956 0.405184
vt 0.733133 0.409850
vt 0.722702 0.442502
vt 0.268805 0.126400
vt 0.278239 0.096667
vt 0.258199 0.155463
vt 0.940717 0.438767
vt 0.485190 0.050550
vt 0.550628 0.210572
vt 0.495851 0.208851
vt 0.448247 0.837000
vt 0.005285 0.907689
vt 0.425967 0.125094
vt 0.417318 0.619801
vt 0.506407 0.727357
vt 0.809846 0.853424
vt 0.887531 0.640221
vt 0.333891 0.844427
vt 0.324846 0.878520
vt 0.300626 0.886770
vt 0.407002 0.329534
vt 0.074545 0.791496
vt 0.079647 0.410819
vt 0.105365 0.407641
vt 0.532390 0.685535
vt 0.654455 0.267450
vt 0.649437 0.261126
vt 0.925170 0.759274
vt 0.925170 0.660368
vt 0.937926 0.754150
vt 0.788244 0.536958
vt 0.705389 0.254316
vt 0.827628 0.642180
vt 0.831633 0.665690
vt 0.560933 0.370411
vt 0.543656 0.381236
vt 0.548612 0.343460
vt 0.792599 0.706673
vt 0.715916 0.709139
vt 0.914396 0.232676
vt 0.368029 0.861203
vt 0.587713 0.631200
vt 0.643589 0.452715
vt 0.377440 0.699407
vt 0.539378 0.363228
vt 0.975030 0.427949
vt 0.967773 0.344993
vt 0.981136 0.335940
vt 0.553557 0.437888
vt 0.505010 0.364029
vt 0.427698 0.111994
vt 0.710409 0.156553
vt 0.688813 0.151656
vt 0.723010 0.078884
vt 0.140792 0.558579
vt 0.518512 0.725497
vt 0.525405 0.715156
vt 0.541175 0.714711
vt 0.106540 0.689382
vt 0.890886 0.006125
vt 0.892530 0.106474
vt 0.884139 0.006715
vt 0.661821 0.006482
vt 0.674311 0.027238
vt 0.089983 0.695879
vt 0.899096 0.006458
vt 0.604708 0.841702
vt 0.600303 0.839502
vt 0.603548 0.819124
vt 0.602249 0.864820
vt 0.197091 0.691582
vt 0.469540 0.181177
vt 0.468376 0.203539
vt 0.035637 0.392224
vt 0.982819 0.469964
vt 0.992380 0.466857
vt 0.987776 0.474115
vt 0.162703 0.519811
vt 0.633765 0.756416
vt 0.663793 0.750078
vt 0.591332 0.750256
vt 0.699071 0.076441
vt 0.725800 0.284183
vt 0.755771 0.528402
vt 0.600778 0.302813
vt 0.873884 0.026566
vt 0.843875 0.118924
vt 0.859138 0.022941
vt 0.419095 0.609128
vt 0.876401 0.694005
vt 0.799230 0.915650
vt 0.853419 0.891601
vt 0.190991 0.770415
vt 0.207971 0.793412
vt 0.387526 0.176894
vt 0.403798 0.127244
vt 0.908111 0.119740
vt 0.469928 0.357393
vt 0.674117 0.819398
vt 0.659960 0.798309
vt 0.478120 0.007255
vt 0.471858 0.031007
vt 0.461926 0.021728
vt 0.465859 0.002227
vt 0.039312 0.732597
vt 0.676846 0.170131
vt 0.690065 0.793693
vt 0.723202 0.530938
vt 0.169175 0.222790
vt 0.226438 0.287208
vt 0.298919 0.888300
vt 0.698347 0.936159
vt 0.571246 0.854426
vt 0.540878 0.848061
vt 0.383601 0.547635
vt 0.114230 0.057415
vt 0.130312 0.417680
vt 0.142136 0.055410
vt 0.646883 0.951476
vt 0.642123 0.958605
vt 0.651892 0.957411
vt 0.259149 0.778826
vt 0.242726 0.792877
vt 0.316831 0.796984
vt 0.335333 0.534433
vt 0.799343 0.694416
vt 0.356311 0.484852
vt 0.495408 0.216770
vt 0.548252 0.218322
vt 0.613143 0.867616
vt 0.671083 0.947364
vt 0.618772 0.939990
vt 0.470355 0.288993
vt 0.359283 0.430485
vt 0.356397 0.410008
vt 0.361946 0.412625
vt 0.073324 0.928092
vt 0.713544 0.634494
vt 0.167934 0.899540
vt 0.204241 0.884126
vt 0.223443 0.009758
vt 0.260186 0.006184
vt 0.554903 0.005151
vt 0.658156 0.643561
vt 0.596633 0.005374
vt 0.100860 0.879473
vt 0.961971 0.591902
vt 0.977514 0.618823
vt 0.962793 0.632801
vt 0.083828 0.096430
vt 0.256088 0.670129
vt 0.274889 0.601692
vt 0.135089 0.553904
vt 0.103867 0.560644
vt 0.103091 0.626894
vt 0.131909 0.551054
vt 0.158622 0.547389
vt 0.119794 0.286703
vt 0.901890 0.107605
vt 0.893494 0.107605
vt 0.900172 0.007474
vt 0.911566 0.107516
vt 0.978556 0.735790
vt 0.978556 0.763714
vt 0.961920 0.749906
vt 0.378674 0.391959
vt 0.373662 0.407431
vt 0.370466 0.386771
vt 0.469508 0.355229
vt 0.221196 0.651599
vt 0.858788 0.243928
vt 0.399031 0.193693
vt 0.402189 0.193918
vt 0.663927 0.835884
vt 0.236644 0.834418
vt 0.276670 0.044494
vt 0.842429 0.923767
vt 0.877904 0.850281
vt 0.980124 0.111362
vt 0.958368 0.111362
vt 0.972206 0.022567
vt 0.979559 0.112219
vt 0.396383 0.834679
vt 0.787602 0.722068
vt 0.786417 0.744620
vt 0.771014 0.708641
vt 0.254679 0.282750
vt 0.527177 0.176838
vt 0.214662 0.270502
vt 0.616152 0.958829
vt 0.825124 0.051332
vt 0.843163 0.025974
vt 0.613506 0.009722
vt 0.640436 0.647710
vt 0.666530 0.698049
vt 0.189433 0.363417
vt 0.690119 0.075790
vt 0.689957 0.047238
vt 0.469083 0.429079
vt 0.076819 0.170484
vt 0.056424 0.280785
vt 0.545677 0.902106
vt 0.280511 0.239625
vt 0.443950 0.417407
vt 0.469138 0.361186
vt 0.487076 0.594871
vt 0.450977 0.593708
vt 0.912526 0.007973
vt 0.912526 0.108098
vt 0.905430 0.007987
vt 0.519559 0.693742
vt 0.556965 0.949762
vt 0.555598 0.982946
vt 0.377317 0.931808
vt 0.356048 0.938932
vt 0.641127 0.957645
vt 0.843021 0.598528
vt 0.814772 0.672916
vt 0.701193 0.836124
vt 0.006857 0.896755
vt 0.007180 0.875549
vt 0.042322 0.888157
vt 0.261567 0.579307
vt 0.943267 0.517857
vt 0.943267 0.615575
vt 0.928756 0.614056
vt 0.445203 0.700440
vt 0.494930 0.709314
vt 0.280287 0.442471
vt 0.171775 0.982703
vt 0.205625 0.968361
vt 0.206421 0.983430
vt 0.239825 0.507869
vt 0.204076 0.521799
vt 0.700623 0.852859
vt 0.544074 0.735389
vt 0.661294 0.961022
vt 0.811439 0.251365
vt 0.710386 0.251365
vt 0.710833 0.244667
vt 0.013815 0.535399
vt 0.013815 0.636228
vt 0.007019 0.535634
vt 0.078622 0.622453
vt 0.273234 0.795274
vt 0.753203 0.931317
vt 0.955196 0.124626
vt 0.956741 0.130465
vt 0.605916 0.890979
vt 0.281909 0.451614
vt 0.624103 0.073398
vt 0.624103 0.000511
vt 0.646234 0.072743
vt 0.710597 0.058119
vt 0.112836 0.996008
vt 0.830415 0.001586
vt 0.830844 0.026158
vt 0.789196 0.031648
vt 0.145517 0.014620
vt 0.218570 0.018449
vt 0.217807 0.038455
vt 0.030645 0.873118
vt 0.976684 0.660182
vt 0.964944 0.676949
vt 0.964288 0.644975
vt 0.759633 0.477153
vt 0.672591 0.854469
vt 0.360447 0.739602
vt 0.258887 0.815859
vt 0.138112 0.546319
vt 0.103025 0.906391
vt 0.347466 0.581498
vt 0.867957 0.797067
vt 0.884835 0.785986
vt 0.273799 0.586186
vt 0.586777 0.130147
vt 0.840113 0.279766
vt 0.286163 0.171672
vt 0.521177 0.168266
vt 0.771796 0.495288
vt 0.288653 0.238495
vt 0.287165 0.217225
vt 0.771588 0.801400
vt 0.231347 0.863833
vt 0.257823 0.852215
vt 0.365897 0.207520
vt 0.272555 0.361121
vt 0.998940 0.160955
vt 0.998940 0.243807
vt 0.984691 0.240114
vt 0.266717 0.981087
vt 0.213028 0.951589
vt 0.390927 0.004828
vt 0.561250 0.453838
vt 0.000653 0.131881
s 1
usemtl Material
f 1/1/1 394/2/2 2/3/3
f 1/1/1 2/3/3 3/4/4
f 1/1/1 369/5/5 4/6/6
f 1/1/1 5/7/7 394/2/2
f 1/1/1 4/6/6 5/7/7
f 1/1/1 3/4/4 369/5/5
f 9/8/8 6/9/9 7/10/10
f 9/8/8 98/11/11 6/9/9
f 9/8/8 8/12/12 98/11/11
f 9/13/8 7/14/10 8/15/12
f 14/16/13 10/17/14 512/18/15
f 14/16/13 11/19/16 10/17/14
f 14/20/13 301/21/17 12/22/18
f 14/23/13 431/24/19 301/25/17
f 14/16/13 512/18/15 13/26/20
f 14/27/13 12/28/18 11/29/16
f 14/23/13 13/30/20 431/24/19
f 15/31/21 17/32/22 16/33/23
f 15/34/21 19/35/24 18/36/25
f 15/31/21 16/33/23 544/37/26
f 15/38/21 503/39/27 17/40/22
f 15/38/21 18/41/25 504/42/28
f 15/31/21 544/37/26 19/43/24
f 15/38/21 504/42/28 503/39/27
f 22/44/29 20/45/30 21/46/31
f 22/44/29 547/47/32 250/48/33
f 22/49/29 21/50/31 520/51/34
f 22/44/29 250/48/33 20/45/30
f 22/49/29 520/51/34 547/52/32
f 23/53/35 24/54/36 25/55/37
f 23/56/35 27/57/38 360/58/39
f 23/59/35 26/60/40 24/61/36
f 23/56/35 360/58/39 26/62/40
f 23/53/35 25/55/37 27/63/38
f 28/64/41 34/65/42 32/66/43
f 28/67/41 29/68/44 30/69/45
f 28/67/41 31/70/46 29/68/44
f 28/67/41 32/71/43 380/72/47
f 28/67/41 30/69/45 33/73/48
f 28/67/41 380/72/47 31/70/46
f 28/74/41 33/75/48 34/76/42
f 35/77/49 36/78/50 39/79/51
f 35/80/49 37/81/52 38/82/53
f 35/80/49 39/83/51 37/81/52
f 35/80/49 40/84/54 41/85/55
f 35/80/49 38/82/53 40/84/54
f 35/77/49 41/86/55 36/78/50
f 43/87/56 42/88/57 338/89/58
f 43/87/56 338/89/58 509/90/59
f 43/91/56 140/92/60 141/93/61
f 43/87/56 509/90/59 548/94/62
f 43/91/56 141/93/61 42/95/57
f 43/91/56 548/96/62 140/92/60
f 45/97/63 447/98/64 448/99/65
f 45/100/63 44/101/66 46/102/67
f 45/97/63 448/99/65 44/103/66
f 45/104/63 198/105/68 265/106/69
f 45/104/63 46/107/67 198/105/68
f 45/108/63 265/109/69 47/110/70
f 45/108/63 47/110/70 447/111/64
f 50/112/71 316/113/72 48/114/73
f 50/112/71 49/115/74 316/113/72
f 50/116/71 51/117/75 52/118/76
f 50/116/71 48/119/73 51/117/75
f 50/112/71 52/120/76 49/115/74
f 53/121/77 56/122/78 54/123/79
f 53/124/77 55/125/80 56/126/78
f 53/124/77 58/127/81 55/125/80
f 53/128/77 475/129/82 57/130/83
f 53/121/77 54/123/79 475/131/82
f 53/128/77 57/130/83 58/132/81
f 59/133/84 56/126/78 55/125/80
f 59/133/84 55/125/80 531/134/85
f 59/133/84 531/134/85 456/135/86
f 59/133/84 479/136/87 56/126/78
f 59/133/84 456/135/86 479/136/87
f 60/137/88 424/138/89 61/139/90
f 60/137/88 485/140/91 181/141/92
f 60/142/88 61/143/90 62/144/93
f 60/142/88 62/144/93 326/145/94
f 60/137/88 181/141/92 424/138/89
f 60/142/88 63/146/95 485/147/91
f 60/142/88 326/145/94 63/146/95
f 67/148/96 309/149/97 68/150/98
f 67/151/96 64/152/99 65/153/100
f 67/151/96 66/154/101 309/155/97
f 67/156/96 68/157/98 64/158/99
f 67/151/96 65/153/100 66/154/101
f 69/159/102 425/160/103 147/161/104
f 69/162/102 147/163/104 70/164/105
f 69/159/102 494/165/106 425/160/103
f 69/159/102 493/166/107 494/165/106
f 69/159/102 107/167/108 71/168/109
f 69/162/102 298/169/110 107/170/108
f 69/162/102 70/164/105 298/169/110
f 69/159/102 71/168/109 493/166/107
f 36/78/50 106/171/111 39/79/51
f 36/78/50 426/172/112 72/173/113
f 36/78/50 41/86/55 426/172/112
f 36/78/50 72/173/113 106/171/111
f 73/174/114 460/175/115 76/176/116
f 73/174/114 74/177/117 75/178/118
f 73/179/114 76/180/116 78/181/119
f 73/174/114 77/182/120 74/177/117
f 73/174/114 78/183/119 77/182/120
f 73/174/114 226/184/121 460/175/115
f 73/174/114 75/178/118 226/184/121
f 10/185/14 11/186/16 350/187/122
f 10/17/14 80/188/123 512/18/15
f 10/189/14 79/190/124 80/191/123
f 10/185/14 350/187/122 79/192/124
f 81/193/125 330/194/126 82/195/127
f 81/196/125 395/197/128 330/198/126
f 81/199/125 502/200/129 84/201/130
f 81/202/125 82/203/127 83/204/131
f 81/202/125 83/204/131 502/205/129
f 81/206/125 84/207/130 395/208/128
f 85/209/132 34/65/42 86/210/133
f 85/211/132 87/212/134 88/213/135
f 85/209/132 88/214/135 32/66/43
f 85/215/132 86/216/133 89/217/136
f 85/209/132 32/66/43 34/65/42
f 85/211/132 89/218/136 87/212/134
f 91/219/137 93/220/138 90/221/139
f 91/219/137 90/221/139 549/222/140
f 91/223/137 549/224/140 94/225/141
f 91/226/137 92/227/142 93/228/138
f 91/226/137 317/229/143 92/227/142
f 91/226/137 94/230/141 317/229/143
f 95/231/144 96/232/145 462/233/146
f 95/234/144 97/235/147 98/11/11
f 95/231/144 98/236/11 8/237/12
f 95/231/144 8/237/12 96/232/145
f 95/231/144 462/233/146 97/238/147
f 99/239/148 100/240/149 526/241/150
f 99/239/148 101/242/151 102/243/152
f 99/244/148 103/245/153 101/246/151
f 99/247/148 526/248/150 475/249/82
f 99/239/148 102/243/152 100/240/149
f 99/250/148 475/251/82 103/252/153
f 105/253/154 495/254/155 104/255/156
f 105/256/154 106/257/111 72/258/113
f 105/256/154 107/259/108 108/260/157
f 105/253/154 104/255/156 107/261/108
f 105/256/154 108/260/157 106/257/111
f 105/256/154 72/258/113 495/262/155
f 109/263/158 309/149/97 110/264/159
f 109/263/158 111/265/160 68/150/98
f 109/263/158 112/266/161 111/265/160
f 109/263/158 68/150/98 309/149/97
f 109/263/158 110/264/159 112/266/161
f 113/267/162 114/268/163 296/269/164
f 113/267/162 115/270/165 114/268/163
f 113/267/162 296/269/164 116/271/166
f 113/267/162 117/272/167 115/270/165
f 113/267/162 116/271/166 341/273/168
f 113/274/162 341/275/168 117/276/167
f 118/277/169 119/278/170 120/279/171
f 118/277/169 120/279/171 121/280/172
f 118/281/169 121/282/172 474/283/173
f 118/281/169 122/284/174 119/285/170
f 118/281/169 474/283/173 122/284/174
f 125/286/175 123/287/176 124/288/177
f 125/289/175 126/290/178 127/291/179
f 125/286/175 124/288/177 101/242/151
f 125/289/175 101/292/151 126/290/178
f 125/293/175 127/294/179 58/295/81
f 125/296/175 58/297/81 123/298/176
f 128/299/180 129/300/181 278/301/182
f 128/299/180 388/302/183 437/303/184
f 128/299/180 130/304/185 397/305/186
f 128/299/180 397/305/186 385/306/187
f 128/299/180 437/303/184 129/300/181
f 128/299/180 278/301/182 130/304/185
f 128/299/180 385/306/187 388/302/183
f 134/307/188 131/308/189 469/309/190
f 134/310/188 132/311/191 133/312/192
f 134/310/188 137/313/193 132/311/191
f 134/307/188 469/309/190 135/314/194
f 134/315/188 135/316/194 136/317/195
f 134/318/188 136/319/195 137/320/193
f 134/310/188 133/312/192 131/321/189
f 138/322/196 143/323/197 139/324/198
f 138/325/196 140/326/60 546/327/199
f 138/322/196 139/324/198 141/328/61
f 138/329/196 141/93/61 140/92/60
f 138/325/196 546/327/199 142/330/200
f 138/325/196 142/330/200 143/331/197
f 144/332/201 145/333/202 146/334/203
f 144/335/201 147/336/104 428/337/204
f 144/332/201 149/338/205 145/333/202
f 144/332/201 146/334/203 148/339/206
f 144/335/201 428/337/204 149/340/205
f 144/332/201 148/339/206 147/341/104
f 119/278/170 150/342/207 120/279/171
f 119/285/170 122/284/174 151/343/208
f 119/278/170 151/344/208 528/345/209
f 119/278/170 528/345/209 150/342/207
f 153/346/210 152/347/211 523/348/212
f 153/349/210 536/350/213 272/351/214
f 153/352/210 523/353/212 154/354/215
f 153/349/210 154/355/215 155/356/216
f 153/349/210 155/356/216 536/350/213
f 153/346/210 272/357/214 152/347/211
f 156/358/217 306/359/218 157/360/219
f 156/361/217 218/362/220 292/363/221
f 156/364/217 293/365/222 537/366/223
f 156/361/217 157/367/219 218/362/220
f 156/364/217 537/366/223 306/368/218
f 156/361/217 292/363/221 293/369/222
f 158/370/224 162/371/225 159/372/226
f 158/370/224 159/372/226 160/373/227
f 158/374/224 161/375/228 162/376/225
f 158/374/224 163/377/229 161/375/228
f 158/370/224 160/373/227 163/378/229
f 166/379/230 164/380/231 318/381/232
f 166/382/230 165/383/233 246/384/234
f 166/385/230 168/386/235 165/387/233
f 166/379/230 246/388/234 164/380/231
f 166/389/230 318/390/232 167/391/236
f 166/389/230 167/391/236 168/392/235
f 171/393/237 169/394/238 170/395/239
f 171/396/237 172/397/240 527/398/241
f 171/393/237 527/399/241 173/400/242
f 171/396/237 174/401/243 172/397/240
f 171/402/237 170/403/239 174/404/243
f 171/393/237 173/400/242 169/394/238
f 175/405/244 194/406/245 399/407/246
f 175/405/244 264/408/247 194/406/245
f 175/405/244 176/409/248 264/408/247
f 175/405/244 399/407/246 328/410/249
f 175/405/244 328/410/249 423/411/250
f 175/405/244 423/411/250 176/409/248
f 123/412/176 178/413/251 124/414/177
f 123/415/176 177/416/252 178/417/251
f 123/415/176 58/132/81 57/130/83
f 123/415/176 57/130/83 177/416/252
f 179/418/253 115/419/165 180/420/254
f 179/421/253 241/422/255 555/423/256
f 179/418/253 181/424/92 486/425/257
f 179/418/253 555/426/256 181/424/92
f 179/418/253 486/425/257 115/419/165
f 179/427/253 180/428/254 241/429/255
f 182/430/258 183/431/259 184/432/260
f 182/433/258 185/434/261 186/435/262
f 182/433/258 511/436/263 185/434/261
f 182/430/258 186/437/262 183/431/259
f 182/433/258 187/438/264 511/436/263
f 182/430/258 184/432/260 187/439/264
f 188/440/265 189/441/266 190/442/267
f 188/443/265 534/444/268 191/445/269
f 188/443/265 191/445/269 189/446/266
f 188/443/265 193/447/270 192/448/271
f 188/443/265 192/448/271 534/444/268
f 188/440/265 190/442/267 193/449/270
f 143/331/197 194/450/245 263/451/272
f 143/323/197 195/452/273 139/324/198
f 143/323/197 263/453/272 195/452/273
f 143/331/197 142/330/200 194/450/245
f 196/454/274 410/455/275 412/456/276
f 196/457/274 197/458/277 198/459/68
f 196/454/274 515/460/278 197/461/277
f 196/454/274 198/462/68 46/102/67
f 196/454/274 46/102/67 410/455/275
f 196/454/274 412/456/276 515/460/278
f 201/463/279 535/464/280 21/465/31
f 201/463/279 202/466/281 535/464/280
f 201/467/279 199/468/282 200/469/283
f 201/470/279 21/46/31 199/471/282
f 201/467/279 200/469/283 202/472/281
f 206/473/284 345/474/285 203/475/286
f 206/476/284 204/477/287 513/478/288
f 206/473/284 346/479/289 345/474/285
f 206/473/284 203/475/286 204/480/287
f 206/476/284 513/478/288 205/481/290
f 206/482/284 205/483/290 346/484/289
f 207/485/291 19/486/24 356/487/292
f 207/488/291 208/489/293 89/218/136
f 207/490/291 209/491/294 19/35/24
f 207/488/291 210/492/295 209/493/294
f 207/485/291 356/487/292 208/494/293
f 207/488/291 89/218/136 210/492/295
f 150/342/207 211/495/296 120/279/171
f 150/342/207 539/496/297 211/495/296
f 150/342/207 528/345/209 539/496/297
f 6/497/9 213/498/298 339/499/299
f 6/497/9 339/499/299 7/500/10
f 6/9/9 98/11/11 551/501/300
f 6/9/9 551/501/300 212/502/301
f 6/503/9 212/504/301 213/505/298
f 215/506/302 126/507/178 103/245/153
f 215/508/302 214/509/303 121/510/172
f 215/511/302 538/512/304 416/513/305
f 215/514/302 121/515/172 538/516/304
f 215/517/302 103/518/153 214/519/303
f 219/520/306 216/521/307 217/522/308
f 219/523/306 221/524/309 218/525/220
f 219/526/306 218/527/220 157/528/219
f 219/529/306 220/530/310 221/531/309
f 219/520/306 217/522/308 220/532/310
f 219/520/306 157/533/219 216/521/307
f 222/534/311 223/535/312 224/536/313
f 222/534/311 225/537/314 226/538/121
f 222/534/311 530/539/315 445/540/316
f 222/534/311 224/536/313 225/537/314
f 222/534/311 445/540/316 223/535/312
f 222/534/311 226/538/121 530/539/315
f 228/541/317 430/542/318 227/543/319
f 228/544/317 499/545/320 229/546/321
f 228/547/317 384/548/322 499/549/320
f 228/550/317 227/551/319 384/552/322
f 228/553/317 229/554/321 302/555/323
f 228/553/317 302/555/323 430/556/318
f 230/557/324 17/40/22 83/204/131
f 230/558/324 519/559/325 231/560/326
f 230/558/324 16/33/23 17/32/22
f 230/558/324 82/561/127 519/559/325
f 230/557/324 83/204/131 82/203/127
f 230/558/324 231/560/326 16/33/23
f 232/562/327 233/563/328 178/564/251
f 232/565/327 178/417/251 177/416/252
f 232/565/327 177/416/252 234/566/329
f 232/562/327 235/567/330 233/563/328
f 232/568/327 234/569/329 236/570/331
f 232/562/327 236/571/331 235/567/330
f 238/572/332 237/573/333 505/574/334
f 238/575/332 239/576/335 240/577/336
f 238/572/332 240/578/336 237/573/333
f 238/575/332 241/429/255 180/428/254
f 238/572/332 505/574/334 241/579/255
f 238/575/332 180/428/254 239/576/335
f 245/580/337 242/581/338 243/582/339
f 245/583/337 165/383/233 242/584/338
f 245/583/337 246/384/234 165/383/233
f 245/580/337 244/585/340 542/586/341
f 245/587/337 49/115/74 246/588/234
f 245/580/337 243/582/339 244/585/340
f 245/580/337 542/586/341 49/589/74
f 249/590/342 247/591/343 248/592/344
f 249/593/342 337/594/345 77/182/120
f 249/593/342 77/182/120 78/183/119
f 249/590/342 78/181/119 247/591/343
f 249/590/342 248/592/344 337/595/345
f 20/45/30 251/596/346 199/471/282
f 20/45/30 199/471/282 21/46/31
f 20/597/30 250/598/33 251/599/346
f 252/600/347 11/601/16 12/22/18
f 252/600/347 12/22/18 303/602/348
f 252/600/347 303/602/348 253/603/349
f 252/600/347 490/604/350 11/601/16
f 252/600/347 253/603/349 554/605/351
f 252/600/347 554/605/351 490/604/350
f 34/606/42 254/607/352 86/216/133
f 34/608/42 33/609/48 254/610/352
f 255/611/353 256/612/354 257/613/355
f 255/611/353 258/614/356 256/612/354
f 255/615/353 259/616/357 258/617/356
f 255/615/353 257/618/355 259/616/357
f 260/619/358 322/620/359 550/621/360
f 260/622/358 264/408/247 322/623/359
f 260/619/358 261/624/361 262/625/362
f 260/619/358 263/626/272 264/627/247
f 260/619/358 550/621/360 261/624/361
f 260/619/358 262/625/362 263/626/272
f 267/628/363 307/629/364 265/630/69
f 267/628/363 381/631/365 266/632/366
f 267/628/363 266/632/366 307/629/364
f 267/633/363 197/458/277 151/634/208
f 267/633/363 198/459/68 197/458/277
f 267/628/363 151/635/208 381/631/365
f 267/636/363 265/106/69 198/105/68
f 96/232/145 268/637/367 200/469/283
f 96/232/145 280/638/368 268/637/367
f 96/232/145 8/237/12 280/638/368
f 96/232/145 200/469/283 462/233/146
f 126/290/178 418/639/369 127/291/179
f 126/507/178 101/246/151 103/245/153
f 131/308/189 269/640/370 220/641/310
f 131/308/189 220/641/310 469/309/190
f 131/308/189 270/642/371 269/640/370
f 131/321/189 133/312/192 270/643/371
f 223/644/312 271/645/372 481/646/373
f 223/535/312 445/540/316 272/647/214
f 223/535/312 481/648/373 224/536/313
f 223/644/312 272/649/214 271/645/372
f 273/650/374 274/651/375 227/652/319
f 273/650/374 275/653/376 444/654/377
f 273/650/374 431/655/19 275/653/376
f 273/650/374 227/652/319 431/655/19
f 273/650/374 444/654/377 274/651/375
f 17/40/22 503/39/27 83/204/131
f 233/563/328 124/656/177 178/564/251
f 233/657/328 276/658/378 102/243/152
f 233/657/328 235/659/330 277/660/379
f 233/657/328 102/243/152 124/288/177
f 233/657/328 277/660/379 276/658/378
f 129/661/181 189/662/266 278/663/182
f 129/661/181 279/664/380 189/662/266
f 129/300/181 437/303/184 280/665/368
f 129/661/181 280/666/368 279/664/380
f 93/228/138 482/667/381 281/668/382
f 93/228/138 92/227/142 517/669/383
f 93/228/138 517/669/383 482/667/381
f 93/220/138 281/670/382 90/221/139
f 284/671/384 282/672/385 283/673/386
f 284/674/384 285/675/387 286/676/388
f 284/671/384 286/677/388 282/672/385
f 284/678/384 287/679/389 288/680/390
f 284/674/384 288/681/390 285/675/387
f 284/678/384 283/682/386 287/679/389
f 290/683/391 433/684/392 289/685/393
f 290/686/391 291/687/394 434/688/395
f 290/686/391 293/689/222 292/690/221
f 290/686/391 434/688/395 433/691/392
f 290/686/391 292/690/221 291/687/394
f 290/683/391 289/685/393 293/692/222
f 183/431/259 186/437/262 294/693/396
f 183/431/259 25/694/37 184/432/260
f 183/431/259 294/693/396 25/694/37
f 295/695/397 355/696/398 353/697/399
f 295/698/397 87/212/134 208/489/293
f 295/695/397 208/494/293 355/696/398
f 295/695/397 353/697/399 116/699/166
f 295/698/397 296/700/164 87/212/134
f 295/695/397 116/699/166 296/701/164
f 297/702/400 37/81/52 236/703/331
f 297/702/400 40/84/54 38/82/53
f 297/704/400 234/569/329 440/705/401
f 297/702/400 38/82/53 37/81/52
f 297/702/400 440/706/401 40/84/54
f 297/704/400 236/570/331 234/569/329
f 145/333/202 149/338/205 298/707/110
f 145/333/202 298/707/110 146/334/203
f 299/708/402 430/556/318 302/555/323
f 299/708/402 301/709/17 430/556/318
f 299/710/402 300/711/403 552/712/404
f 299/713/402 303/714/348 301/715/17
f 299/710/402 302/716/323 300/711/403
f 299/710/402 552/712/404 303/717/348
f 29/68/44 271/718/372 30/69/45
f 29/719/44 31/720/46 304/721/405
f 29/722/44 481/646/373 271/645/372
f 29/719/44 304/721/405 481/723/373
f 307/629/364 266/632/366 305/724/406
f 307/629/364 306/725/218 308/726/407
f 307/629/364 305/724/406 306/725/218
f 307/727/364 308/728/407 265/109/69
f 309/729/97 162/376/225 310/730/408
f 309/731/97 311/732/409 497/733/410
f 309/155/97 159/372/226 162/371/225
f 309/149/97 312/734/411 110/264/159
f 309/155/97 66/154/101 159/372/226
f 309/729/97 310/730/408 313/735/412
f 309/729/97 313/735/412 314/736/413
f 309/731/97 314/737/413 311/732/409
f 309/731/97 497/733/410 312/738/411
f 319/739/414 436/740/415 315/741/416
f 319/739/414 316/742/72 529/743/417
f 319/739/414 529/743/417 317/744/143
f 319/739/414 315/741/416 318/745/232
f 319/746/414 318/747/232 320/748/418
f 319/739/414 317/744/143 436/740/415
f 319/746/414 320/748/418 316/113/72
f 274/651/375 172/397/240 174/401/243
f 274/749/375 321/750/419 227/751/319
f 274/749/375 174/404/243 321/750/419
f 274/651/375 444/654/377 172/397/240
f 322/623/359 264/408/247 176/409/248
f 322/752/359 176/753/248 323/754/420
f 322/752/359 324/755/421 550/756/360
f 322/752/359 323/754/420 324/755/421
f 327/757/422 325/758/423 326/759/94
f 327/757/422 287/679/389 325/758/423
f 327/757/422 288/680/390 287/679/389
f 327/760/422 62/144/93 328/761/249
f 327/757/422 328/762/249 288/680/390
f 327/760/422 326/145/94 62/144/93
f 185/434/261 511/436/263 543/763/424
f 185/434/261 329/764/425 186/435/262
f 185/434/261 543/763/424 329/764/425
f 330/765/126 331/766/426 332/767/427
f 330/765/126 332/767/427 333/768/428
f 330/765/126 395/769/128 331/766/426
f 330/770/126 333/771/428 82/772/127
f 334/773/429 338/89/58 335/774/430
f 334/775/429 335/776/430 336/777/431
f 334/775/429 336/777/431 337/778/345
f 334/775/429 470/779/432 338/780/58
f 334/775/429 337/778/345 470/779/432
f 213/505/298 44/781/66 448/782/65
f 213/505/298 448/782/65 339/783/299
f 213/505/298 212/504/301 44/781/66
f 340/784/433 471/785/434 341/786/168
f 340/787/433 353/788/399 342/789/435
f 340/787/433 342/789/435 343/790/436
f 340/791/433 116/699/166 353/697/399
f 340/784/433 341/786/168 116/792/166
f 340/784/433 343/793/436 471/785/434
f 344/794/437 256/612/354 258/614/356
f 344/795/437 345/796/285 346/797/289
f 344/794/437 347/798/438 256/612/354
f 344/794/437 258/614/356 440/799/401
f 344/794/437 346/800/289 347/798/438
f 344/794/437 440/799/401 345/801/285
f 348/802/439 39/803/51 501/804/440
f 348/802/439 429/805/441 259/616/357
f 348/802/439 501/804/440 429/805/441
f 348/802/439 259/616/357 257/618/355
f 348/802/439 257/618/355 39/803/51
f 282/672/385 460/806/115 225/807/314
f 282/808/385 225/537/314 283/809/386
f 282/672/385 286/677/388 349/810/442
f 282/672/385 349/810/442 460/806/115
f 11/601/16 490/604/350 350/811/122
f 331/766/426 396/812/443 454/813/444
f 331/766/426 395/769/128 396/812/443
f 331/766/426 454/813/444 351/814/445
f 331/815/426 351/816/445 332/817/427
f 355/818/398 352/819/446 353/820/399
f 355/696/398 208/494/293 356/487/292
f 355/821/398 354/822/447 352/823/446
f 355/824/398 356/825/292 354/826/447
f 359/827/448 357/828/449 360/829/39
f 359/830/448 80/191/123 358/831/450
f 359/827/448 549/832/140 357/828/449
f 359/833/448 360/834/39 361/835/451
f 359/830/448 362/836/452 80/191/123
f 359/830/448 358/831/450 549/837/140
f 359/833/448 361/835/451 362/838/452
f 367/839/453 363/840/454 364/841/455
f 367/842/453 97/843/147 365/844/456
f 367/845/453 291/687/394 366/846/457
f 367/847/453 551/501/300 97/235/147
f 367/845/453 365/848/456 291/687/394
f 367/845/453 366/846/457 363/849/454
f 367/847/453 364/850/455 551/501/300
f 368/851/458 369/852/5 513/478/288
f 368/851/458 204/477/287 393/853/459
f 368/854/458 4/6/6 369/5/5
f 368/851/458 513/478/288 204/477/287
f 368/854/458 370/855/460 4/6/6
f 368/851/458 393/853/459 370/856/460
f 371/857/461 372/858/462 375/859/463
f 371/857/461 432/860/464 372/858/462
f 371/857/461 373/861/465 432/860/464
f 371/862/461 374/863/466 373/864/465
f 371/862/461 375/865/463 374/863/466
f 377/866/467 521/867/468 552/868/404
f 377/869/467 376/870/469 538/871/304
f 377/872/467 538/873/304 467/874/470
f 377/869/467 300/875/403 376/870/469
f 377/876/467 467/877/470 521/878/468
f 377/879/467 552/712/404 300/711/403
f 378/880/471 485/881/91 63/882/95
f 378/880/471 379/883/472 485/881/91
f 378/880/471 32/66/43 379/883/472
f 378/880/471 380/884/47 32/66/43
f 378/880/471 63/882/95 380/884/47
f 381/885/365 498/886/473 477/887/474
f 381/885/365 122/284/174 498/886/473
f 381/885/365 151/343/208 122/284/174
f 381/631/365 477/888/474 266/632/366
f 382/889/475 55/125/80 58/127/81
f 382/889/475 384/890/322 531/134/85
f 382/889/475 531/134/85 55/125/80
f 382/891/475 127/892/179 383/893/476
f 382/894/475 58/895/81 127/896/179
f 382/897/475 383/898/476 384/899/322
f 389/900/477 388/901/183 385/902/187
f 389/903/477 386/904/478 387/905/479
f 389/906/477 387/907/479 473/908/480
f 389/909/477 438/910/481 388/911/183
f 389/912/477 385/913/187 386/914/478
f 389/906/477 473/908/480 438/915/481
f 390/916/482 363/840/454 269/917/370
f 390/916/482 269/917/370 270/918/371
f 390/916/482 411/919/483 212/920/301
f 390/916/482 212/920/301 364/841/455
f 390/916/482 364/841/455 363/840/454
f 390/916/482 270/918/371 411/919/483
f 247/591/343 391/921/484 392/922/485
f 247/591/343 76/180/116 391/921/484
f 247/591/343 78/181/119 76/180/116
f 247/591/343 392/922/485 248/592/344
f 394/923/2 457/924/486 525/925/487
f 394/2/2 5/7/7 393/926/459
f 394/923/2 525/925/487 2/927/3
f 394/928/2 393/929/459 457/930/486
f 396/812/443 130/931/185 454/813/444
f 396/932/443 395/933/128 84/934/130
f 396/935/443 397/305/186 130/304/185
f 396/932/443 84/934/130 397/936/186
f 132/311/191 137/313/193 170/395/239
f 132/311/191 169/394/238 398/937/488
f 132/311/191 398/937/488 133/312/192
f 132/311/191 170/395/239 169/394/238
f 194/406/245 264/408/247 263/938/272
f 194/450/245 142/330/200 399/939/246
f 352/940/446 400/941/489 342/789/435
f 352/823/446 354/822/447 400/942/489
f 352/940/446 342/789/435 353/788/399
f 357/828/449 401/943/490 26/944/40
f 357/828/449 26/944/40 360/829/39
f 357/828/449 90/945/139 281/946/382
f 357/828/449 549/832/140 90/945/139
f 357/828/449 281/946/382 401/943/490
f 402/947/491 152/347/211 404/948/492
f 402/949/491 403/950/493 152/951/211
f 402/952/491 404/953/492 405/954/494
f 402/949/491 337/778/345 403/950/493
f 402/952/491 405/954/494 337/594/345
f 406/955/495 407/956/496 408/957/497
f 406/955/495 293/692/222 289/685/393
f 406/958/495 449/959/498 537/960/223
f 406/961/495 537/366/223 293/365/222
f 406/958/495 408/962/497 449/959/498
f 406/955/495 289/685/393 407/956/496
f 42/963/57 409/964/499 154/965/215
f 42/88/57 335/774/430 338/89/58
f 42/88/57 154/354/215 335/774/430
f 42/95/57 141/93/61 409/966/499
f 410/967/275 44/968/66 212/920/301
f 410/969/275 411/970/483 412/971/276
f 410/455/275 46/102/67 44/101/66
f 410/967/275 212/920/301 411/919/483
f 164/380/231 246/388/234 52/118/76
f 164/380/231 51/117/75 413/972/500
f 164/380/231 52/118/76 51/117/75
f 164/380/231 413/972/500 318/381/232
f 416/513/305 496/973/501 414/974/502
f 416/513/305 415/975/503 496/973/501
f 416/513/305 538/512/304 415/975/503
f 416/513/305 414/974/502 417/976/504
f 416/977/305 417/978/504 418/979/369
f 56/122/78 419/980/505 54/123/79
f 56/122/78 420/981/506 421/982/507
f 56/122/78 421/982/507 419/980/505
f 56/126/78 479/136/87 420/983/506
f 424/138/89 422/984/508 423/985/250
f 424/986/89 181/424/92 555/426/256
f 424/138/89 423/985/250 61/139/90
f 424/986/89 555/426/256 540/987/509
f 424/138/89 540/988/509 422/984/508
f 162/376/225 161/375/228 310/730/408
f 425/989/103 494/990/106 426/991/112
f 425/989/103 427/992/510 429/805/441
f 425/160/103 428/993/204 147/161/104
f 425/160/103 429/994/441 428/993/204
f 425/989/103 426/991/112 427/992/510
f 256/612/354 347/798/438 257/613/355
f 422/984/508 176/753/248 423/985/250
f 422/984/508 323/754/420 176/753/248
f 422/984/508 540/988/509 323/754/420
f 430/995/318 301/996/17 431/997/19
f 430/998/318 431/999/19 227/1000/319
f 433/684/392 407/956/496 289/685/393
f 433/1001/392 432/1002/464 373/1003/465
f 433/684/392 192/448/271 407/956/496
f 433/684/392 373/1004/465 192/448/271
f 433/1005/392 434/1006/395 432/860/464
f 409/964/499 435/1007/511 155/1008/216
f 409/1009/499 139/324/198 435/1010/511
f 409/966/499 141/93/61 139/1011/198
f 409/964/499 155/1008/216 154/965/215
f 436/740/415 242/581/338 315/741/416
f 436/740/415 243/582/339 242/581/338
f 436/1012/415 317/1013/143 94/1014/141
f 436/1012/415 94/1014/141 243/1015/339
f 388/1016/183 268/637/367 437/1017/184
f 388/1016/183 202/472/281 268/637/367
f 388/1018/183 438/1019/481 202/1020/281
f 345/1021/285 439/1022/512 277/660/379
f 345/1023/285 440/1024/401 439/1025/512
f 345/474/285 277/1026/379 203/475/286
f 400/941/489 441/1027/513 342/789/435
f 400/942/489 354/822/447 442/1028/514
f 400/942/489 442/1028/514 443/1029/515
f 400/941/489 443/1030/515 441/1027/513
f 275/1031/376 521/1032/468 444/1033/377
f 275/1034/376 431/24/19 13/30/20
f 275/1031/376 13/1035/20 521/1032/468
f 152/951/211 403/950/493 446/1036/516
f 152/347/211 445/1037/316 404/948/492
f 152/347/211 446/1038/516 523/348/212
f 152/347/211 272/357/214 445/1037/316
f 447/1039/64 449/959/498 408/962/497
f 447/1039/64 408/962/497 448/1040/65
f 447/111/64 47/110/70 449/1041/498
f 450/1042/517 418/979/369 417/978/504
f 450/1043/517 451/1044/518 452/1045/519
f 450/1046/517 417/976/504 453/1047/520
f 450/1048/517 127/291/179 418/639/369
f 450/1048/517 383/1049/476 127/291/179
f 450/1043/517 453/1050/520 451/1044/518
f 450/1043/517 452/1045/519 383/1051/476
f 130/304/185 278/301/182 454/1052/444
f 137/1053/193 455/1054/521 170/1055/239
f 137/1053/193 456/1056/86 455/1054/521
f 137/1053/193 136/1057/195 456/1056/86
f 459/1058/522 457/1059/486 203/475/286
f 459/1060/522 235/567/330 236/571/331
f 459/1058/522 203/475/286 277/1026/379
f 459/1058/522 525/1061/487 457/1059/486
f 459/1062/522 458/1063/523 525/1064/487
f 459/1065/522 236/1066/331 458/1067/523
f 459/1068/522 277/660/379 235/659/330
f 386/914/478 385/913/187 541/1069/524
f 386/904/478 541/1070/524 387/905/479
f 242/1071/338 165/387/233 168/386/235
f 242/1072/338 168/392/235 315/1073/416
f 460/806/115 349/810/442 76/1074/116
f 460/1075/115 226/538/121 225/537/314
f 461/1076/525 506/1077/526 251/596/346
f 461/1078/525 251/599/346 463/1079/527
f 461/1080/525 365/848/456 462/1081/146
f 461/1080/525 463/1082/527 365/848/456
f 461/1076/525 462/1083/146 506/1077/526
f 24/1084/36 187/439/264 184/432/260
f 24/61/36 26/60/40 464/1085/528
f 24/61/36 464/1085/528 187/1086/264
f 24/1084/36 184/432/260 25/694/37
f 87/212/134 296/700/164 88/213/135
f 87/212/134 89/218/136 208/489/293
f 177/416/252 465/1087/529 234/566/329
f 177/416/252 57/130/83 465/1087/529
f 19/35/24 209/491/294 466/1088/530
f 19/35/24 466/1088/530 18/36/25
f 19/486/24 544/1089/26 356/487/292
f 120/279/171 211/495/296 467/1090/470
f 120/279/171 467/1090/470 121/280/172
f 311/732/409 414/974/502 497/733/410
f 311/732/409 468/1091/531 414/974/502
f 311/732/409 314/737/413 468/1091/531
f 469/309/190 220/641/310 217/1092/308
f 469/1093/190 217/522/308 135/316/194
f 325/758/423 480/1094/532 304/1095/405
f 325/758/423 507/1096/533 326/759/94
f 325/758/423 287/679/389 480/1094/532
f 325/758/423 304/1095/405 507/1096/533
f 159/372/226 66/154/101 160/373/227
f 147/341/104 148/339/206 70/1097/105
f 338/89/58 470/1098/432 509/90/59
f 471/1099/434 472/1100/534 341/275/168
f 471/1099/434 473/908/480 472/1100/534
f 471/785/434 343/793/436 473/1101/480
f 214/1102/303 419/980/505 474/1103/173
f 214/1104/303 103/1105/153 475/1106/82
f 214/1102/303 475/131/82 54/123/79
f 214/1102/303 54/123/79 419/980/505
f 214/1107/303 474/283/173 121/282/172
f 478/1108/535 420/983/506 479/136/87
f 478/1109/535 135/316/194 476/1110/536
f 478/1111/535 421/982/507 420/981/506
f 478/1111/535 476/1112/536 477/1113/474
f 478/1114/535 479/1115/87 136/1057/195
f 478/1111/535 477/1113/474 421/982/507
f 478/1109/535 136/317/195 135/316/194
f 480/1094/532 287/679/389 283/682/386
f 480/1116/532 224/536/313 481/648/373
f 480/1094/532 481/1117/373 304/1095/405
f 480/1116/532 283/809/386 224/536/313
f 301/21/17 303/602/348 12/22/18
f 332/817/427 351/816/445 374/863/466
f 332/817/427 374/863/466 375/865/463
f 332/817/427 375/865/463 333/1118/428
f 124/288/177 102/243/152 101/242/151
f 189/441/266 279/1119/380 190/442/267
f 189/662/266 191/1120/269 278/663/182
f 482/1121/381 401/943/490 281/946/382
f 482/1122/381 483/1123/537 79/1124/124
f 482/1121/381 79/1125/124 484/1126/538
f 482/667/381 517/669/383 483/1127/537
f 482/1121/381 484/1126/538 401/943/490
f 485/1128/91 379/1129/472 486/1130/257
f 485/140/91 486/1131/257 181/141/92
f 488/1132/539 535/1133/280 487/1134/540
f 488/1135/539 441/1027/513 443/1030/515
f 488/1136/539 21/1137/31 535/1138/280
f 488/1139/539 443/1029/515 520/1140/34
f 488/1135/539 487/1141/540 441/1027/513
f 488/1136/539 520/1142/34 21/1137/31
f 489/1143/541 532/1144/542 490/1145/350
f 489/1143/541 27/57/38 491/1146/543
f 489/1143/541 360/58/39 27/57/38
f 489/1143/541 490/1145/350 360/58/39
f 489/1143/541 491/1146/543 532/1144/542
f 403/950/493 337/778/345 492/1147/544
f 403/950/493 492/1147/544 446/1036/516
f 494/1148/106 493/1149/107 72/258/113
f 494/1150/106 72/173/113 426/172/112
f 495/1151/155 493/1152/107 71/1153/109
f 495/254/155 71/1154/109 104/255/156
f 495/262/155 72/258/113 493/1149/107
f 496/1155/501 312/734/411 497/1156/410
f 496/1155/501 415/1157/503 112/266/161
f 496/1155/501 112/266/161 110/264/159
f 496/973/501 497/733/410 414/974/502
f 496/1155/501 110/264/159 312/734/411
f 114/1158/163 88/213/135 296/700/164
f 114/268/163 115/270/165 486/1159/257
f 114/1158/163 379/1129/472 88/213/135
f 114/1158/163 486/1130/257 379/1129/472
f 419/1160/505 498/886/473 474/283/173
f 419/980/505 421/982/507 498/1161/473
f 499/1162/320 384/1163/322 383/1164/476
f 499/545/320 163/378/229 229/546/321
f 499/1165/320 383/1051/476 452/1045/519
f 499/1165/320 452/1045/519 163/377/229
f 316/113/72 49/115/74 529/1166/417
f 316/113/72 320/748/418 48/114/73
f 169/394/238 173/400/242 398/937/488
f 285/675/387 500/1167/545 546/327/199
f 285/675/387 288/681/390 500/1167/545
f 285/675/387 546/327/199 545/1168/546
f 285/1169/387 545/1170/546 286/677/388
f 106/257/111 149/1171/205 501/1172/440
f 106/1173/111 501/804/440 39/803/51
f 106/257/111 108/260/157 149/1171/205
f 74/177/117 337/594/345 405/954/494
f 74/177/117 77/182/120 337/594/345
f 74/177/117 405/954/494 75/178/118
f 401/943/490 464/1174/528 26/944/40
f 401/943/490 484/1126/538 464/1174/528
f 237/573/333 502/1175/129 503/1176/27
f 237/573/333 240/578/336 502/1175/129
f 237/1177/333 503/1178/27 504/1179/28
f 237/1177/333 504/1179/28 505/1180/334
f 261/624/361 254/607/352 262/625/362
f 261/624/361 86/216/133 254/607/352
f 261/624/361 550/621/360 210/1181/295
f 261/624/361 210/1181/295 86/216/133
f 211/495/296 521/1032/468 467/1090/470
f 211/495/296 539/496/297 444/1033/377
f 211/495/296 444/1033/377 521/1032/468
f 506/1077/526 199/471/282 251/596/346
f 506/1182/526 462/233/146 200/469/283
f 506/1182/526 200/469/283 199/468/282
f 2/927/3 524/1183/547 205/483/290
f 2/927/3 525/925/487 524/1183/547
f 2/3/3 205/1184/290 3/4/4
f 149/1171/205 428/993/204 501/1172/440
f 149/1185/205 108/1186/157 298/169/110
f 507/1187/533 31/70/46 380/72/47
f 507/1188/533 304/721/405 31/720/46
f 507/1189/533 380/1190/47 63/146/95
f 507/1189/533 63/146/95 326/145/94
f 266/632/366 510/1191/548 305/724/406
f 266/632/366 477/888/474 510/1191/548
f 239/576/335 472/1192/534 387/905/479
f 239/576/335 387/905/479 240/577/336
f 239/1193/335 117/276/167 472/1100/534
f 239/576/335 180/428/254 117/1194/167
f 363/1195/454 221/524/309 269/1196/370
f 363/1195/454 366/1197/457 221/524/309
f 508/1198/549 470/1199/432 337/595/345
f 508/1198/549 337/595/345 248/592/344
f 508/1198/549 509/1200/59 470/1199/432
f 508/1198/549 248/592/344 392/922/485
f 508/1198/549 392/922/485 509/1200/59
f 216/1201/307 305/724/406 510/1191/548
f 216/521/307 510/1202/548 476/1110/536
f 216/521/307 476/1110/536 217/522/308
f 216/1201/307 157/1203/219 305/724/406
f 225/537/314 224/536/313 283/809/386
f 511/1204/263 187/1086/264 533/1205/550
f 511/1206/263 491/1207/543 543/1208/424
f 511/1204/263 533/1205/550 491/1209/543
f 80/191/123 79/190/124 358/831/450
f 80/1210/123 362/1211/452 512/1212/15
f 97/235/147 551/501/300 98/11/11
f 97/843/147 462/1213/146 365/844/456
f 369/5/5 3/4/4 513/1214/288
f 195/452/273 263/453/272 262/1215/362
f 195/452/273 435/1010/511 139/324/198
f 195/452/273 262/1215/362 514/1216/551
f 195/452/273 514/1216/551 435/1010/511
f 197/458/277 515/1217/278 528/1218/209
f 197/458/277 528/1218/209 151/634/208
f 268/637/367 202/472/281 200/469/283
f 268/637/367 280/638/368 437/1017/184
f 455/1219/521 321/750/419 174/404/243
f 455/1054/521 456/1056/86 516/1220/552
f 455/1219/521 174/404/243 170/403/239
f 455/1219/521 516/1221/552 321/750/419
f 472/1100/534 117/276/167 341/275/168
f 472/1100/534 473/908/480 387/907/479
f 64/158/99 300/711/403 302/716/323
f 64/158/99 111/1222/160 300/711/403
f 64/158/99 68/157/98 111/1222/160
f 64/1223/99 302/1224/323 65/1225/100
f 407/956/496 193/447/270 408/957/497
f 407/956/496 192/448/271 193/447/270
f 457/1059/486 204/480/287 203/475/286
f 457/1059/486 393/1226/459 204/480/287
f 279/664/380 280/666/368 8/1227/12
f 279/664/380 8/1227/12 7/1228/10
f 279/1119/380 7/500/10 190/442/267
f 483/1229/537 244/1230/340 243/1015/339
f 483/1229/537 517/1231/383 244/1230/340
f 483/1229/537 243/1015/339 518/1232/553
f 483/1229/537 518/1232/553 358/1233/450
f 483/1234/537 358/831/450 79/190/124
f 519/1235/325 82/1236/127 333/1237/428
f 519/1235/325 333/1237/428 520/1238/34
f 519/1239/325 520/1240/34 231/1241/326
f 521/1242/468 13/1243/20 522/1244/554
f 521/1242/468 522/1244/554 552/1245/404
f 335/776/430 523/1246/212 336/777/431
f 335/774/430 154/354/215 523/353/212
f 427/992/510 258/617/356 259/616/357
f 427/992/510 426/991/112 41/1247/55
f 427/992/510 259/616/357 429/805/441
f 427/992/510 41/1247/55 258/617/356
f 524/1248/547 347/798/438 346/800/289
f 524/1183/547 346/484/289 205/483/290
f 524/1248/547 525/1249/487 458/1067/523
f 524/1248/547 458/1067/523 347/798/438
f 502/1175/129 240/578/336 84/1250/130
f 502/205/129 83/204/131 503/39/27
f 398/937/488 411/970/483 133/312/192
f 398/937/488 412/971/276 411/970/483
f 398/937/488 173/400/242 412/971/276
f 286/677/388 391/1251/484 349/810/442
f 286/677/388 545/1170/546 391/1251/484
f 251/599/346 372/858/462 463/1079/527
f 251/599/346 250/598/33 372/858/462
f 186/435/262 329/764/425 294/1252/396
f 88/214/135 379/883/472 32/66/43
f 465/1253/529 100/1254/149 439/1025/512
f 465/1253/529 439/1025/512 440/1024/401
f 465/1255/529 526/1256/150 100/1257/149
f 465/1258/529 440/705/401 234/569/329
f 465/1087/529 57/130/83 526/1259/150
f 254/610/352 514/1216/551 262/1215/362
f 254/610/352 33/609/48 514/1216/551
f 515/460/278 527/1260/241 528/1261/209
f 515/460/278 412/456/276 173/1262/242
f 515/460/278 173/1262/242 527/1260/241
f 529/1263/417 49/589/74 542/586/341
f 529/1264/417 92/227/142 317/229/143
f 529/1263/417 542/586/341 92/1265/142
f 415/1157/503 376/870/469 112/266/161
f 415/1157/503 538/871/304 376/870/469
f 221/524/309 220/1266/310 269/1196/370
f 221/524/309 366/1197/457 218/525/220
f 404/953/492 530/1267/315 75/178/118
f 404/953/492 445/1268/316 530/1267/315
f 404/953/492 75/178/118 405/954/494
f 384/1269/322 321/750/419 516/1221/552
f 384/1269/322 227/751/319 321/750/419
f 384/1270/322 516/1220/552 531/1271/85
f 16/33/23 442/1272/514 544/37/26
f 16/1273/23 231/1274/326 442/1028/514
f 37/81/52 39/83/51 257/1275/355
f 37/81/52 257/1275/355 236/703/331
f 61/143/90 328/761/249 62/144/93
f 61/1276/90 423/411/250 328/410/249
f 532/1277/542 79/192/124 350/187/122
f 532/1144/542 491/1146/543 533/1278/550
f 532/1279/542 350/811/122 490/604/350
f 532/1280/542 533/1281/550 484/1126/538
f 532/1280/542 484/1126/538 79/1125/124
f 534/444/268 192/448/271 373/1004/465
f 534/1282/268 373/864/465 374/863/466
f 534/1282/268 351/816/445 191/1283/269
f 534/1282/268 374/863/466 351/816/445
f 336/777/431 523/1246/212 492/1147/544
f 336/777/431 492/1147/544 337/778/345
f 315/1073/416 168/392/235 167/391/236
f 315/1073/416 167/391/236 318/390/232
f 535/1284/280 202/1285/281 438/1286/481
f 535/1133/280 438/1287/481 487/1134/540
f 276/658/378 100/240/149 102/243/152
f 276/658/378 439/1022/512 100/240/149
f 276/658/378 277/660/379 439/1022/512
f 146/334/203 298/707/110 70/1097/105
f 146/334/203 70/1097/105 148/339/206
f 376/870/469 300/875/403 111/265/160
f 376/870/469 111/265/160 112/266/161
f 536/350/213 271/1288/372 272/351/214
f 536/350/213 30/1289/45 271/1288/372
f 536/1290/213 553/1291/555 30/69/45
f 536/350/213 155/356/216 553/1292/555
f 306/725/218 305/724/406 157/1203/219
f 306/1293/218 537/1294/223 308/728/407
f 451/1044/518 161/375/228 452/1045/519
f 451/1044/518 310/730/408 161/375/228
f 451/1044/518 313/735/412 310/730/408
f 451/1044/518 453/1050/520 313/735/412
f 339/783/299 448/782/65 193/1295/270
f 339/499/299 193/449/270 190/442/267
f 339/499/299 190/442/267 7/500/10
f 324/1296/421 323/1297/420 556/1298/556
f 324/1296/421 18/36/25 466/1088/530
f 324/755/421 466/1299/530 550/756/360
f 324/1296/421 556/1298/556 18/36/25
f 428/993/204 429/994/441 501/1172/440
f 538/1300/304 121/1301/172 467/1302/470
f 161/375/228 163/377/229 452/1045/519
f 172/1303/240 539/496/297 527/1304/241
f 172/397/240 444/654/377 539/1305/297
f 323/1306/420 540/1307/509 556/1308/556
f 135/316/194 217/522/308 476/1110/536
f 187/1086/264 464/1085/528 533/1205/550
f 454/813/444 191/1309/269 351/814/445
f 454/813/444 278/1310/182 191/1309/269
f 448/782/65 408/1311/497 193/1295/270
f 441/1312/513 487/1134/540 343/793/436
f 441/1027/513 343/790/436 342/789/435
f 347/798/438 458/1067/523 257/613/355
f 86/216/133 210/1181/295 89/217/136
f 527/1304/241 539/496/297 528/345/209
f 246/588/234 49/115/74 52/120/76
f 414/974/502 468/1091/531 417/976/504
f 218/525/220 366/1197/457 292/1313/221
f 530/1267/315 226/184/121 75/178/118
f 397/1314/186 84/1315/130 541/1316/524
f 397/1317/186 541/1318/524 385/1319/187
f 244/1230/340 517/1231/383 542/1320/341
f 500/1167/545 399/939/246 142/330/200
f 500/1321/545 288/680/390 328/762/249
f 500/1167/545 328/1322/249 399/939/246
f 500/1167/545 142/330/200 546/327/199
f 291/687/394 365/848/456 434/688/395
f 291/687/394 292/690/221 366/846/457
f 27/63/38 25/55/37 294/1323/396
f 27/63/38 294/1323/396 543/1324/424
f 27/57/38 543/1325/424 491/1146/543
f 258/1326/356 40/84/54 440/706/401
f 258/1326/356 41/85/55 40/84/54
f 5/7/7 4/6/6 370/855/460
f 5/7/7 370/855/460 393/926/459
f 512/1212/15 522/1244/554 13/1243/20
f 512/1212/15 362/1211/452 522/1244/554
f 354/1327/447 356/1328/292 544/1329/26
f 354/822/447 544/1330/26 442/1028/514
f 523/1246/212 446/1036/516 492/1147/544
f 140/92/60 548/96/62 545/1331/546
f 140/1332/60 545/1333/546 546/1334/199
f 417/976/504 468/1091/531 453/1047/520
f 531/1271/85 516/1220/552 456/1056/86
f 115/1335/165 117/1336/167 180/1337/254
f 66/154/101 65/153/100 160/373/227
f 333/1338/428 547/52/32 520/51/34
f 333/1339/428 375/1340/463 547/1341/32
f 372/858/462 432/860/464 463/1079/527
f 372/858/462 250/598/33 375/859/463
f 498/886/473 421/1342/507 477/887/474
f 498/886/473 122/284/174 474/283/173
f 240/577/336 387/905/479 541/1070/524
f 240/578/336 541/1343/524 84/1250/130
f 391/1251/484 76/1074/116 349/810/442
f 391/921/484 548/1344/62 392/922/485
f 391/1251/484 545/1170/546 548/1345/62
f 549/1346/140 518/1232/553 94/1014/141
f 549/1346/140 358/1233/450 518/1232/553
f 432/860/464 434/1006/395 463/1079/527
f 411/970/483 270/643/371 133/312/192
f 18/36/25 556/1298/556 504/1347/28
f 464/1174/528 484/1126/538 533/1281/550
f 510/1191/548 477/888/474 476/1348/536
f 509/1200/59 392/922/485 548/1344/62
f 51/1349/75 48/114/73 320/748/418
f 51/1349/75 320/748/418 413/1350/500
f 163/378/229 160/373/227 229/546/321
f 107/261/108 104/255/156 71/1154/109
f 107/170/108 298/169/110 108/1186/157
f 209/1351/294 550/756/360 466/1299/530
f 209/493/294 210/492/295 550/1352/360
f 551/1353/300 364/841/455 212/920/301
f 468/1091/531 314/737/413 453/1047/520
f 303/602/348 552/1354/404 253/603/349
f 92/227/142 542/1355/341 517/669/383
f 547/1356/32 375/859/463 250/598/33
f 360/1357/39 490/604/350 361/1358/451
f 442/1028/514 231/1274/326 443/1029/515
f 449/1041/498 47/110/70 308/728/407
f 449/1041/498 308/728/407 537/1294/223
f 318/747/232 413/1350/500 320/748/418
f 241/579/255 505/574/334 555/1359/256
f 329/764/425 543/763/424 294/1252/396
f 435/1010/511 553/1360/555 155/1361/216
f 435/1010/511 514/1216/551 553/1360/555
f 479/1115/87 456/1056/86 136/1057/195
f 160/373/227 65/153/100 229/546/321
f 443/1029/515 231/1274/326 520/1140/34
f 490/604/350 554/605/351 361/1358/451
f 30/69/45 553/1291/555 33/73/48
f 522/1362/554 253/603/349 552/1354/404
f 522/1244/554 362/1211/452 554/1363/351
f 522/1364/554 554/1365/351 253/1366/349
f 365/848/456 463/1082/527 434/688/395
f 3/4/4 205/1184/290 513/1214/288
f 243/1015/339 94/1014/141 518/1232/553
f 438/1287/481 473/1101/480 487/1134/540
f 265/109/69 308/728/407 47/110/70
f 313/735/412 453/1050/520 314/736/413
f 526/1259/150 57/130/83 475/129/82
f 458/1067/523 236/1066/331 257/613/355
f 505/1367/334 556/1308/556 540/1307/509
f 505/1367/334 540/1307/509 555/1368/256
f 505/1180/334 504/1179/28 556/1369/556
f 229/546/321 65/153/100 302/1370/323
f 487/1134/540 473/1101/480 343/793/436
f 362/838/452 361/835/451 554/1371/351
f 553/1360/555 514/1216/551 33/609/48
f 215/506/302 416/977/305 418/979/369
f 215/506/302 418/979/369 126/507/178
