# Blender 4.4.0
# www.blender.org
mtllib Meshy_AI_Greenclad_Guardian_0906194333_texture.mtl
o Meshy_AI_Greenclad_Guardian_0906194333_texture
v 0.001350 -0.003616 0.150391
v 0.003311 -0.002502 0.163086
v 0.034912 -0.000587 0.096680
v 0.011536 -0.001945 0.103516
v 0.013794 -0.002304 0.072266
v -0.014832 0.007141 0.322266
v -0.007111 0.010620 0.355469
v -0.012207 0.005035 0.355469
v -0.009827 -0.005493 0.197266
v 0.000250 -0.010559 0.208008
v -0.005981 -0.011658 0.188477
v -0.005615 -0.008972 0.196289
v 0.000237 -0.010010 0.195312
v 0.038330 -0.002411 -0.246094
v 0.039307 -0.002441 -0.349609
v 0.041504 0.000851 -0.104004
v 0.041748 -0.000208 -0.249023
v 0.039062 0.001823 -0.183594
v -0.000687 -0.019409 0.427734
v 0.000007 -0.012634 0.417969
v 0.007080 -0.015991 0.425781
v 0.007751 -0.018921 0.433594
v 0.014587 -0.009338 0.425781
v -0.054199 0.020264 0.154297
v -0.074219 0.023193 0.145508
v -0.052979 0.020996 0.159180
v -0.009155 -0.007996 0.464844
v -0.015869 -0.001556 0.458984
v -0.008179 -0.005157 0.476562
v -0.014709 -0.010010 0.455078
v -0.005798 -0.013428 0.462891
v 0.011047 0.014465 0.162109
v 0.010071 0.015503 0.166992
v 0.030396 0.017090 0.162109
v 0.028198 0.017456 0.166992
v 0.011597 -0.007111 0.231445
v 0.014465 -0.008423 0.263672
v 0.013428 -0.002289 0.016113
v -0.000315 -0.002228 0.031738
v -0.013733 -0.002136 0.016357
v 0.000425 -0.002319 -0.053467
v -0.010742 -0.003998 0.108887
v -0.011414 -0.005096 0.114746
v 0.007385 0.003098 0.406250
v 0.008911 0.003571 0.380859
v 0.004150 0.006592 0.406250
v 0.010315 -0.000740 0.406250
v 0.000828 0.003159 -0.427734
v -0.010559 0.002518 -0.429688
v -0.011841 0.003204 -0.414062
v 0.018311 0.001701 -0.449219
v 0.011108 0.003143 -0.400391
v 0.009888 0.002090 -0.423828
v -0.000507 0.002182 -0.453125
v -0.017700 0.016235 0.166992
v -0.036621 0.017944 0.160156
v -0.007050 0.014526 0.162109
v -0.072266 -0.019287 0.156250
v -0.074219 0.022339 0.155273
v -0.006531 0.011414 0.458984
v 0.000755 0.013611 0.458984
v 0.007050 0.013489 0.455078
v 0.000186 0.018677 0.445312
v 0.040771 -0.000519 -0.003113
v 0.041260 -0.000626 0.052490
v 0.040283 0.001328 0.097168
v 0.045654 0.001259 0.051514
v -0.008667 0.014954 0.291016
v -0.013733 0.007690 0.261719
v -0.015442 0.007874 0.291016
v -0.007935 0.013672 0.322266
v -0.007446 0.013428 0.261719
v -0.000183 0.015564 0.322266
v -0.007263 -0.015137 0.423828
v 0.108398 0.026245 0.134766
v 0.106934 -0.023926 0.135742
v 0.105957 0.026001 0.128906
v 0.104004 0.027954 0.134766
v 0.106445 0.026001 0.136719
v 0.012634 -0.006012 0.189453
v 0.018799 0.000839 0.184570
v 0.015137 0.000216 0.190430
v 0.006714 -0.011658 0.189453
v 0.010376 -0.005310 0.197266
v -0.011475 0.003494 -0.398438
v -0.011353 0.003128 -0.345703
v -0.037354 0.002441 -0.386719
v -0.038574 0.002045 -0.355469
v -0.011597 -0.012878 0.167969
v -0.019897 -0.014099 0.166992
v 0.013062 0.001167 -0.464844
v 0.018677 -0.000381 -0.455078
v 0.008118 -0.000790 -0.486328
v 0.015259 -0.001175 0.355469
v 0.011475 -0.000965 0.378906
v 0.009766 -0.006165 0.378906
v 0.012695 0.005188 0.353516
v -0.006683 0.009399 0.107422
v -0.011292 0.006622 0.109375
v -0.000026 0.009888 0.105469
v 0.000129 0.013184 0.113770
v -0.039062 -0.001328 -0.104004
v -0.038330 -0.001793 -0.220703
v -0.040527 -0.000668 -0.003662
v -0.012878 -0.002594 -0.063965
v 0.010742 0.005219 0.198242
v 0.011902 -0.000298 0.208984
v 0.009766 0.005341 0.209961
v 0.011414 0.006256 0.231445
v 0.014587 -0.000515 0.230469
v 0.000080 -0.011841 0.157227
v -0.007050 -0.010681 0.157227
v 0.006744 -0.010681 0.157227
v -0.017944 0.008240 0.445312
v -0.021240 -0.002045 0.439453
v -0.017822 -0.011902 0.445312
v -0.020996 -0.001709 0.445312
v -0.016235 -0.009521 0.292969
v -0.007721 -0.015015 0.322266
v -0.014709 -0.009766 0.322266
v 0.000546 0.005127 0.081055
v 0.012146 0.004944 0.102539
v 0.013916 0.004700 0.065430
v -0.014526 0.005127 0.080078
v 0.010010 -0.018677 0.445312
v -0.000095 -0.015747 0.457031
v 0.018677 -0.011902 0.439453
v 0.017578 -0.011780 0.445312
v 0.007202 -0.014893 0.457031
v -0.012207 -0.001060 0.164062
v -0.013794 0.001572 0.163086
v -0.011780 0.003677 0.162109
v -0.018677 0.001526 0.150391
v -0.037842 -0.001831 -0.400391
v -0.010986 -0.003830 -0.421875
v -0.011780 -0.003586 -0.359375
v -0.009277 -0.003494 -0.400391
v 0.012817 0.006805 0.188477
v 0.015747 0.007996 0.182617
v 0.018921 0.000854 0.177734
v 0.015503 0.008362 0.175781
v 0.014832 0.001236 0.116211
v 0.014465 0.000767 0.130859
v 0.015015 0.005524 0.159180
v -0.009216 0.015991 0.433594
v -0.007599 0.012207 0.427734
v -0.011230 0.001038 0.106934
v 0.005829 0.007080 0.380859
v 0.028076 0.002197 -0.419922
v 0.029175 -0.000568 -0.421875
v 0.017334 -0.002686 -0.453125
v 0.000843 0.015137 0.171875
v 0.000422 0.017456 0.176758
v 0.008301 0.014099 0.172852
v -0.008240 -0.001305 0.476562
v 0.069336 0.023193 0.153320
v 0.069336 0.022217 0.147461
v 0.005432 -0.009583 0.208984
v 0.006134 -0.008911 0.196289
v 0.009705 -0.005127 0.209961
v 0.007141 -0.011902 0.231445
v 0.000309 -0.013123 0.230469
v -0.012329 0.003052 -0.306641
v -0.039062 0.002304 -0.186523
v -0.041504 -0.000322 -0.222656
v -0.009521 -0.007324 0.380859
v -0.005096 -0.010437 0.380859
v -0.011597 -0.000519 0.380859
v 0.006378 0.009583 0.107422
v 0.011169 0.006744 0.110352
v 0.011536 0.001450 0.106934
v 0.008972 -0.014343 0.177734
v 0.015991 -0.008362 0.176758
v 0.014893 -0.007172 0.171875
v -0.029663 0.001480 -0.419922
v -0.020508 0.001877 -0.445312
v -0.003265 -0.002380 0.164062
v 0.018921 0.008423 0.439453
v 0.017944 0.007721 0.433594
v 0.009277 0.015991 0.445312
v 0.018066 0.007874 0.445312
v 0.022583 -0.001595 0.441406
v 0.021118 -0.001831 0.435547
v 0.010132 0.016968 0.439453
v 0.012756 -0.002548 -0.064453
v -0.011169 0.006226 0.229492
v -0.014648 -0.000483 0.231445
v -0.017090 -0.000923 0.261719
v -0.039795 0.001373 0.097168
v -0.036133 0.003265 0.097168
v -0.041748 0.002686 0.052734
v -0.026001 0.001114 0.131836
v -0.041260 -0.000336 0.052490
v -0.035889 -0.000462 0.096680
v 0.008789 0.013428 0.322266
v 0.007355 0.010254 0.353516
v 0.015991 0.007751 0.291016
v 0.009094 0.014709 0.291016
v 0.072266 -0.019653 0.157227
v 0.071289 -0.020508 0.153320
v 0.091309 -0.022827 0.146484
v 0.071777 0.022461 0.156250
v 0.000618 0.007141 0.476562
v -0.000005 0.002365 0.492188
v -0.001144 0.001869 0.492188
v -0.007690 -0.013489 0.182617
v 0.000702 -0.013611 0.187500
v -0.008667 -0.013977 0.176758
v -0.014648 -0.007355 0.183594
v 0.012390 -0.003677 -0.312500
v 0.012756 -0.002884 -0.182617
v -0.000241 -0.010742 0.406250
v 0.004730 -0.009644 0.406250
v -0.004211 -0.009949 0.406250
v -0.104980 0.026489 0.127930
v -0.107422 0.026855 0.132812
v -0.106445 0.026489 0.135742
v -0.107422 -0.024780 0.133789
v -0.017822 0.008545 0.435547
v -0.020752 -0.001633 0.435547
v -0.018311 0.009033 0.441406
v 0.006897 0.011597 0.156250
v 0.011902 0.007629 0.115723
v 0.006622 0.011963 0.114746
v 0.000129 0.013062 0.156250
v 0.006622 0.010681 0.130859
v 0.014160 -0.012573 0.171875
v 0.008728 -0.010437 0.174805
v 0.017822 0.014221 0.170898
v 0.010437 0.014160 0.172852
v -0.012512 -0.012146 0.171875
v 0.010925 -0.012451 0.166016
v 0.000193 -0.013367 0.167969
v -0.007874 -0.012329 0.163086
v 0.013367 0.005554 0.458984
v 0.016113 -0.001534 0.458984
v 0.011475 -0.008728 0.464844
v 0.015198 -0.010010 0.455078
v 0.008728 -0.001549 0.476562
v 0.008301 -0.005127 0.474609
v 0.021240 -0.001358 0.445312
v 0.104492 -0.023560 0.138672
v 0.102051 -0.026001 0.134766
v -0.000463 0.020508 0.439453
v -0.009521 0.016724 0.439453
v -0.009460 0.016724 0.445312
v 0.000035 -0.016724 0.322266
v -0.008484 -0.015991 0.292969
v 0.008789 -0.015564 0.292969
v -0.012634 0.005066 0.102539
v -0.007568 -0.014160 0.261719
v -0.006348 -0.012207 0.231445
v -0.011353 -0.006989 0.231445
v -0.005463 -0.009277 0.208008
v 0.012207 0.003143 -0.102539
v -0.000242 0.003601 -0.096191
v 0.013855 0.003815 0.001770
v 0.038574 0.002274 -0.083984
v -0.006134 0.011414 0.155273
v 0.000319 -0.003052 -0.490234
v -0.006409 -0.002167 -0.488281
v 0.000793 -0.000576 -0.500000
v 0.005402 -0.001862 -0.486328
v 0.050537 0.019043 0.165039
v 0.047363 0.020020 0.162109
v 0.032471 0.016479 0.169922
v 0.020020 -0.012756 0.171875
v 0.034424 -0.013916 0.169922
v 0.051758 -0.016846 0.166016
v 0.012573 -0.004700 0.116211
v 0.006744 -0.009033 0.115234
v 0.010925 -0.003693 0.110352
v -0.009094 0.003937 0.380859
v -0.007935 0.003189 0.406250
v -0.023315 -0.000771 0.130859
v -0.016357 -0.001381 0.149414
v 0.014465 0.006195 0.427734
v 0.008301 0.004028 0.417969
v 0.005249 0.007812 0.417969
v -0.000751 0.010193 0.417969
v -0.000557 0.007812 0.412109
v 0.006683 0.012634 0.425781
v -0.010132 0.005066 0.195312
v -0.005493 0.009216 0.195312
v -0.011963 -0.000422 0.198242
v -0.012634 0.006744 0.188477
v -0.003708 -0.007935 0.474609
v 0.000378 -0.009644 0.478516
v -0.002533 -0.005035 0.492188
v 0.016235 -0.009705 0.292969
v 0.008057 -0.014771 0.324219
v -0.101074 0.026367 0.127930
v -0.104004 -0.024048 0.128906
v -0.093262 0.027588 0.138672
v -0.101074 -0.023804 0.128906
v -0.094727 0.025513 0.143555
v -0.105469 -0.023926 0.137695
v -0.103516 -0.025757 0.134766
v -0.088379 -0.022461 0.147461
v 0.004120 0.007050 0.476562
v 0.008179 0.003326 0.476562
v 0.005524 0.010010 0.464844
v 0.043945 0.001244 -0.003799
v 0.038330 -0.001312 -0.108398
v 0.000181 0.012390 0.230469
v 0.000534 0.010376 0.208008
v -0.005096 0.008789 0.206055
v -0.009705 0.005096 0.208008
v -0.006073 0.010620 0.230469
v -0.006958 -0.012451 0.355469
v -0.000129 -0.011780 0.380859
v 0.091309 0.025391 0.136719
v 0.099121 -0.023804 0.129883
v 0.092285 0.027100 0.141602
v 0.000238 -0.016479 0.182617
v 0.000154 -0.017334 0.175781
v -0.018555 -0.000406 -0.460938
v -0.015381 -0.002548 -0.458984
v -0.013123 0.001488 -0.462891
v -0.007690 -0.000652 -0.488281
v -0.014343 0.000256 0.190430
v -0.011963 -0.006653 0.188477
v 0.010925 0.003220 -0.359375
v 0.039307 0.002213 -0.351562
v 0.010132 -0.019897 0.439453
v 0.015320 -0.001160 0.425781
v 0.017700 -0.010803 0.433594
v -0.011841 0.007233 0.115234
v -0.006287 0.010620 0.129883
v -0.006226 0.011536 0.114258
v -0.014343 -0.001953 0.073242
v -0.000216 -0.001801 0.082520
v 0.017700 -0.000679 0.261719
v 0.012085 -0.012085 0.163086
v 0.030396 -0.014282 0.162109
v -0.012268 0.005157 0.458984
v -0.039307 -0.001701 -0.312500
v 0.000053 0.013550 0.187500
v 0.007935 0.012268 0.186523
v 0.000751 0.016357 0.182617
v 0.000546 0.010620 0.197266
v -0.007751 0.013611 0.181641
v 0.089355 -0.023193 0.136719
v -0.011475 -0.001099 0.417969
v -0.014343 0.006714 0.427734
v -0.009094 0.004608 0.417969
v -0.005310 0.007568 0.416016
v 0.000599 -0.014099 0.355469
v 0.103027 -0.024048 0.129883
v 0.005859 -0.001266 0.492188
v 0.003723 0.001030 0.492188
v -0.053223 0.018921 0.164062
v -0.034912 0.018311 0.165039
v -0.073730 0.023926 0.152344
v -0.009521 -0.018799 0.447266
v 0.000668 -0.021973 0.443359
v 0.011353 -0.001503 0.164062
v 0.011841 0.004059 0.163086
v 0.000376 0.004059 0.013367
v -0.013367 0.004303 -0.037109
v -0.012268 0.003494 -0.150391
v -0.041016 0.002838 -0.002655
v -0.039307 0.002533 -0.093750
v -0.014160 0.001053 0.114746
v -0.013855 0.000648 0.128906
v -0.000073 0.015564 0.427734
v 0.009155 0.015320 0.433594
v 0.000668 -0.003937 -0.451172
v 0.011536 -0.001968 -0.466797
v 0.000385 0.007477 0.406250
v -0.005646 0.007568 0.380859
v 0.011047 -0.003738 -0.425781
v -0.000973 -0.004761 -0.427734
v 0.010071 -0.003784 -0.402344
v -0.009338 0.014160 0.176758
v -0.013672 0.008423 0.170898
v -0.014648 0.000927 0.156250
v -0.007477 0.013733 0.171875
v 0.006104 -0.011780 0.464844
v 0.069336 -0.019897 0.147461
v 0.006805 -0.006500 0.107910
v 0.003387 -0.011963 0.162109
v 0.002762 0.014099 0.163086
v -0.012024 -0.003555 -0.310547
v -0.039062 -0.002335 -0.359375
v 0.005463 0.008972 0.196289
v 0.012024 -0.005127 0.130859
v 0.006317 -0.008850 0.130859
v -0.015747 -0.001282 0.425781
v -0.045166 0.001183 0.051270
v -0.042969 0.001152 -0.004089
v 0.006622 0.010437 0.230469
v 0.000565 0.015564 0.261719
v 0.049561 -0.018677 0.162109
v -0.023804 0.003174 0.131836
v -0.014099 -0.001549 0.353516
v -0.005219 0.001144 -0.488281
v 0.000021 0.001480 -0.488281
v -0.016968 -0.013672 0.162109
v -0.037598 -0.015076 0.159180
v 0.011169 -0.001015 0.416016
v -0.000002 -0.004089 -0.349609
v 0.000313 -0.003677 -0.269531
v -0.034912 0.016113 0.168945
v 0.018066 -0.000763 0.324219
v 0.014709 -0.008911 0.322266
v 0.012390 -0.006836 0.355469
v 0.007111 -0.012634 0.353516
v -0.000210 0.005005 0.101562
v -0.002090 -0.003281 0.150391
v -0.012268 -0.002045 0.103516
v 0.000134 -0.002121 0.103516
v 0.011475 -0.003784 -0.361328
v -0.007172 0.011414 0.187500
v -0.015076 0.007874 0.182617
v -0.022339 -0.002640 -0.439453
v 0.015137 0.007111 0.170898
v -0.010010 -0.007202 0.416016
v -0.009644 -0.001595 0.406250
v -0.008423 -0.006073 0.406250
v 0.000028 -0.016846 0.263672
v 0.000220 -0.018066 0.292969
v 0.040527 0.002625 -0.002655
v 0.001839 -0.004608 0.490234
v 0.003815 -0.003357 0.490234
v -0.091797 0.025513 0.132812
v -0.015076 -0.008362 0.176758
v -0.018066 0.001282 0.176758
v -0.016846 0.000473 0.171875
v -0.012695 -0.006073 0.157227
v -0.014221 -0.007355 0.170898
v 0.006073 0.001022 -0.490234
v 0.005859 -0.010071 0.378906
v 0.000135 -0.003220 -0.173828
v 0.015991 -0.001472 0.150391
v 0.022583 -0.000587 0.130859
v 0.018188 0.001465 0.150391
v -0.048584 -0.018311 0.162109
v -0.055664 -0.017700 0.154297
v -0.041992 -0.015015 0.166992
v 0.003098 0.002457 0.492188
v 0.040771 0.002716 0.052246
v 0.008057 0.012756 0.261719
v 0.000315 0.017700 0.292969
v -0.005615 -0.010376 0.416016
v 0.047852 0.019287 0.157227
v 0.050049 -0.017090 0.156250
v -0.041260 -0.000389 -0.355469
v -0.040039 -0.000374 -0.396484
v -0.018921 -0.013000 0.170898
v -0.018799 0.014099 0.170898
v -0.000294 0.003235 -0.404297
v 0.010498 -0.006958 0.416016
v 0.014709 0.007690 0.263672
v -0.004150 -0.004333 0.492188
v 0.000603 -0.000763 0.500000
v -0.003357 -0.000097 0.492188
v -0.004883 -0.001045 0.492188
v 0.005981 0.008728 0.208008
v 0.035645 0.003143 0.096680
v 0.026001 0.001617 0.132812
v 0.008179 -0.012756 0.171875
v -0.007629 -0.012695 0.171875
v 0.000060 -0.014465 0.170898
v -0.017944 -0.010864 0.433594
v -0.008789 -0.019043 0.435547
v -0.008911 -0.019897 0.439453
v -0.014465 -0.009460 0.423828
v -0.017944 -0.013000 0.439453
v 0.015320 -0.007111 0.183594
v 0.007874 -0.013794 0.183594
v 0.000401 0.003159 -0.310547
v 0.000303 -0.008423 0.106445
v 0.000062 -0.010986 0.114258
v 0.015564 0.007477 0.322266
v 0.019653 -0.001060 0.291016
v -0.011658 -0.000278 0.208984
v 0.003586 -0.008057 0.476562
v -0.104492 0.028442 0.133789
v -0.041992 0.000534 -0.102051
v 0.020996 -0.014832 0.166992
v -0.004364 0.006287 0.476562
v -0.007874 0.002914 0.476562
v 0.041748 0.000047 -0.351562
v 0.027954 -0.001762 -0.417969
v 0.040771 -0.000523 -0.380859
v 0.008423 -0.005341 0.404297
v 0.004822 -0.011047 0.416016
v -0.073730 -0.020508 0.145508
v 0.015869 0.003784 0.149414
v 0.022583 0.003159 0.131836
v 0.011963 0.002457 -0.312500
v -0.017578 0.015320 0.162109
v -0.006897 -0.009216 0.113770
v -0.000051 -0.010315 0.130859
v -0.017822 -0.000950 0.324219
v -0.018799 -0.000614 0.291016
v -0.011292 -0.007935 0.355469
v -0.093262 -0.024902 0.140625
v 0.038574 -0.002716 -0.380859
v 0.093750 0.025635 0.144531
v 0.007782 -0.014343 0.263672
v -0.014160 0.004791 0.040039
v -0.009705 -0.005798 0.208984
v 0.039062 0.001678 -0.277344
v 0.009338 0.002838 -0.225586
v -0.016602 0.003738 0.149414
v -0.002930 0.005432 0.148438
v 0.000028 0.004120 0.162109
v 0.002441 0.005096 0.149414
v 0.003769 0.000984 0.100586
v -0.005341 0.000599 0.102051
v -0.006287 -0.006744 0.106445
v -0.014160 -0.009033 0.263672
v 0.017456 0.000626 0.170898
v 0.009216 0.014282 0.178711
v -0.000094 -0.022339 0.437500
v 0.012634 0.006317 0.127930
v 0.090820 -0.024658 0.142578
v -0.012573 -0.003098 -0.180664
v -0.039062 0.001862 -0.310547
v -0.000221 0.018799 0.433594
v 0.101562 0.025635 0.129883
v -0.072754 -0.020874 0.153320
v 0.013306 -0.006897 0.159180
v -0.028320 -0.000938 -0.431641
v 0.002167 0.013916 0.172852
v -0.012146 0.013245 0.171875
v -0.011108 0.006683 0.128906
v 0.001183 -0.004730 0.492188
v 0.038086 0.002289 -0.382812
v -0.011230 -0.005249 0.129883
v -0.005737 -0.009155 0.129883
v 0.000152 -0.004578 -0.406250
v -0.017090 0.000275 0.183594
v 0.000031 0.012329 0.130859
v -0.091309 -0.023560 0.133789
v -0.006775 0.015320 0.166992
v -0.000277 0.008545 0.380859
v 0.000040 0.012268 0.355469
v 0.012207 -0.000194 0.199219
v -0.007568 -0.018555 0.429688
v -0.004435 0.005690 0.400380
v 0.013062 0.001633 0.163086
v -0.000154 0.000666 0.162367
vn -0.0751 -0.9012 0.4269
vn 0.0869 -0.9897 0.1141
vn 0.5239 0.2440 0.8161
vn -0.6452 -0.3423 0.6830
vn 0.0321 -0.9981 0.0518
vn 0.0330 -0.9992 -0.0220
vn 0.1552 -0.9756 0.1554
vn 0.0454 -0.9983 0.0375
vn 0.1169 -0.9892 0.0882
vn 0.2128 -0.9219 0.3237
vn -0.0075 -0.9998 0.0176
vn -0.5358 0.8433 -0.0413
vn -0.8002 0.5312 0.2785
vn -0.8039 0.5816 0.1248
vn -0.7077 0.7032 0.0692
vn -0.4706 0.8679 0.1590
vn 0.0280 0.9900 -0.1384
vn -0.2358 0.9630 0.1304
vn -0.6508 -0.7326 0.1993
vn -0.7901 -0.5965 -0.1415
vn -0.5689 -0.6070 0.5550
vn -0.0105 -0.9973 -0.0732
vn -0.4220 -0.8455 -0.3272
vn -0.3562 -0.8815 0.3100
vn -0.2292 -0.9439 0.2376
vn 0.4876 -0.5412 0.6850
vn 0.2998 -0.9469 -0.1166
vn 0.3943 -0.8523 0.3437
vn 0.9191 -0.3837 -0.0893
vn 0.3194 0.9395 0.1237
vn 0.5241 0.0273 -0.8512
vn 0.2578 0.9536 -0.1554
vn 0.3738 -0.8308 -0.4124
vn 0.0307 -0.7835 -0.6206
vn 0.1223 -0.9635 -0.2381
vn 0.3154 -0.8556 -0.4105
vn 0.7156 -0.6844 -0.1400
vn 0.7603 -0.4946 -0.4211
vn 0.2282 -0.9017 -0.3672
vn 0.0684 0.2899 -0.9546
vn 0.3097 0.9353 0.1712
vn -0.2318 0.9722 0.0336
vn -0.3180 0.2853 -0.9042
vn 0.4644 0.0940 -0.8806
vn 0.3086 0.2729 -0.9112
vn 0.8206 -0.1262 -0.5573
vn -0.7540 -0.6011 0.2650
vn -0.9099 -0.3783 -0.1701
vn -0.7614 -0.1887 0.6202
vn -0.6715 -0.6566 0.3434
vn -0.6887 -0.5347 0.4898
vn -0.4912 -0.7979 0.3494
vn -0.2981 0.0942 -0.9499
vn -0.2764 -0.1821 -0.9436
vn 0.6982 0.4775 -0.5334
vn -0.0415 0.9841 -0.1725
vn -0.5814 0.1969 -0.7894
vn 0.0120 0.9929 -0.1180
vn 0.8102 -0.5805 -0.0807
vn 0.9970 -0.0287 -0.0724
vn 0.9655 -0.0673 -0.2517
vn 0.8429 -0.5380 0.0076
vn 0.5154 -0.8041 -0.2963
vn 0.8251 -0.5593 -0.0793
vn 0.5004 -0.8365 -0.2231
vn -0.0063 -1.0000 0.0005
vn 0.0297 -0.9994 0.0150
vn -0.0296 -0.9992 -0.0257
vn -0.0245 -0.9996 0.0132
vn -0.0067 -1.0000 0.0067
vn -0.8665 -0.4985 -0.0259
vn -0.7899 -0.5058 -0.3468
vn -0.7115 -0.6964 -0.0937
vn -0.8804 -0.2638 -0.3942
vn -0.4745 -0.8455 -0.2450
vn -0.9179 -0.3908 -0.0688
vn -0.9493 -0.1249 -0.2884
vn 0.7463 0.6641 0.0460
vn 0.8438 0.5315 0.0742
vn 0.3907 0.9184 -0.0625
vn 0.6469 0.5796 -0.4956
vn 0.7619 0.6306 -0.1478
vn 0.9938 0.1107 0.0108
vn 0.9798 0.1027 0.1718
vn 0.0465 0.9954 -0.0836
vn 0.1251 0.9903 0.0600
vn 0.0040 0.9999 -0.0102
vn -0.0534 0.9984 -0.0165
vn -0.0453 0.9986 -0.0265
vn 0.0107 0.9998 -0.0147
vn 0.2242 0.9741 -0.0306
vn 0.0215 0.9995 -0.0233
vn 0.0408 0.9992 -0.0036
vn -0.2420 0.9689 0.0512
vn 0.1003 0.9074 0.4081
vn -0.4881 0.5766 -0.6552
vn -0.5093 0.7426 0.4349
vn 0.0304 0.9809 -0.1920
vn -0.6801 0.6546 -0.3300
vn -0.1237 -0.1239 0.9846
vn 0.2295 0.4268 0.8748
vn -0.3418 0.1186 0.9323
vn 0.3422 -0.8183 0.4618
vn -0.4699 -0.5095 0.7209
vn 0.0854 -0.4971 0.8635
vn 0.0837 -0.8895 0.4492
vn -0.0179 0.9952 0.0965
vn -0.0625 0.8455 0.5303
vn -0.4715 0.8278 0.3041
vn -0.1620 0.9436 0.2887
vn 0.4226 0.8595 0.2876
vn -0.1717 0.9263 0.3354
vn 0.4965 0.7988 0.3397
vn 0.1563 -0.9828 -0.0980
vn 0.2767 -0.9406 0.1969
vn 0.9970 0.0493 -0.0590
vn 0.9933 -0.0178 0.1142
vn -0.5610 0.7832 -0.2681
vn -0.8154 0.5718 -0.0901
vn -0.7942 0.6047 -0.0600
vn -0.0145 0.9919 -0.1264
vn -0.4746 0.8655 0.1602
vn -0.0467 0.9951 -0.0873
vn -0.3493 -0.7558 -0.5539
vn -0.4367 -0.7886 -0.4328
vn 0.9965 0.0551 -0.0623
vn 0.9985 0.0544 0.0094
vn -0.1512 0.4819 -0.8631
vn 0.0513 0.9979 0.0402
vn 0.6092 0.0739 0.7895
vn 0.7414 -0.5600 0.3697
vn 0.7949 -0.0114 0.6067
vn 0.9263 0.0934 0.3650
vn 0.8612 -0.4095 0.3011
vn 0.4003 -0.9023 -0.1600
vn 0.6414 -0.6506 0.4067
vn 0.7948 -0.5472 0.2624
vn -0.3131 0.8967 -0.3129
vn -0.4435 0.8914 0.0935
vn -0.7099 0.2922 0.6409
vn -0.0365 0.9988 -0.0323
vn -0.2226 0.9311 0.2890
vn -0.0218 0.9998 -0.0000
vn 0.1466 -0.9859 0.0803
vn -0.1958 -0.9717 0.1323
vn 0.0512 -0.8892 0.4547
vn 0.9559 -0.1924 -0.2220
vn -0.4187 -0.8636 -0.2808
vn 0.4472 -0.6421 0.6227
vn 0.1608 -0.9870 -0.0016
vn 0.7111 0.1114 -0.6942
vn 0.5541 0.7623 0.3344
vn 0.6068 -0.1154 -0.7864
vn 0.9857 -0.0135 0.1682
vn 0.8300 -0.5448 0.1194
vn 0.8671 -0.4883 0.0988
vn 0.9955 -0.0602 0.0733
vn 0.8829 0.4408 0.1619
vn -0.5609 0.5614 -0.6085
vn -0.8039 0.3466 -0.4834
vn -0.7876 0.5196 -0.3312
vn -0.7476 -0.0060 -0.6641
vn -0.1311 0.5991 -0.7899
vn -0.0266 0.9390 -0.3428
vn -0.4384 0.8781 -0.1916
vn -0.0203 -0.9997 -0.0114
vn -0.2108 -0.9696 -0.1240
vn -0.1963 -0.9516 0.2365
vn -0.0341 -0.9989 0.0323
vn -0.1281 -0.9853 0.1133
vn 0.8073 0.5498 -0.2146
vn 0.7884 0.5598 0.2551
vn 0.6547 0.7538 0.0564
vn 0.9920 -0.1100 0.0622
vn 0.6705 0.7398 -0.0562
vn 0.7773 0.5865 -0.2277
vn 0.9939 0.0087 -0.1096
vn 0.0409 -0.9617 -0.2711
vn 0.3249 -0.9430 0.0721
vn 0.2686 -0.9552 -0.1240
vn 0.0681 -0.8697 -0.4889
vn -0.2306 -0.9661 -0.1162
vn 0.2550 -0.9667 -0.0195
vn -0.9526 0.0056 -0.3042
vn -0.9660 -0.0631 -0.2509
vn -0.9451 -0.3231 -0.0494
vn -0.8098 0.5066 0.2958
vn -0.9306 0.3657 0.0188
vn -0.8121 -0.5460 0.2058
vn -0.8988 0.3818 0.2153
vn -0.8551 -0.4998 -0.1375
vn -0.6185 -0.7836 0.0580
vn -0.7903 -0.5671 -0.2320
vn -0.9766 -0.0194 -0.2142
vn -0.8106 -0.5822 -0.0623
vn -0.6533 -0.7570 -0.0100
vn 0.0109 0.9998 -0.0174
vn 0.0338 0.9993 -0.0134
vn -0.0112 0.9994 0.0339
vn 0.0212 0.9998 -0.0009
vn 0.0302 0.9992 -0.0269
vn 0.0325 0.9995 0.0037
vn -0.0183 0.9992 0.0347
vn 0.4262 -0.8467 0.3186
vn 0.0479 -0.9739 0.2217
vn 0.2596 -0.9242 0.2801
vn 0.8046 -0.5606 0.1957
vn 0.7662 -0.5753 0.2864
vn 0.4411 -0.8270 0.3486
vn 0.6893 -0.7217 -0.0635
vn -0.9251 0.2799 0.2566
vn -0.7001 -0.0276 0.7135
vn -0.3028 -0.9091 0.2862
vn 0.2135 0.5720 0.7920
vn -0.1038 -0.9946 0.0023
vn -0.0476 -0.9988 -0.0096
vn -0.1390 -0.9689 -0.2048
vn -0.0757 -0.9971 0.0106
vn -0.0854 -0.9948 0.0557
vn -0.0417 -0.9988 -0.0261
vn 0.6422 0.7005 0.3111
vn 0.5755 0.7029 0.4180
vn 0.7011 0.6026 0.3813
vn 0.9188 0.3664 0.1470
vn 0.8089 0.5764 -0.1155
vn 0.5700 0.8136 0.1150
vn 0.9131 -0.1713 -0.3699
vn 0.9183 -0.3687 -0.1443
vn 0.9691 0.1225 -0.2139
vn 0.8927 0.4408 0.0937
vn 0.8590 0.5092 0.0538
vn 0.8608 -0.0019 -0.5089
vn 0.8942 -0.4465 -0.0330
vn -0.4787 0.7891 -0.3850
vn 0.0052 0.9311 -0.3648
vn -0.1197 0.9117 -0.3929
vn -0.8703 0.4686 -0.1515
vn -0.5363 0.8293 -0.1569
vn -0.4009 0.7612 -0.5097
vn -0.7285 0.5074 -0.4603
vn 0.0614 0.8980 -0.4357
vn -0.7010 -0.5256 -0.4820
vn 0.4790 0.8740 0.0819
vn 0.6848 -0.1978 -0.7014
vn 0.1393 0.9574 -0.2530
vn 0.7922 -0.0517 -0.6080
vn 0.3630 -0.8782 -0.3116
vn 0.5132 -0.8557 0.0664
vn -0.0476 0.9047 -0.4235
vn -0.3131 0.9496 -0.0116
vn -0.2846 0.9297 -0.2338
vn 0.4292 0.8156 -0.3880
vn 0.3503 0.9321 0.0920
vn 0.1323 0.9912 -0.0082
vn 0.1015 0.9844 -0.1440
vn -0.8012 -0.5927 -0.0826
vn -0.9423 0.1030 0.3186
vn -0.1776 0.9796 0.0938
vn 0.6164 0.5927 0.5184
vn -0.0909 0.8932 0.4404
vn -0.7759 0.4802 -0.4091
vn -0.4914 0.8349 -0.2477
vn 0.0499 0.9980 0.0401
vn -0.0951 0.9953 -0.0179
vn 0.4571 -0.8062 -0.3757
vn 0.0317 -0.9924 -0.1189
vn 0.8022 -0.5914 0.0820
vn 0.4448 -0.7944 -0.4137
vn -0.2790 0.8818 -0.3803
vn -0.0365 0.9993 -0.0007
vn -0.5884 0.6178 0.5216
vn -0.7962 0.1119 0.5947
vn -0.3109 0.9026 -0.2977
vn -0.6002 -0.0611 0.7975
vn -0.0138 0.9998 -0.0174
vn -0.8346 -0.5457 0.0755
vn -0.4318 -0.9018 0.0156
vn -0.3708 -0.9257 0.0749
vn -0.9885 -0.0876 0.1231
vn -0.8297 -0.5190 0.2055
vn -0.9909 0.0622 0.1190
vn -0.7915 -0.6111 -0.0068
vn 0.7947 0.3388 -0.5036
vn 0.6014 0.4557 -0.6563
vn 0.4323 0.6846 -0.5868
vn 0.5885 0.8042 -0.0835
vn 0.7459 0.5676 -0.3484
vn 0.6544 -0.7551 -0.0386
vn 0.5048 -0.8517 -0.1406
vn 0.6030 -0.7582 -0.2481
vn 0.7869 -0.5154 -0.3394
vn 0.8585 -0.4931 0.1405
vn -0.3944 0.9150 0.0854
vn -0.2400 0.9706 -0.0155
vn -0.1081 -0.9933 -0.0412
vn 0.8195 0.5234 -0.2334
vn 0.7586 0.5108 -0.4045
vn 0.7267 0.6860 -0.0374
vn 0.5025 0.8241 0.2616
vn 0.7728 0.5559 0.3061
vn 0.9126 0.4077 -0.0298
vn 0.9429 0.0601 -0.3276
vn 0.0239 -0.9992 0.0318
vn 0.3072 -0.8991 0.3119
vn 0.0235 -0.9997 -0.0066
vn 0.0342 -0.9993 0.0137
vn -0.7632 0.6405 -0.0847
vn -0.9639 -0.0082 0.2660
vn -0.9868 -0.1614 -0.0084
vn -0.6471 0.7518 -0.1266
vn -0.8009 0.5704 0.1822
vn -0.9438 0.1427 0.2980
vn -0.1987 0.9602 0.1964
vn -0.2496 0.9552 0.1590
vn -0.9659 -0.0983 0.2394
vn -0.9939 0.0288 -0.1068
vn -0.3454 -0.9347 0.0836
vn -0.4226 -0.9026 0.0821
vn 0.4535 0.8701 -0.1930
vn 0.4504 0.8631 0.2286
vn 0.8171 0.5403 -0.2009
vn 0.8417 0.5303 -0.1013
vn 0.5295 0.8483 0.0045
vn 0.2646 -0.9340 0.2401
vn 0.7694 -0.5004 0.3970
vn -0.1195 -0.9906 0.0670
vn 0.0939 -0.9947 0.0425
vn -0.0627 -0.4219 0.9045
vn -0.4828 0.8541 0.1933
vn -0.0692 0.9969 0.0369
vn -0.3078 0.8925 0.3298
vn -0.4109 0.8666 0.2832
vn -0.3864 -0.8586 0.3369
vn -0.1514 -0.8733 0.4630
vn 0.0781 -0.9738 0.2134
vn -0.3373 -0.9394 0.0622
vn -0.6913 -0.7216 -0.0380
vn -0.8245 -0.5643 -0.0414
vn 0.0378 -0.9993 -0.0043
vn -0.0368 -0.9733 -0.2267
vn 0.0135 -0.9344 0.3561
vn 0.5942 -0.8040 -0.0243
vn 0.5496 -0.8321 0.0740
vn -0.4707 -0.8722 -0.1334
vn -0.4226 0.8987 0.1174
vn -0.2503 0.9255 -0.2842
vn -0.7038 0.0352 -0.7095
vn -0.9791 0.2012 -0.0304
vn -0.8724 0.4887 -0.0116
vn -0.9404 0.0876 -0.3287
vn -0.8172 -0.5744 0.0475
vn 0.4173 0.8996 -0.1287
vn 0.2423 0.9701 0.0162
vn -0.2828 -0.6229 0.7294
vn -0.6186 -0.1709 0.7669
vn -0.0865 0.2112 0.9736
vn 0.1134 0.2811 0.9529
vn 0.1453 0.0518 0.9880
vn -0.0010 -0.9995 -0.0327
vn -0.2211 -0.8515 -0.4755
vn 0.9928 0.0326 0.1155
vn 0.7833 0.1496 0.6034
vn 0.7801 0.5297 0.3329
vn 0.7641 -0.5908 0.2590
vn 0.8116 -0.4821 0.3299
vn 0.9015 0.2704 0.3379
vn 0.9722 -0.0439 0.2300
vn 0.8122 -0.4722 0.3427
vn -0.7143 -0.0393 -0.6987
vn 0.9609 -0.2622 0.0893
vn 0.5866 0.7696 0.2523
vn 0.2017 -0.8836 -0.4225
vn 0.2309 -0.0544 -0.9714
vn 0.4062 -0.7970 0.4469
vn -0.5103 0.7954 0.3271
vn -0.1040 -0.9804 0.1673
vn 0.1597 -0.9826 0.0949
vn 0.3923 -0.8666 0.3085
vn 0.0139 -0.9882 -0.1524
vn -0.1005 -0.9943 0.0355
vn -0.4736 0.8012 0.3657
vn -0.0477 0.9981 -0.0381
vn -0.3899 -0.9010 0.1903
vn -0.2404 -0.9628 -0.1238
vn -0.4608 -0.8375 -0.2936
vn -0.6804 -0.7258 -0.1011
vn -0.8061 -0.5857 -0.0840
vn 0.0366 0.9993 -0.0015
vn 0.2042 0.9672 -0.1510
vn 0.0997 0.9915 -0.0836
vn 0.0281 0.9996 0.0013
vn 0.0316 0.9995 -0.0082
vn 0.0233 0.9997 -0.0080
vn -0.6408 0.7675 -0.0174
vn -0.7648 0.6286 0.1413
vn -0.7275 0.6807 -0.0864
vn 0.0802 -0.9959 -0.0429
vn 0.0022 -0.9968 -0.0796
vn -0.1597 -0.9158 -0.3685
vn 0.0638 -0.4205 -0.9051
vn 0.2929 -0.9560 0.0153
vn 0.5039 0.5748 0.6448
vn 0.4758 -0.5132 0.7143
vn 0.1625 -0.1382 0.9770
vn 0.5978 -0.7940 -0.1105
vn 0.8711 -0.4176 -0.2586
vn -0.7923 0.5968 0.1266
vn -0.8070 0.5428 -0.2327
vn -0.4563 -0.8756 0.1584
vn -0.0463 -0.9980 0.0434
vn 0.5358 0.7077 -0.4605
vn 0.7208 0.4769 -0.5030
vn -0.0149 0.9580 -0.2863
vn -0.0418 0.8852 -0.4633
vn -0.6484 0.6179 0.4447
vn -0.4632 0.8706 -0.1660
vn -0.5177 0.8271 0.2186
vn -0.7759 -0.0310 0.6301
vn -0.9957 0.0058 0.0927
vn -0.7411 0.5168 0.4286
vn -0.0692 -0.7052 0.7056
vn -0.2140 -0.9644 0.1553
vn 0.7532 -0.5959 0.2785
vn 0.5003 -0.8643 -0.0526
vn 0.3019 0.1658 -0.9388
vn -0.4234 -0.0926 -0.9012
vn 0.0102 0.9947 -0.1026
vn 0.4845 0.1400 -0.8635
vn 0.3232 -0.9172 -0.2332
vn -0.2371 -0.6530 0.7193
vn -0.7234 0.5467 0.4217
vn 0.0611 -0.9835 0.1704
vn 0.3462 0.8426 0.4125
vn 0.7579 0.5100 0.4067
vn 0.8039 0.5695 0.1718
vn 0.8563 -0.4814 0.1869
vn 0.0830 0.9955 -0.0460
vn -0.0029 0.9955 -0.0952
vn -0.4461 -0.8630 0.2373
vn -0.8298 -0.0234 -0.5576
vn 0.0632 0.5377 -0.8408
vn -0.4808 0.1154 -0.8692
vn -0.0010 -0.9477 -0.3193
vn 0.2222 -0.9381 0.2658
vn -0.6854 0.0217 -0.7279
vn -0.1998 -0.9514 -0.2345
vn -0.8979 -0.1453 -0.4156
vn -0.4812 0.1802 -0.8579
vn -0.7846 -0.0285 0.6193
vn 0.0160 0.9998 0.0133
vn 0.0292 0.9993 -0.0215
vn 0.0413 0.9990 0.0187
vn 0.1625 0.9390 -0.3031
vn 0.1858 0.9668 0.1753
vn 0.6790 -0.6360 -0.3667
vn 0.9147 0.0033 -0.4042
vn -0.7945 0.6069 0.0193
vn 0.8235 0.5602 -0.0894
vn -0.7747 -0.2759 -0.5690
vn -0.7478 0.5193 0.4137
vn -0.8371 0.5248 0.1544
vn -0.7859 -0.1346 0.6035
vn -0.0862 0.9266 0.3660
vn -0.0171 0.8930 0.4497
vn -0.3239 0.8183 0.4749
vn -0.0658 0.9816 0.1793
vn -0.3114 0.8639 0.3958
vn -0.0627 -0.9930 0.1001
vn -0.2851 -0.9535 -0.0978
vn -0.8590 0.4479 -0.2480
vn -0.9744 0.0506 0.2192
vn -0.8463 0.3827 -0.3705
vn -0.4627 0.8673 -0.1836
vn 0.8926 -0.3906 0.2251
vn 0.6364 -0.7637 0.1087
vn 0.1078 0.2864 0.9520
vn 0.0991 0.9939 0.0487
vn -0.3777 -0.8639 0.3332
vn -0.2869 -0.9576 0.0260
vn 0.7051 0.4781 0.5236
vn 0.7709 0.0919 0.6303
vn 0.1835 0.9471 0.2634
vn -0.0037 0.9996 0.0266
vn -0.2165 0.9477 0.2343
vn 0.4654 0.8321 -0.3017
vn 0.0882 -0.9961 -0.0102
vn -0.0000 -0.9946 -0.1034
vn 0.2000 -0.9798 -0.0025
vn -0.0489 0.9736 0.2230
vn 0.0777 -0.9966 -0.0259
vn -0.9910 0.0560 0.1212
vn -0.8760 0.3811 -0.2956
vn -0.9779 0.1313 0.1624
vn -0.6763 0.7194 -0.1587
vn 0.3181 -0.8275 0.4626
vn -0.1504 0.2227 -0.9632
vn 0.4641 0.5091 -0.7249
vn 0.4871 -0.6888 -0.5369
vn -0.0464 -0.9989 -0.0097
vn -0.3684 -0.8929 -0.2591
vn 0.0906 0.9486 -0.3032
vn 0.5066 0.8233 -0.2560
vn 0.1381 -0.9712 -0.1940
vn -0.9970 0.0448 0.0624
vn -0.3266 -0.9389 0.1086
vn -0.2051 0.8861 -0.4157
vn -0.0023 0.9854 -0.1705
vn 0.8292 -0.3468 -0.4384
vn 0.8857 0.4166 -0.2051
vn 0.0043 -0.9998 -0.0173
vn 0.1361 0.9840 0.1150
vn 0.0840 0.9942 0.0676
vn 0.4240 0.6281 0.6524
vn -0.0191 0.9988 -0.0459
vn -0.0770 0.9889 0.1272
vn 0.0404 -0.9991 0.0082
vn -0.7800 0.5970 0.1877
vn -0.3030 -0.9520 -0.0439
vn 0.8808 0.4344 -0.1884
vn -0.7137 -0.6175 -0.3307
vn 0.6138 -0.7209 0.3217
vn 0.7707 -0.5741 0.2764
vn -0.8500 -0.5209 -0.0787
vn -0.8889 -0.4389 0.1317
vn 0.1196 0.9910 -0.0594
vn -0.7704 -0.2855 -0.5700
vn -0.6808 -0.1341 -0.7201
vn -0.9757 0.1822 0.1219
vn -0.9128 0.0899 0.3985
vn 0.3302 0.9439 -0.0081
vn 0.9844 0.0494 0.1689
vn -0.3443 -0.8979 -0.2741
vn -0.5024 -0.8446 -0.1852
vn 0.0861 -0.7610 -0.6430
vn -0.0732 -0.9585 -0.2754
vn -0.9915 0.0430 -0.1226
vn 0.4710 -0.8782 -0.0830
vn 0.7010 -0.7090 -0.0770
vn 0.7357 -0.6772 -0.0118
vn 0.7777 -0.1016 -0.6204
vn 0.1881 0.9488 0.2537
vn -0.2413 -0.9704 -0.0110
vn 0.2179 0.8655 0.4510
vn -0.5724 0.8149 0.0913
vn 0.1086 0.1511 0.9825
vt 0.406049 0.964728
vt 0.414484 0.996209
vt 0.385422 0.964313
vt 0.779398 0.577588
vt 0.766430 0.596119
vt 0.766384 0.540722
vt 0.494208 0.916773
vt 0.394294 0.916773
vt 0.489159 0.893580
vt 0.983964 0.257276
vt 0.956775 0.158943
vt 0.988347 0.153376
vt 0.901984 0.624711
vt 0.932065 0.666113
vt 0.879913 0.657880
vt 0.949931 0.203119
vt 0.979344 0.908670
vt 0.911660 0.918182
vt 0.959568 0.828348
vt 0.147555 0.391233
vt 0.182055 0.388787
vt 0.187607 0.452247
vt 0.147386 0.486275
vt 0.222968 0.271064
vt 0.192379 0.176921
vt 0.241667 0.259777
vt 0.642606 0.814905
vt 0.590243 0.826587
vt 0.587590 0.811541
vt 0.771256 0.239198
vt 0.742699 0.241696
vt 0.758017 0.142983
vt 0.778404 0.139448
vt 0.798698 0.234615
vt 0.171245 0.054169
vt 0.192120 0.050488
vt 0.187641 0.149114
vt 0.538507 0.066150
vt 0.545991 0.039873
vt 0.588181 0.055229
vt 0.782345 0.842727
vt 0.748398 0.859523
vt 0.748707 0.842727
vt 0.240437 0.269521
vt 0.250458 0.232519
vt 0.284914 0.259313
vt 0.002505 0.357901
vt 0.015086 0.319180
vt 0.031841 0.362254
vt 0.485986 0.042207
vt 0.784857 0.859827
vt 0.152374 0.332547
vt 0.154134 0.330212
vt 0.171571 0.388025
vt 0.712092 0.973085
vt 0.643565 0.973085
vt 0.642313 0.970668
vt 0.499543 0.987506
vt 0.439730 0.987506
vt 0.483021 0.985615
vt 0.187686 0.002223
vt 0.259800 0.002223
vt 0.189138 0.004248
vt 0.506869 0.016946
vt 0.492908 0.014484
vt 0.539446 0.017199
vt 0.116935 0.226431
vt 0.106319 0.193359
vt 0.096822 0.152223
vt 0.300798 0.737485
vt 0.338312 0.744542
vt 0.314098 0.789427
vt 0.297734 0.291326
vt 0.306667 0.329038
vt 0.272262 0.306131
vt 0.253169 0.780193
vt 0.253090 0.721785
vt 0.307398 0.702736
vt 0.288845 0.788693
vt 0.442535 0.038366
vt 0.454145 0.042054
vt 0.450823 0.091016
vt 0.440241 0.095360
vt 0.339097 0.037000
vt 0.652598 0.355362
vt 0.602882 0.368683
vt 0.656761 0.344249
vt 0.683835 0.438322
vt 0.643083 0.462397
vt 0.346661 0.938518
vt 0.379372 0.957404
vt 0.318420 0.958035
vt 0.333084 0.033463
vt 0.361062 0.020612
vt 0.366348 0.035137
vt 0.312208 0.929400
vt 0.348929 0.917791
vt 0.381309 0.942836
vt 0.106842 0.322303
vt 0.159269 0.361809
vt 0.094589 0.338885
vt 0.094996 0.318137
vt 0.132042 0.281208
vt 0.310977 0.448345
vt 0.315385 0.405752
vt 0.326920 0.400748
vt 0.116894 0.278808
vt 0.888688 0.494606
vt 0.880035 0.479865
vt 0.919856 0.472695
vt 0.841687 0.516258
vt 0.888958 0.508714
vt 0.981396 0.830710
vt 0.937480 0.811951
vt 0.945118 0.798171
vt 0.955849 0.786686
vt 0.921171 0.539883
vt 0.648510 0.786368
vt 0.623825 0.790278
vt 0.666538 0.738082
vt 0.186271 0.002978
vt 0.199878 0.038425
vt 0.168810 0.000144
vt 0.687361 0.739348
vt 0.111393 0.227551
vt 0.114007 0.241565
vt 0.080710 0.278545
vt 0.214435 0.036797
vt 0.097581 0.232074
vt 0.089346 0.972563
vt 0.076128 0.973720
vt 0.086607 0.959147
vt 0.088830 0.987450
vt 0.122181 0.955805
vt 0.122821 0.973248
vt 0.120169 0.987442
vt 0.525008 0.999829
vt 0.493409 0.999829
vt 0.498759 0.988225
vt 0.543881 0.696561
vt 0.543881 0.600101
vt 0.561929 0.697050
vt 0.479082 0.139817
vt 0.493044 0.203858
vt 0.468606 0.199228
vt 0.503056 0.144149
vt 0.454825 0.135147
vt 0.524222 0.592447
vt 0.525579 0.696210
vt 0.466280 0.703272
vt 0.409921 0.643290
vt 0.451863 0.648057
vt 0.241299 0.306206
vt 0.255794 0.324628
vt 0.231163 0.340055
vt 0.203140 0.331130
vt 0.405639 0.690256
vt 0.214863 0.492479
vt 0.221327 0.527089
vt 0.202520 0.531876
vt 0.461106 0.717089
vt 0.197749 0.496047
vt 0.407529 0.552352
vt 0.343839 0.561303
vt 0.397125 0.525017
vt 0.488190 0.105153
vt 0.200480 0.347995
vt 0.200480 0.408597
vt 0.184609 0.349358
vt 0.296147 0.815544
vt 0.295282 0.832784
vt 0.228165 0.832784
vt 0.183856 0.325825
vt 0.349840 0.981848
vt 0.324598 0.976206
vt 0.327623 0.964915
vt 0.204894 0.310168
vt 0.331815 0.836024
vt 0.601879 0.247906
vt 0.658352 0.331959
vt 0.606272 0.345065
vt 0.123068 0.524037
vt 0.110106 0.567480
vt 0.102114 0.578713
vt 0.677446 0.250483
vt 0.154735 0.511906
vt 0.126532 0.527323
vt 0.097686 0.457126
vt 0.269874 0.911422
vt 0.226734 0.916212
vt 0.269100 0.888989
vt 0.978535 0.449706
vt 0.978894 0.492289
vt 0.960081 0.465716
vt 0.005102 0.839490
vt 0.005102 0.785199
vt 0.018293 0.789633
vt 0.302977 0.918198
vt 0.961328 0.435598
vt 0.985260 0.408319
vt 0.625936 0.735270
vt 0.583752 0.787047
vt 0.918474 0.719764
vt 0.913453 0.725955
vt 0.872230 0.663204
vt 0.620763 0.732514
vt 0.237716 0.170950
vt 0.255307 0.121584
vt 0.254473 0.171829
vt 0.244633 0.272717
vt 0.247396 0.288388
vt 0.195928 0.272447
vt 0.565236 0.825007
vt 0.515568 0.833099
vt 0.513339 0.820460
vt 0.889300 0.171499
vt 0.868571 0.131279
vt 0.872245 0.118656
vt 0.235631 0.224479
vt 0.296129 0.288027
vt 0.994426 0.538121
vt 0.994426 0.570889
vt 0.958785 0.564813
vt 0.697482 0.587417
vt 0.685540 0.570205
vt 0.717682 0.564208
vt 0.485736 0.399045
vt 0.555939 0.353709
vt 0.490046 0.411057
vt 0.480528 0.404653
vt 0.481759 0.395461
vt 0.873605 0.565839
vt 0.893790 0.596967
vt 0.861851 0.593478
vt 0.903031 0.563555
vt 0.848584 0.533289
vt 0.875775 0.534790
vt 0.843256 0.557148
vt 0.088848 0.535999
vt 0.094062 0.583341
vt 0.082642 0.549308
vt 0.204404 0.406586
vt 0.205259 0.353866
vt 0.254145 0.366013
vt 0.089750 0.492319
vt 0.024067 0.378470
vt 0.091911 0.378470
vt 0.029617 0.417791
vt 0.912336 0.141090
vt 0.921905 0.129927
vt 0.940694 0.147638
vt 0.226815 0.179545
vt 0.242205 0.154817
vt 0.228181 0.189416
vt 0.970396 0.939584
vt 0.972388 0.911088
vt 0.992338 0.937449
vt 0.227877 0.164031
vt 0.208348 0.192555
vt 0.952411 0.915316
vt 0.199308 0.185129
vt 0.402490 0.678176
vt 0.409776 0.519906
vt 0.449867 0.462651
vt 0.433316 0.561348
vt 0.873413 0.037980
vt 0.805668 0.042646
vt 0.792632 0.036000
vt 0.782974 0.033608
vt 0.754615 0.023286
vt 0.841702 0.032316
vt 0.624945 0.054652
vt 0.673689 0.142941
vt 0.652763 0.140265
vt 0.633309 0.147488
vt 0.602562 0.063482
vt 0.143276 0.824639
vt 0.159621 0.913799
vt 0.124602 0.833347
vt 0.648402 0.041193
vt 0.161112 0.820397
vt 0.012629 0.029286
vt 0.013512 0.008225
vt 0.020766 0.019588
vt 0.613257 0.910922
vt 0.591344 0.913601
vt 0.597311 0.898464
vt 0.611942 0.925631
vt 0.630746 0.923152
vt 0.026005 0.037831
vt 0.018986 0.050587
vt 0.087040 0.453813
vt 0.080224 0.429374
vt 0.099343 0.370532
vt 0.105945 0.394902
vt 0.084989 0.289583
vt 0.123052 0.263129
vt 0.086560 0.322972
vt 0.201285 0.004486
vt 0.266653 0.010205
vt 0.194771 0.011442
vt 0.242029 0.603736
vt 0.304371 0.600541
vt 0.251908 0.630879
vt 0.246811 0.571670
vt 0.168440 0.820674
vt 0.160283 0.781728
vt 0.172220 0.780684
vt 0.952662 0.669197
vt 0.951130 0.712157
vt 0.940771 0.670868
vt 0.965723 0.709535
vt 0.487631 0.000673
vt 0.491672 0.015754
vt 0.427193 0.010919
vt 0.022964 0.137015
vt 0.039027 0.073235
vt 0.039285 0.137015
vt 0.178833 0.965184
vt 0.131486 0.980568
vt 0.171562 0.940398
vt 0.889571 0.039817
vt 0.888731 0.017923
vt 0.971896 0.017923
vt 0.187081 0.987925
vt 0.023261 0.073290
vt 0.969574 0.035622
vt 0.466084 0.719236
vt 0.471060 0.738589
vt 0.414456 0.716671
vt 0.204087 0.828442
vt 0.218919 0.857059
vt 0.206594 0.856796
vt 0.320581 0.312652
vt 0.320751 0.258510
vt 0.348540 0.263410
vt 0.506600 0.690507
vt 0.222758 0.830761
vt 0.348349 0.313930
vt 0.803414 0.910062
vt 0.852971 0.904540
vt 0.849887 0.918257
vt 0.753422 0.894984
vt 0.761035 0.880663
vt 0.801690 0.909129
vt 0.749287 0.911771
vt 0.700550 0.899698
vt 0.704859 0.882128
vt 0.203073 0.533196
vt 0.202648 0.591863
vt 0.190157 0.568681
vt 0.760421 0.945110
vt 0.698514 0.938604
vt 0.700867 0.901082
vt 0.825526 0.716236
vt 0.826659 0.676373
vt 0.856521 0.729197
vt 0.001602 0.166003
vt 0.030254 0.163497
vt 0.003922 0.205014
vt 0.105520 0.795753
vt 0.037835 0.773761
vt 0.103185 0.771196
vt 0.597784 0.671643
vt 0.599648 0.696278
vt 0.549573 0.737117
vt 0.379725 0.819399
vt 0.397803 0.780853
vt 0.406492 0.824382
vt 0.350818 0.835235
vt 0.352324 0.818565
vt 0.377364 0.783865
vt 0.383136 0.836183
vt 0.772032 0.641506
vt 0.724857 0.670727
vt 0.765942 0.631737
vt 0.494182 0.989126
vt 0.493550 0.996349
vt 0.462105 0.988221
vt 0.020159 0.972450
vt 0.020159 0.915049
vt 0.060054 0.970026
vt 0.110747 0.597829
vt 0.082605 0.615487
vt 0.091524 0.583018
vt 0.137432 0.636112
vt 0.881080 0.085593
vt 0.914501 0.090154
vt 0.908431 0.102271
vt 0.527270 0.022123
vt 0.535060 0.035617
vt 0.455980 0.032995
vt 0.897849 0.628616
vt 0.879590 0.652460
vt 0.873563 0.623702
vt 0.076797 0.843810
vt 0.058833 0.821222
vt 0.076512 0.811434
vt 0.098622 0.834155
vt 0.101936 0.867311
vt 0.075180 0.879222
vt 0.151114 0.959504
vt 0.104660 0.952003
vt 0.103370 0.935038
vt 0.833795 0.004692
vt 0.865558 0.004692
vt 0.840423 0.017210
vt 0.862965 0.796015
vt 0.792824 0.806448
vt 0.763884 0.792953
vt 0.169758 0.148791
vt 0.169758 0.051915
vt 0.185145 0.149180
vt 0.075980 0.227051
vt 0.061157 0.232446
vt 0.073386 0.157798
vt 0.028821 0.419071
vt 0.015156 0.416996
vt 0.021218 0.385807
vt 0.815509 0.533898
vt 0.831053 0.569858
vt 0.811640 0.567137
vt 0.824541 0.494283
vt 0.836336 0.535679
vt 0.789762 0.530129
vt 0.793695 0.499860
vt 0.788439 0.559020
vt 0.070633 0.984381
vt 0.069812 0.962617
vt 0.691055 0.139471
vt 0.561585 0.600553
vt 0.169912 0.506271
vt 0.171924 0.466940
vt 0.174022 0.509652
vt 0.946976 0.499225
vt 0.891619 0.493996
vt 0.942668 0.495215
vt 0.346065 0.714755
vt 0.990412 0.493398
vt 0.943843 0.505606
vt 0.396787 0.675151
vt 0.178380 0.641881
vt 0.159316 0.680851
vt 0.158486 0.641186
vt 0.016774 0.603000
vt 0.041603 0.611068
vt 0.013648 0.661808
vt 0.190924 0.680289
vt 0.174645 0.678917
vt 0.784740 0.876375
vt 0.801312 0.882988
vt 0.771589 0.887008
vt 0.793311 0.843330
vt 0.410072 0.026945
vt 0.589108 0.917768
vt 0.494177 0.909463
vt 0.590021 0.895060
vt 0.304000 0.960629
vt 0.299083 0.970031
vt 0.252496 0.945260
vt 0.676973 0.355904
vt 0.730374 0.365320
vt 0.674462 0.364904
vt 0.732224 0.342937
vt 0.785593 0.362814
vt 0.735393 0.354765
vt 0.671993 0.342508
vt 0.734419 0.355463
vt 0.785185 0.351969
vt 0.735015 0.335435
vt 0.243886 0.510715
vt 0.311461 0.511892
vt 0.308022 0.541682
vt 0.746029 0.874728
vt 0.683535 0.860105
vt 0.782034 0.877034
vt 0.971870 0.845852
vt 0.989802 0.845852
vt 0.980548 0.910245
vt 0.404186 0.807704
vt 0.446309 0.805569
vt 0.444429 0.818487
vt 0.240563 0.543723
vt 0.338778 0.017323
vt 0.266996 0.017323
vt 0.268164 0.001592
vt 0.090206 0.386635
vt 0.078157 0.429806
vt 0.075115 0.433448
vt 0.012571 0.129392
vt 0.012571 0.067721
vt 0.014308 0.111420
vt 0.085450 0.916215
vt 0.073593 0.935191
vt 0.067420 0.857741
vt 0.070760 0.400456
vt 0.097887 0.368985
vt 0.889299 0.383238
vt 0.886990 0.405208
vt 0.783627 0.396165
vt 0.692782 0.145177
vt 0.716934 0.249800
vt 0.690693 0.241686
vt 0.719754 0.145657
vt 0.785916 0.372907
vt 0.891190 0.354248
vt 0.672312 0.143851
vt 0.623223 0.950807
vt 0.606890 0.956191
vt 0.617550 0.938710
vt 0.633820 0.936996
vt 0.634857 0.951609
vt 0.074888 0.935341
vt 0.067901 0.955437
vt 0.088377 0.920203
vt 0.167720 0.564527
vt 0.154010 0.605971
vt 0.144465 0.584853
vt 0.052274 0.830248
vt 0.028502 0.798476
vt 0.061212 0.813439
vt 0.177474 0.577430
vt 0.802073 0.811356
vt 0.834297 0.814175
vt 0.802322 0.832248
vt 0.148578 0.529859
vt 0.022409 0.823634
vt 0.099205 0.058687
vt 0.128770 0.045307
vt 0.123469 0.093749
vt 0.313468 0.534717
vt 0.353518 0.507890
vt 0.662420 0.029077
vt 0.662420 0.035631
vt 0.573518 0.031647
vt 0.377263 0.999882
vt 0.413824 0.988074
vt 0.457754 0.988074
vt 0.417237 0.997989
vt 0.632907 0.568299
vt 0.612683 0.564649
vt 0.635616 0.522947
vt 0.925673 0.388237
vt 0.960386 0.403974
vt 0.927395 0.405915
vt 0.896198 0.399934
vt 0.636424 0.606108
vt 0.617947 0.600773
vt 0.962057 0.386502
vt 0.069392 0.280778
vt 0.628560 0.891067
vt 0.647695 0.912318
vt 0.590895 0.895575
vt 0.017606 0.114437
vt 0.012518 0.056287
vt 0.019338 0.051815
vt 0.074274 0.233910
vt 0.691832 0.911339
vt 0.633631 0.960355
vt 0.639600 0.967469
vt 0.571948 0.965623
vt 0.821494 0.127091
vt 0.230499 0.435894
vt 0.244701 0.438996
vt 0.249632 0.495354
vt 0.870584 0.100824
vt 0.216770 0.496245
vt 0.217973 0.437764
vt 0.229624 0.395741
vt 0.069059 0.065464
vt 0.077219 0.064894
vt 0.072974 0.153673
vt 0.962493 0.327645
vt 0.906103 0.376697
vt 0.955343 0.323516
vt 0.065794 0.157107
vt 0.057905 0.153530
vt 0.060444 0.065233
vt 0.966533 0.335350
vt 0.519221 0.805039
vt 0.568768 0.813776
vt 0.516645 0.819649
vt 0.244823 0.050691
vt 0.247405 0.036418
vt 0.296915 0.045147
vt 0.195370 0.040080
vt 0.158845 0.238311
vt 0.177767 0.288913
vt 0.161561 0.290124
vt 0.378947 0.841928
vt 0.478195 0.841928
vt 0.467558 0.861905
vt 0.464084 0.808781
vt 0.688431 0.465296
vt 0.740650 0.451136
vt 0.415319 0.404719
vt 0.413393 0.412863
vt 0.368167 0.409788
vt 0.461287 0.412189
vt 0.370829 0.401106
vt 0.405694 0.320197
vt 0.616783 0.727302
vt 0.722797 0.697807
vt 0.726553 0.731135
vt 0.029301 0.435355
vt 0.000596 0.467185
vt 0.024311 0.431396
vt 0.616411 0.719064
vt 0.491463 0.861976
vt 0.586991 0.841813
vt 0.494522 0.879165
vt 0.040220 0.446344
vt 0.306196 0.228703
vt 0.313795 0.277933
vt 0.139725 0.952045
vt 0.156556 0.920323
vt 0.165540 0.933286
vt 0.120196 0.941706
vt 0.294017 0.171844
vt 0.325018 0.201541
vt 0.267109 0.204733
vt 0.291529 0.035790
vt 0.218629 0.031919
vt 0.258646 0.020457
vt 0.180130 0.362680
vt 0.216186 0.033818
vt 0.157348 0.290422
vt 0.781687 0.412582
vt 0.884568 0.426080
vt 0.288245 0.098339
vt 0.288245 0.074316
vt 0.344261 0.099121
vt 0.466119 0.698743
vt 0.459445 0.602623
vt 0.482550 0.593766
vt 0.485384 0.697504
vt 0.332525 0.126770
vt 0.286883 0.117393
vt 0.291335 0.490380
vt 0.283444 0.495556
vt 0.281742 0.483485
vt 0.723521 0.848446
vt 0.622919 0.848446
vt 0.722700 0.842445
vt 0.290303 0.495843
vt 0.296998 0.387905
vt 0.498817 0.784803
vt 0.449023 0.785351
vt 0.417121 0.739342
vt 0.845140 0.465027
vt 0.844719 0.494737
vt 0.004090 0.959522
vt 0.004090 0.924500
vt 0.018807 0.959238
vt 0.043904 0.223869
vt 0.048406 0.162729
vt 0.026820 0.217058
vt 0.026820 0.262783
vt 0.008023 0.258264
vt 0.027554 0.222696
vt 0.031739 0.161551
vt 0.802909 0.017329
vt 0.814030 0.004075
vt 0.838206 0.015282
vt 0.978268 0.655769
vt 0.941910 0.666885
vt 0.977792 0.633841
vt 0.205017 0.905478
vt 0.182031 0.912947
vt 0.170263 0.813496
vt 0.257045 0.644026
vt 0.331175 0.685715
vt 0.314857 0.709020
vt 0.181481 0.175841
vt 0.123148 0.138073
vt 0.166024 0.142692
vt 0.346167 0.664145
vt 0.124828 0.234749
vt 0.955343 0.632663
vt 0.724944 0.709037
vt 0.752731 0.689580
vt 0.740228 0.728041
vt 0.056473 0.684455
vt 0.069963 0.695187
vt 0.056729 0.712125
vt 0.908512 0.454165
vt 0.899407 0.412454
vt 0.932047 0.447876
vt 0.328896 0.773311
vt 0.356446 0.761777
vt 0.350517 0.789614
vt 0.856380 0.789916
vt 0.899861 0.739701
vt 0.917463 0.739662
vt 0.937671 0.493039
vt 0.340739 0.741543
vt 0.925938 0.744299
vt 0.324064 0.816391
vt 0.908263 0.104434
vt 0.270094 0.172332
vt 0.124734 0.264465
vt 0.470877 0.983528
vt 0.414638 0.983528
vt 0.469690 0.981629
vt 0.298671 0.570873
vt 0.847065 0.627835
vt 0.850590 0.655892
vt 0.314042 0.635129
vt 0.347789 0.567620
vt 0.594181 0.483924
vt 0.585265 0.485058
vt 0.594052 0.471225
vt 0.696699 0.492563
vt 0.701265 0.488598
vt 0.700459 0.508005
vt 0.601018 0.466081
vt 0.698741 0.506257
vt 0.990811 0.389934
vt 0.206552 0.917782
vt 0.204781 0.891480
vt 0.222943 0.889749
vt 0.832510 0.602669
vt 0.715761 0.613164
vt 0.715451 0.661822
vt 0.687230 0.862132
vt 0.684737 0.875549
vt 0.633832 0.866573
vt 0.205395 0.764819
vt 0.196090 0.817588
vt 0.192813 0.762606
vt 0.200136 0.716011
vt 0.704801 0.816983
vt 0.654583 0.817322
vt 0.654583 0.802037
vt 0.654944 0.832640
vt 0.735008 0.873957
vt 0.901065 0.373378
vt 0.908594 0.310911
vt 0.932998 0.272924
vt 0.122782 0.095324
vt 0.604906 0.021338
vt 0.651955 0.017956
vt 0.647417 0.028834
vt 0.572372 0.843788
vt 0.505995 0.857143
vt 0.504601 0.841215
vt 0.203854 0.216717
vt 0.221328 0.270497
vt 0.190971 0.220640
vt 0.445731 0.831066
vt 0.506625 0.820568
vt 0.401787 0.828417
vt 0.179239 0.180307
vt 0.733878 0.003994
vt 0.792254 0.003994
vt 0.747962 0.015419
vt 0.081454 0.155524
vt 0.096834 0.218937
vt 0.074205 0.153978
vt 0.505768 0.987385
vt 0.509091 0.980260
vt 0.564416 0.986250
vt 0.032465 0.377647
vt 0.032465 0.304782
vt 0.051158 0.307584
vt 0.092427 0.142410
vt 0.321731 0.828935
vt 0.003460 0.644198
vt 0.011823 0.691626
vt 0.000621 0.695772
vt 0.139371 0.644422
vt 0.145295 0.743582
vt 0.157045 0.740739
vt 0.503888 0.466623
vt 0.545212 0.561740
vt 0.489296 0.478381
vt 0.876721 0.240387
vt 0.889470 0.260179
vt 0.848399 0.257563
vt 0.520714 0.470666
vt 0.875464 0.221252
vt 0.525921 0.219607
vt 0.563820 0.264006
vt 0.546843 0.264584
vt 0.630605 0.196342
vt 0.520974 0.231851
vt 0.493559 0.230334
vt 0.441633 0.192214
vt 0.497128 0.272434
vt 0.453883 0.277180
vt 0.411389 0.291176
vt 0.448041 0.196684
vt 0.031832 0.304217
vt 0.031832 0.350338
vt 0.012468 0.311051
vt 0.081788 0.959081
vt 0.001497 0.750680
vt 0.016669 0.749085
vt 0.005896 0.762745
vt 0.000547 0.414868
vt 0.739105 0.144683
vt 0.891285 0.333383
vt 0.787457 0.333253
vt 0.910447 0.382002
vt 0.718819 0.039955
vt 0.749286 0.017946
vt 0.753570 0.023843
vt 0.722446 0.045337
vt 0.663265 0.033221
vt 0.969517 0.384617
vt 0.553059 0.532138
vt 0.584621 0.523985
vt 0.587425 0.561164
vt 0.551298 0.551838
vt 0.330055 0.583939
vt 0.361234 0.561997
vt 0.359006 0.591158
vt 0.525026 0.176321
vt 0.321671 0.626061
vt 0.735419 0.102975
vt 0.777502 0.059394
vt 0.761445 0.116817
vt 0.101769 0.755187
vt 0.127228 0.724845
vt 0.132185 0.764889
vt 0.227203 0.149553
vt 0.225967 0.121064
vt 0.251034 0.130188
vt 0.110921 0.817055
vt 0.714021 0.119491
vt 0.755638 0.037574
vt 0.846117 0.725752
vt 0.837237 0.759429
vt 0.751274 0.771510
vt 0.746716 0.762164
vt 0.001048 0.590555
vt 0.010391 0.555689
vt 0.011396 0.603096
vt 0.176310 0.619016
vt 0.189544 0.612845
vt 0.187731 0.664891
vt 0.561321 0.926998
vt 0.477710 0.941741
vt 0.468544 0.923864
vt 0.180227 0.566568
vt 0.918047 0.751171
vt 0.273984 0.484676
vt 0.278735 0.390563
vt 0.250951 0.498169
vt 0.249870 0.485697
vt 0.269305 0.389606
vt 0.531623 0.247407
vt 0.558967 0.342774
vt 0.531623 0.345705
vt 0.549367 0.070678
vt 0.549819 0.080987
vt 0.531908 0.100899
vt 0.469123 0.045893
vt 0.552706 0.075785
vt 0.627940 0.042863
vt 0.718945 0.674884
vt 0.613323 0.698703
vt 0.608766 0.689425
vt 0.017643 0.295983
vt 0.002709 0.293350
vt 0.026063 0.263557
vt 0.706117 0.640664
vt 0.026659 0.299410
vt 0.027590 0.297085
vt 0.027590 0.223902
vt 0.030150 0.223572
vt 0.503413 0.977943
vt 0.505932 0.975839
vt 0.562291 0.975839
vt 0.810817 0.063081
vt 0.056657 0.437086
vt 0.067638 0.508658
vt 0.043301 0.448695
vt 0.989588 0.278468
vt 0.990410 0.324096
vt 0.978303 0.324096
vt 0.350204 0.000092
vt 0.345586 0.017330
vt 0.279960 0.002963
vt 0.666989 0.240534
vt 0.652908 0.141809
vt 0.753673 0.457829
vt 0.463561 0.417941
vt 0.484046 0.417897
vt 0.415531 0.503578
vt 0.461064 0.407363
vt 0.168224 0.046952
vt 0.168224 0.142197
vt 0.146360 0.136430
vt 0.149404 0.893129
vt 0.135773 0.907163
vt 0.172269 0.612341
vt 0.176255 0.639878
vt 0.119191 0.608173
vt 0.486438 0.557877
vt 0.497761 0.559266
vt 0.314992 0.519436
vt 0.381730 0.478925
vt 0.473586 0.548138
vt 0.484229 0.479814
vt 0.311390 0.509186
vt 0.256004 0.102509
vt 0.030700 0.600975
vt 0.027884 0.561149
vt 0.066353 0.587467
vt 0.159555 0.762039
vt 0.070673 0.629664
vt 0.039344 0.680561
vt 0.028219 0.711126
vt 0.023993 0.649260
vt 0.031578 0.648129
vt 0.183314 0.974933
vt 0.238841 0.950967
vt 0.250732 0.964174
vt 0.057848 0.669533
vt 0.061955 0.683061
vt 0.199392 0.924519
vt 0.262993 0.694090
vt 0.418582 0.942655
vt 0.429808 0.918967
vt 0.475831 0.940428
vt 0.227641 0.706152
vt 0.359357 0.335774
vt 0.314938 0.349728
vt 0.381810 0.921314
vt 0.596731 0.622404
vt 0.578778 0.587470
vt 0.059732 0.045634
vt 0.033851 0.019431
vt 0.064026 0.016613
vt 0.583737 0.030285
vt 0.579446 0.018496
vt 0.612693 0.023803
vt 0.532155 0.027580
vt 0.170410 0.039508
vt 0.443033 0.975801
vt 0.491748 0.940408
vt 0.505200 0.987417
vt 0.072086 0.515794
vt 0.022986 0.551467
vt 0.029511 0.466950
vt 0.937790 0.986834
vt 0.955522 0.959975
vt 0.995448 0.983026
vt 0.967021 0.771819
vt 0.937571 0.716905
vt 0.839904 0.452515
vt 0.884151 0.462230
vt 0.063539 0.716358
vt 0.056687 0.762534
vt 0.527387 0.339199
vt 0.491945 0.388672
vt 0.478429 0.306239
vt 0.133672 0.712204
vt 0.265493 0.859449
vt 0.303130 0.853373
vt 0.959381 0.270351
vt 0.940636 0.284996
vt 0.924532 0.225235
vt 0.961979 0.325287
vt 0.433364 0.008949
vt 0.388409 0.001022
vt 0.455295 0.000011
vt 0.003157 0.695993
vt 0.005229 0.697073
vt 0.005229 0.749502
vt 0.844458 0.879456
vt 0.847803 0.904305
vt 0.822636 0.887802
vt 0.853086 0.854766
vt 0.877490 0.888982
vt 0.830535 0.851756
vt 0.460988 0.419476
vt 0.366760 0.423487
vt 0.412723 0.425767
vt 0.406192 0.585526
vt 0.410624 0.524349
vt 0.432610 0.574622
vt 0.386687 0.639732
vt 0.382720 0.580658
vt 0.426422 0.633604
vt 0.950194 0.966149
vt 0.894263 0.968102
vt 0.891518 0.944292
vt 0.572153 0.208422
vt 0.547648 0.198244
vt 0.572707 0.147739
vt 0.553102 0.086473
vt 0.572321 0.068420
vt 0.596286 0.173006
vt 0.194924 0.818162
vt 0.172920 0.814282
vt 0.189063 0.719418
vt 0.637838 0.237338
vt 0.555009 0.464356
vt 0.599944 0.670577
vt 0.597489 0.647374
vt 0.688462 0.613315
vt 0.735322 0.956796
vt 0.786738 0.960033
vt 0.734914 0.974230
vt 0.740639 0.943862
vt 0.197601 0.614460
vt 0.211994 0.621146
vt 0.200631 0.673270
vt 0.190346 0.666037
vt 0.606062 0.352919
vt 0.303845 0.890148
vt 0.347269 0.891304
vt 0.361512 0.213155
vt 0.397672 0.267766
vt 0.324988 0.204893
vt 0.348661 0.160933
vt 0.417598 0.178677
vt 0.525780 0.942010
vt 0.519317 0.935546
vt 0.557344 0.929905
vt 0.527020 0.948600
vt 0.972845 0.114292
vt 0.976879 0.052499
vt 0.984846 0.112176
vt 0.930938 0.674845
vt 0.979548 0.154071
vt 0.322752 0.035308
vt 0.286352 0.032124
vt 0.361731 0.018947
vt 0.743468 0.013162
vt 0.711109 0.023701
vt 0.680126 0.019897
vt 0.710358 0.001685
vt 0.441402 0.892790
vt 0.464694 0.872528
vt 0.495225 0.890156
vt 0.401163 0.876189
vt 0.190509 0.635545
vt 0.031674 0.004955
vt 0.062872 0.001994
vt 0.352865 0.642401
vt 0.616780 0.522044
vt 0.586282 0.500581
vt 0.956541 0.625322
vt 0.939098 0.565542
vt 0.967995 0.570996
vt 0.293317 0.467698
vt 0.334911 0.425258
vt 0.555878 0.512088
vt 0.924143 0.652943
vt 0.914005 0.622534
vt 0.288997 0.682494
vt 0.285978 0.381871
vt 0.522758 0.145994
vt 0.576570 0.697875
vt 0.786160 0.295327
vt 0.889859 0.290694
vt 0.891256 0.312934
vt 0.585354 0.601889
vt 0.066248 0.751796
vt 0.094526 0.768808
vt 0.062810 0.769485
vt 0.078554 0.727073
vt 0.100745 0.754324
vt 0.905076 0.543174
vt 0.225300 0.050965
vt 0.257706 0.056563
vt 0.255365 0.075880
vt 0.124655 0.680419
vt 0.196174 0.071092
vt 0.983954 0.773760
vt 0.983954 0.831019
vt 0.955817 0.783956
vt 0.193933 0.051205
vt 0.398495 0.938649
vt 0.377364 0.761119
vt 0.400355 0.731264
vt 0.729165 0.344744
vt 0.390259 0.506085
vt 0.688397 0.242519
vt 0.904899 0.917747
vt 0.593592 0.939525
vt 0.000076 0.774275
vt 0.017186 0.765210
vt 0.015951 0.787873
vt 0.951096 0.780066
vt 0.965919 0.774127
vt 0.372891 0.869286
vt 0.458199 0.900335
vt 0.359123 0.900749
vt 0.304496 0.962230
vt 0.300732 0.985007
vt 0.343243 0.727087
vt 0.347470 0.698495
vt 0.949612 0.088570
vt 0.058239 0.912730
vt 0.917865 0.124503
vt 0.845461 0.166010
vt 0.794771 0.123554
vt 0.819538 0.126855
vt 0.090711 0.897264
vt 0.055461 0.072769
vt 0.797350 0.003552
vt 0.802191 0.016856
vt 0.765255 0.014369
vt 0.779051 0.476677
vt 0.139834 0.001642
vt 0.166940 0.041016
vt 0.137564 0.003038
vt 0.965788 0.323383
vt 0.976007 0.382558
vt 0.163226 0.723378
vt 0.968393 0.281492
vt 0.363495 0.947055
vt 0.410187 0.943490
vt 0.408363 0.954967
vt 0.414002 0.297727
vt 0.185238 0.916604
vt 0.195118 0.933210
vt 0.305077 0.305010
vt 0.187909 0.951672
vt 0.270813 0.347657
vt 0.726883 0.048930
vt 0.138257 0.245825
vt 0.153074 0.329859
vt 0.117618 0.242364
vt 0.156648 0.236592
vt 0.666993 0.920671
vt 0.976198 0.604672
vt 0.160339 0.913234
vt 0.988901 0.617588
vt 0.476424 0.477610
vt 0.884168 0.274310
vt 0.872558 0.285596
vt 0.889779 0.266308
vt 0.463291 0.472955
vt 0.697273 0.911766
vt 0.601302 0.880583
vt 0.703327 0.880171
vt 0.891590 0.942941
vt 0.897428 0.930515
vt 0.936993 0.958593
vt 0.330626 0.151154
vt 0.345746 0.100429
vt 0.421375 0.146774
vt 0.543555 0.575962
vt 0.179387 0.336655
vt 0.548931 0.023223
vt 0.493318 0.018357
vt 0.573382 0.018091
vt 0.136370 0.039251
vt 0.087331 0.063091
vt 0.106440 0.044528
vt 0.004427 0.596453
vt 0.008232 0.639947
vt 0.001723 0.643965
vt 0.969592 0.059837
vt 0.192459 0.717546
vt 0.185102 0.406170
vt 0.417168 0.307667
vt 0.560500 0.937743
vt 0.561384 0.971041
vt 0.503855 0.966481
vt 0.936743 0.238833
vt 0.917952 0.189881
vt 0.949923 0.232742
vt 0.970524 0.280503
vt 0.146723 0.390358
vt 0.146723 0.486695
vt 0.124059 0.481096
vt 0.908101 0.766554
vt 0.984049 0.668626
vt 0.984049 0.772389
vt 0.956717 0.672196
vt 0.123790 0.231370
vt 0.096220 0.146519
vt 0.122084 0.142447
vt 0.027617 0.206339
vt 0.713663 0.106992
vt 0.756845 0.028920
vt 0.065789 0.359525
vt 0.074240 0.333515
vt 0.156710 0.362354
vt 0.841038 0.726261
vt 0.740106 0.759055
vt 0.737360 0.731761
vt 0.076751 0.059507
vt 0.075716 0.038950
vt 0.198300 0.121989
vt 0.226378 0.096457
vt 0.203932 0.153117
vt 0.067413 0.667290
vt 0.068215 0.598948
vt 0.363848 0.430568
vt 0.356834 0.483081
vt 0.122783 0.857361
vt 0.132804 0.878922
vt 0.113359 0.823178
vt 0.759732 0.834225
vt 0.763837 0.809957
vt 0.801211 0.831115
vt 0.278170 0.165446
vt 0.329651 0.152186
vt 0.331309 0.183158
vt 0.787116 0.353992
vt 0.283355 0.144167
vt 0.829086 0.945392
vt 0.831141 0.957047
vt 0.787097 0.952513
vt 0.693252 0.023670
vt 0.877412 0.949094
vt 0.579864 0.784907
vt 0.577112 0.781177
vt 0.517148 0.973774
vt 0.427447 0.984254
vt 0.483582 0.984254
vt 0.426821 0.986876
vt 0.929760 0.679472
vt 0.934774 0.734542
vt 0.741175 0.984112
vt 0.112918 0.458865
vt 0.097635 0.456170
vt 0.111590 0.362937
vt 0.603333 0.345578
vt 0.597140 0.357491
vt 0.555454 0.365656
vt 0.556988 0.353311
vt 0.605261 0.339309
vt 0.085208 0.000817
vt 0.091142 0.024894
vt 0.074526 0.006984
vt 0.100555 0.013821
vt 0.317731 0.958716
vt 0.372662 0.958716
vt 0.369544 0.984042
vt 0.054310 0.230598
vt 0.055658 0.289847
vt 0.029957 0.247650
vt 0.758245 0.038405
vt 0.854105 0.291669
vt 0.614095 0.155826
vt 0.346968 0.015800
vt 0.350556 0.009586
vt 0.415103 0.011806
vt 0.353348 0.001535
vt 0.416917 0.007097
vt 0.349136 0.007922
vt 0.643592 0.985701
vt 0.593839 0.987400
vt 0.641302 0.977152
vt 0.367995 0.999603
vt 0.963386 0.936596
vt 0.980983 0.947430
vt 0.121030 0.556045
vt 0.948174 0.913981
vt 0.010633 0.423504
vt 0.001479 0.423308
vt 0.616351 0.728181
vt 0.905488 0.728647
vt 0.244394 0.303821
vt 0.195658 0.303959
vt 0.455320 0.949219
vt 0.884371 0.937777
vt 0.840438 0.945077
vt 0.838391 0.933469
vt 0.766112 0.536569
vt 0.730718 0.517888
vt 0.778403 0.508788
vt 0.758920 0.566552
vt 0.313323 0.356915
vt 0.300847 0.357728
vt 0.398008 0.335130
vt 0.737625 0.257441
vt 0.919297 0.127158
vt 0.954003 0.111761
vt 0.956039 0.114422
vt 0.062085 0.907092
vt 0.063465 0.964395
vt 0.902329 0.136806
vt 0.812826 0.912839
vt 0.782779 0.957113
vt 0.773289 0.953659
vt 0.722266 0.912473
vt 0.031078 0.435367
vt 0.932768 0.188546
vt 0.967753 0.142741
vt 0.441508 0.183522
vt 0.411862 0.175934
vt 0.229324 0.790231
vt 0.555723 0.599348
vt 0.868036 0.003514
vt 0.872546 0.017392
vt 0.856175 0.016491
vt 0.179729 0.334278
vt 0.898564 0.413825
vt 0.879350 0.449508
vt 0.976296 0.569053
vt 0.931069 0.269402
vt 0.920521 0.283553
vt 0.890004 0.246459
vt 0.932295 0.260078
vt 0.495904 0.889669
vt 0.027932 0.454213
vt 0.839228 0.063203
vt 0.169792 0.703502
vt 0.187599 0.706642
vt 0.173812 0.802222
vt 0.896114 0.914248
vt 0.886126 0.904403
vt 0.949432 0.820791
vt 0.865343 0.667608
vt 0.131623 0.038146
vt 0.114831 0.028760
vt 0.136191 0.000025
vt 0.117872 0.902604
vt 0.114427 0.882699
vt 0.103538 0.930846
vt 0.012659 0.140373
vt 0.052290 0.141208
vt 0.019881 0.160217
vt 0.124367 0.137371
vt 0.683241 0.506400
vt 0.661174 0.556110
vt 0.642083 0.554507
vt 0.401315 0.785034
vt 0.655276 0.499553
vt 0.102031 0.796694
vt 0.066025 0.788053
vt 0.904710 0.525790
vt 0.964687 0.133320
vt 0.819002 0.978931
vt 0.770062 0.978931
vt 0.819286 0.971169
vt 0.059896 0.898776
vt 0.031591 0.766219
vt 0.031304 0.749098
vt 0.045739 0.766668
vt 0.174852 0.237150
vt 0.193569 0.287977
vt 0.959389 0.222153
vt 0.219212 0.936425
vt 0.312894 0.936425
vt 0.307735 0.957054
vt 0.986976 0.264586
vt 0.790920 0.018159
vt 0.868769 0.216108
vt 0.882708 0.161292
vt 0.147122 0.636748
vt 0.346978 0.420992
vt 0.177876 0.224250
vt 0.058092 0.902837
vt 0.035928 0.835839
vt 0.052425 0.838066
vt 0.069099 0.836008
vt 0.191632 0.279126
vt 0.554401 0.757922
vt 0.944515 0.732597
vt 0.147782 0.127141
vt 0.125986 0.137304
vt 0.134314 0.042387
vt 0.897809 0.361804
vt 0.891616 0.290114
vt 0.911562 0.289373
vt 0.533105 0.352126
vt 0.578950 0.250338
vt 0.136486 0.005358
vt 0.463611 0.870774
vt 0.395267 0.874110
vt 0.426415 0.320410
vt 0.501998 0.284526
vt 0.294105 0.980574
vt 0.019238 0.846005
vt 0.006646 0.841422
vt 0.018759 0.792123
vt 0.591663 0.870137
vt 0.106803 0.038303
vt 0.853683 0.798521
vt 0.899281 0.806051
vt 0.853284 0.803081
vt 0.079043 0.672072
vt 0.059603 0.667737
vt 0.060656 0.666181
vt 0.796588 0.808249
vt 0.224153 0.595968
vt 0.229408 0.592289
vt 0.234782 0.638088
vt 0.230736 0.535631
vt 0.503474 0.592815
vt 0.506560 0.689220
vt 0.334788 0.075302
vt 0.276944 0.048373
vt 0.056757 0.412761
vt 0.093087 0.468912
vt 0.065941 0.490600
vt 0.585503 0.456426
vt 0.755255 0.587777
vt 0.641573 0.968899
vt 0.596175 0.967304
vt 0.976064 0.550400
vt 0.890595 0.494896
vt 0.989942 0.524673
vt 0.935608 0.545187
vt 0.036674 0.774530
vt 0.818642 0.964347
vt 0.055710 0.683932
vt 0.055710 0.753101
vt 0.032891 0.743114
vt 0.842005 0.725273
vt 0.046216 0.750534
vt 0.026369 0.714865
vt 0.063442 0.987916
vt 0.028910 0.975347
vt 0.069647 0.973258
vt 0.271618 0.116647
vt 0.285518 0.119675
vt 0.272012 0.170080
vt 0.256543 0.119608
vt 0.283421 0.066034
vt 0.258060 0.065858
vt 0.554330 0.094701
vt 0.539879 0.099190
vt 0.056761 0.048632
vt 0.747479 0.138652
vt 0.190776 0.099210
vt 0.785944 0.344612
vt 0.800675 0.461134
vt 0.720783 0.513978
vt 0.459848 0.398960
vt 0.411209 0.309264
vt 0.784763 0.244511
vt 0.604356 0.803107
vt 0.165057 0.043938
vt 0.159683 0.077009
vt 0.139169 0.049020
vt 0.157025 0.819704
vt 0.472427 0.854981
vt 0.139484 0.817298
vt 0.075468 0.183384
vt 0.794745 0.954369
vt 0.519463 0.001218
vt 0.638127 0.630914
vt 0.840049 0.633762
vt 0.829768 0.670826
vt 0.783788 0.640109
vt 0.078525 0.590334
vt 0.068314 0.592135
vt 0.073771 0.501444
vt 0.796199 0.598145
vt 0.019349 0.914481
vt 0.019349 0.957097
vt 0.004046 0.920889
vt 0.025608 0.889600
vt 0.046094 0.870496
vt 0.055527 0.903240
vt 0.033035 0.847879
vt 0.538081 0.820369
vt 0.253530 0.225355
vt 0.879621 0.086212
vt 0.840241 0.063359
vt 0.292650 0.021419
vt 0.099816 0.802089
vt 0.134622 0.531990
vt 0.037499 0.620880
vt 0.813179 0.843672
vt 0.803271 0.903275
vt 0.601321 0.833104
vt 0.639218 0.584268
vt 0.096103 0.886688
vt 0.346080 0.404173
vt 0.556621 0.514497
vt 0.586368 0.473991
vt 0.910309 0.628750
vt 0.458845 0.019156
vt 0.454707 0.034602
vt 0.380378 0.019925
vt 0.007296 0.748335
vt 0.594891 0.976564
vt 0.784184 0.588560
vt 0.634612 0.493526
vt 0.878873 0.073029
vt 0.910711 0.043533
vt 0.531721 0.381471
vt 0.129529 0.053581
vt 0.461518 0.995716
vt 0.428122 0.998912
vt 0.461375 0.988107
vt 0.458749 0.998951
vt 0.759039 0.833647
vt 0.655595 0.833647
vt 0.755891 0.807966
vt 0.104019 0.476408
vt 0.857888 0.842493
vt 0.940570 0.814521
vt 0.057525 0.160274
vt 0.905244 0.825197
vt 0.057673 0.141268
vt 0.074059 0.691745
vt 0.088976 0.667682
vt 0.895462 0.144532
vt 0.930763 0.253178
vt 0.877600 0.239801
vt 0.240543 0.255337
vt 0.333290 0.042327
vt 0.433265 0.118332
vt 0.876000 0.951360
vt 0.874870 0.963879
vt 0.823206 0.959359
vt 0.173096 0.511649
vt 0.754288 0.986451
vt 0.460648 0.830673
vt 0.455830 0.608614
vt 0.755634 0.492362
vt 0.000049 0.487003
vt 0.024255 0.469416
vt 0.025337 0.513162
vt 0.077577 0.034722
vt 0.169975 0.565912
vt 0.802443 0.018132
vt 0.887950 0.018132
vt 0.882717 0.039608
vt 0.872214 0.975967
vt 0.820366 0.972967
vt 0.006553 0.846834
vt 0.019331 0.846834
vt 0.018980 0.898811
vt 0.723051 0.972971
vt 0.639816 0.966086
vt 0.707182 0.954716
vt 0.064406 0.020501
vt 0.069132 0.559485
vt 0.053683 0.065701
vt 0.033773 0.303997
vt 0.794574 0.942066
vt 0.995511 0.959408
vt 0.243570 0.385918
vt 0.227326 0.711939
vt 0.227326 0.813696
vt 0.201246 0.715460
vt 0.253775 0.973605
vt 0.252012 0.948389
vt 0.289552 0.978441
vt 0.646734 0.951923
vt 0.675834 0.036053
vt 0.714692 0.136640
vt 0.705304 0.039788
vt 0.133805 0.713343
vt 0.245919 0.378162
vt 0.273771 0.368180
vt 0.831975 0.570148
vt 0.072873 0.499633
vt 0.681686 0.912544
vt 0.377101 0.643247
vt 0.456394 0.426996
vt 0.544283 0.112438
vt 0.246009 0.304278
vt 0.811060 0.315204
vt 0.550832 0.117611
vt 0.784769 0.593511
vt 0.414097 0.955817
vt 0.380556 0.956319
vt 0.498347 0.959925
s 1
usemtl Material
f 2/1/1 1/2/2 357/3/3
f 2/4/1 177/5/4 1/6/2
f 4/7/5 1/8/2 412/9/6
f 4/10/5 435/11/7 1/12/2
f 4/13/5 5/14/8 3/15/9
f 4/10/5 436/16/10 435/11/7
f 4/17/5 3/18/9 436/19/10
f 4/20/5 412/21/6 332/22/11
f 4/20/5 332/22/11 5/23/8
f 7/24/12 6/25/13 8/26/14
f 7/27/12 71/28/15 6/29/13
f 7/30/12 8/31/14 371/32/16
f 7/30/12 539/33/17 540/34/18
f 7/30/12 371/32/16 539/33/17
f 7/35/12 540/36/18 71/37/15
f 12/38/19 9/39/20 322/40/21
f 12/41/19 10/42/22 254/43/23
f 12/44/19 322/45/21 11/46/24
f 12/47/19 11/48/24 13/49/25
f 12/38/19 254/50/23 9/39/20
f 12/41/19 13/51/25 10/42/22
f 17/52/26 14/53/27 15/54/28
f 17/55/26 15/56/28 484/57/29
f 17/58/26 484/59/29 505/60/30
f 17/61/26 16/62/31 14/63/27
f 17/64/26 505/65/30 18/66/32
f 17/67/26 18/68/32 16/69/31
f 21/70/33 19/71/34 20/72/35
f 21/73/33 22/74/36 19/75/34
f 21/70/33 453/76/37 23/77/38
f 21/70/33 23/77/38 22/78/36
f 21/70/33 488/79/39 453/76/37
f 21/70/33 20/72/35 488/79/39
f 24/80/40 26/81/41 353/82/42
f 24/80/40 56/83/43 439/84/44
f 24/80/40 353/82/42 56/83/43
f 24/85/40 25/86/45 26/87/41
f 24/85/40 439/88/44 489/89/46
f 24/85/40 489/89/46 25/86/45
f 27/90/47 29/91/48 28/92/49
f 27/93/47 287/94/50 29/95/48
f 27/90/47 30/96/51 31/97/52
f 27/90/47 28/92/49 30/96/51
f 27/90/47 31/97/52 287/98/50
f 32/99/53 334/100/54 383/101/55
f 32/99/53 383/101/55 33/102/56
f 32/99/53 34/103/57 334/100/54
f 32/104/53 35/105/58 34/106/57
f 32/99/53 33/102/56 35/107/58
f 37/108/59 333/109/60 476/110/61
f 37/108/59 36/111/62 333/109/60
f 37/108/59 502/112/63 36/111/62
f 37/113/59 476/114/61 290/115/64
f 37/113/59 290/115/64 249/116/65
f 37/108/59 249/117/65 502/112/63
f 39/118/66 38/119/67 5/120/8
f 39/121/66 331/122/68 40/123/69
f 39/118/66 5/120/8 332/124/11
f 39/125/66 40/126/69 41/127/70
f 39/121/66 332/128/11 331/122/68
f 39/125/66 41/127/70 38/129/67
f 43/130/71 42/131/72 494/132/73
f 43/130/71 364/133/74 42/131/72
f 43/130/71 494/132/73 533/134/75
f 43/130/71 532/135/76 365/136/77
f 43/130/71 365/136/77 364/133/74
f 43/137/71 533/138/75 532/139/76
f 44/140/78 45/141/79 46/142/80
f 44/143/78 279/144/81 278/145/82
f 44/143/78 46/146/80 279/144/81
f 44/143/78 278/145/82 47/147/83
f 44/140/78 95/148/84 45/141/79
f 44/140/78 47/149/83 95/148/84
f 48/150/85 91/151/86 54/152/87
f 48/153/85 49/154/88 50/155/89
f 48/153/85 50/155/89 452/156/90
f 48/150/85 51/157/91 91/151/86
f 48/158/85 452/159/90 52/160/92
f 48/150/85 53/161/93 51/157/91
f 48/158/85 52/160/92 53/162/93
f 48/163/85 54/164/87 49/165/88
f 55/166/94 56/83/43 353/82/42
f 55/167/94 353/168/42 451/169/95
f 55/170/94 493/171/96 56/172/43
f 55/167/94 451/169/95 528/173/97
f 55/174/94 538/175/98 57/176/99
f 55/167/94 528/173/97 538/177/98
f 55/170/94 57/178/99 493/171/96
f 58/179/100 352/180/101 59/181/102
f 58/182/100 438/183/103 440/184/104
f 58/179/100 440/185/104 352/180/101
f 58/182/100 299/186/105 524/187/106
f 58/182/100 59/188/102 299/186/105
f 58/182/100 524/187/106 438/183/103
f 61/189/107 63/190/108 60/191/109
f 61/192/107 203/193/110 302/194/111
f 61/195/107 482/196/112 203/197/110
f 61/189/107 60/191/109 482/198/112
f 61/192/107 62/199/113 63/200/108
f 61/192/107 302/194/111 62/199/113
f 65/201/114 38/119/67 64/202/115
f 65/203/114 67/204/116 66/205/117
f 65/203/114 66/205/117 3/15/9
f 65/201/114 5/120/8 38/119/67
f 65/203/114 3/15/9 5/14/8
f 65/201/114 64/202/115 67/206/116
f 68/207/118 69/208/119 70/209/120
f 68/210/118 444/211/121 72/212/122
f 68/213/118 71/214/15 73/215/123
f 68/216/118 72/217/122 69/218/119
f 68/207/118 70/209/120 71/219/15
f 68/210/118 73/220/123 444/211/121
f 19/221/34 74/222/124 20/223/35
f 19/224/34 542/225/125 74/226/124
f 75/227/126 76/228/127 77/229/128
f 75/227/126 77/229/128 78/230/129
f 75/227/126 79/231/130 76/228/127
f 75/227/126 78/230/129 79/231/130
f 80/232/131 81/233/132 82/234/133
f 80/232/131 470/235/134 81/233/132
f 80/232/131 159/236/135 83/237/136
f 80/232/131 82/234/133 84/238/137
f 80/232/131 84/238/137 159/236/135
f 80/232/131 83/237/136 470/235/134
f 87/239/138 175/240/139 449/241/140
f 87/242/138 85/243/141 175/244/139
f 87/239/138 449/241/140 88/245/142
f 87/246/138 86/247/143 85/248/141
f 87/249/138 88/250/142 86/251/143
f 89/252/144 233/253/145 231/254/146
f 89/255/144 399/256/147 234/257/148
f 89/252/144 234/258/148 233/253/145
f 89/252/144 231/254/146 450/259/149
f 89/255/144 90/260/150 399/256/147
f 89/252/144 450/259/149 90/261/150
f 91/151/86 51/157/91 92/262/151
f 91/263/86 432/264/152 54/265/87
f 91/266/86 93/267/153 432/268/152
f 91/269/86 92/270/151 93/271/153
f 94/272/154 45/273/79 95/274/84
f 94/272/154 96/275/155 407/276/156
f 94/272/154 95/274/84 96/275/155
f 94/277/154 405/278/157 97/279/158
f 94/272/154 97/280/158 45/273/79
f 94/277/154 407/281/156 405/278/157
f 98/282/159 147/283/160 99/284/161
f 98/285/159 512/286/162 147/287/160
f 98/285/159 100/288/163 512/286/162
f 98/285/159 101/289/164 100/288/163
f 98/282/159 99/284/161 330/290/165
f 98/282/159 330/290/165 101/291/164
f 105/292/166 102/293/167 103/294/168
f 105/292/166 103/294/168 520/295/169
f 105/296/166 104/297/170 102/298/167
f 105/296/166 40/126/69 104/297/170
f 105/299/166 520/300/169 41/301/70
f 105/296/166 41/127/70 40/126/69
f 108/302/171 106/303/172 459/304/173
f 108/302/171 107/305/174 106/303/172
f 108/306/171 392/307/175 109/308/176
f 108/309/171 110/310/177 107/311/174
f 108/309/171 109/312/176 110/310/177
f 108/313/171 459/314/173 392/315/175
f 111/316/178 388/317/179 113/318/180
f 111/319/178 464/320/181 112/321/182
f 111/322/178 112/323/182 533/324/75
f 111/319/178 113/325/180 464/320/181
f 111/316/178 495/326/183 388/317/179
f 111/322/178 533/324/75 495/327/183
f 115/328/184 220/329/185 469/330/186
f 115/331/184 114/332/187 221/333/188
f 115/334/184 469/335/186 116/336/189
f 115/328/184 221/337/188 220/329/185
f 115/331/184 117/338/190 114/332/187
f 115/334/184 116/336/189 117/339/190
f 118/340/191 119/341/192 120/342/193
f 118/343/191 497/344/194 514/345/195
f 118/343/191 514/345/195 248/346/196
f 118/343/191 248/346/196 119/347/192
f 118/343/191 120/348/193 497/344/194
f 121/349/197 359/350/198 503/351/199
f 121/352/197 409/353/200 122/354/201
f 121/355/197 122/356/201 123/357/202
f 121/358/197 124/359/203 409/360/200
f 121/361/197 503/362/199 124/363/203
f 121/364/197 123/365/202 359/366/198
f 125/367/204 126/368/205 356/369/206
f 125/367/204 127/370/207 128/371/208
f 125/367/204 129/372/209 126/368/205
f 125/367/204 325/373/210 127/370/207
f 125/367/204 356/369/206 325/373/210
f 125/367/204 128/371/208 129/372/209
f 131/374/211 133/375/212 130/376/213
f 131/377/211 132/378/214 133/379/212
f 137/380/215 136/381/216 134/382/217
f 137/383/215 135/384/218 534/385/219
f 137/383/215 134/386/217 135/384/218
f 137/387/215 402/388/220 136/389/216
f 137/390/215 534/391/219 402/392/220
f 139/393/221 339/394/222 138/395/223
f 139/393/221 138/395/223 81/233/132
f 139/396/221 81/397/132 140/398/224
f 139/396/221 140/398/224 141/399/225
f 139/396/221 141/399/225 516/400/226
f 139/396/221 516/400/226 339/401/222
f 143/402/227 270/403/228 142/404/229
f 143/405/227 142/406/229 518/407/230
f 143/408/227 144/409/231 515/410/232
f 143/411/227 515/412/232 387/413/233
f 143/414/227 518/415/230 144/416/231
f 143/417/227 387/418/233 270/419/228
f 145/420/234 244/421/235 522/422/236
f 145/420/234 219/423/237 245/424/238
f 145/420/234 245/424/238 244/421/235
f 145/420/234 146/425/239 345/426/240
f 145/420/234 522/422/236 366/427/241
f 145/420/234 366/427/241 146/425/239
f 145/420/234 345/426/240 219/423/237
f 42/131/72 364/133/74 147/428/160
f 42/131/72 147/428/160 513/429/242
f 42/131/72 513/429/242 494/132/73
f 45/273/79 97/280/158 148/430/243
f 45/141/79 148/431/243 46/142/80
f 150/432/244 51/433/91 149/434/245
f 150/435/244 486/436/246 485/437/247
f 150/438/244 92/262/151 51/157/91
f 150/435/244 485/437/247 151/439/248
f 150/435/244 149/440/245 486/436/246
f 150/438/244 151/441/248 92/262/151
f 152/442/249 259/443/250 378/444/251
f 152/445/249 154/446/252 222/447/253
f 152/442/249 222/448/253 225/449/254
f 152/450/249 153/451/255 154/452/252
f 152/450/249 378/453/251 153/451/255
f 152/442/249 225/449/254 259/443/250
f 29/95/48 287/94/50 455/454/256
f 29/455/48 455/456/256 155/457/257
f 29/458/48 155/459/257 28/460/49
f 156/461/258 264/462/259 202/463/260
f 156/464/258 312/465/261 157/466/262
f 156/461/258 157/467/262 265/468/263
f 156/461/258 265/468/263 264/462/259
f 156/464/258 314/469/264 312/465/261
f 156/464/258 202/470/260 314/469/264
f 158/471/265 159/472/135 84/473/137
f 158/474/265 162/475/266 10/42/22
f 158/474/265 10/42/22 159/476/135
f 158/477/265 160/478/267 161/479/268
f 158/480/265 161/481/268 162/482/266
f 158/471/265 84/473/137 160/483/267
f 164/484/269 163/485/270 521/486/271
f 164/487/269 480/488/272 363/489/273
f 164/490/269 521/491/271 165/492/274
f 164/493/269 361/494/275 163/495/270
f 164/487/269 363/489/273 361/496/275
f 164/487/269 165/497/274 480/488/272
f 166/498/276 167/499/277 214/500/278
f 166/501/276 396/502/279 498/503/280
f 166/501/276 168/504/281 396/502/279
f 166/498/276 420/505/282 168/506/281
f 166/501/276 498/503/280 167/507/277
f 166/498/276 214/500/278 420/505/282
f 170/508/283 171/509/284 169/510/285
f 170/508/283 224/511/286 223/512/287
f 170/513/283 142/404/229 171/514/284
f 170/513/283 223/515/287 142/404/229
f 170/508/283 169/510/285 224/511/286
f 174/516/288 172/517/289 462/518/290
f 174/519/288 140/520/224 173/521/291
f 174/516/288 173/522/291 172/517/289
f 174/523/288 525/524/292 515/525/232
f 174/516/288 462/518/290 525/526/292
f 174/519/288 515/527/232 140/520/224
f 49/154/88 175/244/139 50/155/89
f 49/528/88 176/529/293 175/530/139
f 49/165/88 319/531/294 176/532/293
f 49/165/88 54/164/87 319/531/294
f 1/533/2 410/534/295 412/535/6
f 1/2/2 435/536/7 357/3/3
f 1/537/2 177/538/4 410/539/295
f 178/540/296 179/541/297 184/542/298
f 178/543/296 180/544/299 181/545/300
f 178/543/296 181/545/300 182/546/301
f 178/540/296 182/547/301 183/548/302
f 178/543/296 184/549/298 180/544/299
f 178/540/296 183/548/302 179/541/297
f 185/550/303 38/129/67 41/127/70
f 185/551/303 304/552/304 64/553/115
f 185/554/303 434/555/305 211/556/306
f 185/550/303 64/557/115 38/129/67
f 185/551/303 211/558/306 304/552/304
f 185/559/303 41/560/70 434/561/305
f 186/562/307 69/218/119 72/217/122
f 186/563/307 187/564/308 188/565/309
f 186/562/307 188/566/309 69/218/119
f 186/563/307 72/567/122 309/568/310
f 186/563/307 309/568/310 308/569/311
f 186/563/307 308/569/311 187/564/308
f 189/570/312 190/571/313 191/572/314
f 189/573/312 192/574/315 190/575/313
f 189/570/312 191/572/314 390/576/316
f 189/570/312 390/576/316 193/577/317
f 189/570/312 193/577/317 194/578/318
f 189/573/312 194/579/318 192/574/315
f 195/580/319 198/581/320 73/582/123
f 195/583/319 475/584/321 197/585/322
f 195/583/319 196/586/323 475/584/321
f 195/587/319 197/588/322 198/589/320
f 195/590/319 540/591/18 196/592/323
f 195/580/319 73/582/123 540/593/18
f 199/594/324 264/462/259 269/595/325
f 199/596/324 200/597/326 519/598/327
f 199/596/324 269/599/325 200/597/326
f 199/596/324 519/598/327 201/600/328
f 199/596/324 201/600/328 202/601/260
f 199/594/324 202/463/260 264/462/259
f 205/602/329 203/603/110 482/604/112
f 205/605/329 456/606/330 204/607/331
f 205/602/329 204/608/331 203/603/110
f 205/609/329 482/610/112 457/611/332
f 205/605/329 457/612/332 456/606/330
f 206/613/333 207/614/334 11/46/24
f 206/615/333 315/616/335 207/617/334
f 206/615/333 208/618/336 315/616/335
f 206/613/333 427/619/337 208/620/336
f 206/613/333 209/621/338 427/619/337
f 206/613/333 11/46/24 209/621/338
f 14/622/27 304/623/304 211/624/306
f 14/53/27 210/625/339 15/54/28
f 14/622/27 16/626/31 304/623/304
f 14/53/27 211/627/306 210/625/339
f 212/628/340 167/499/277 311/629/341
f 212/630/340 213/631/342 20/632/35
f 212/633/340 311/634/341 433/635/343
f 212/633/340 433/635/343 213/636/342
f 212/628/340 214/500/278 167/499/277
f 212/630/340 20/632/35 445/637/344
f 212/630/340 445/637/344 214/638/278
f 216/639/345 479/640/346 215/641/347
f 216/642/345 218/643/348 217/644/349
f 216/639/345 217/645/349 479/640/346
f 216/639/345 215/641/347 218/646/348
f 220/329/185 219/647/237 389/648/350
f 220/329/185 465/649/351 469/330/186
f 220/329/185 389/648/350 465/649/351
f 220/650/185 221/651/188 219/423/237
f 226/652/352 224/653/286 536/654/353
f 226/655/352 222/656/253 518/415/230
f 226/657/352 223/658/287 224/659/286
f 226/655/352 536/660/353 225/661/254
f 226/662/352 518/663/230 223/664/287
f 226/655/352 225/661/254 222/656/253
f 228/665/354 233/666/145 227/667/355
f 228/668/354 227/669/355 229/670/356
f 228/671/354 230/672/357 527/673/358
f 228/674/354 231/675/146 233/676/145
f 228/671/354 229/677/356 230/672/357
f 228/674/354 527/678/358 231/675/146
f 50/155/89 175/244/139 85/243/141
f 50/155/89 85/243/141 452/156/90
f 233/666/145 232/679/359 227/667/355
f 233/680/145 234/681/148 382/682/360
f 233/683/145 382/684/360 232/685/359
f 236/686/361 241/687/362 235/688/363
f 236/689/361 237/690/364 238/691/365
f 236/692/361 301/693/366 239/694/367
f 236/686/361 235/688/363 301/695/366
f 236/689/361 240/696/368 237/690/364
f 236/692/361 239/694/367 240/697/368
f 236/689/361 238/691/365 241/698/362
f 69/218/119 188/566/309 497/699/194
f 69/208/119 497/700/194 70/209/120
f 102/298/167 104/297/170 391/701/369
f 102/702/167 391/703/369 480/704/272
f 102/293/167 480/488/272 165/497/274
f 102/293/167 165/497/274 103/294/168
f 106/303/172 107/305/174 541/705/370
f 106/706/172 138/395/223 386/707/371
f 106/303/172 386/708/371 459/304/173
f 106/303/172 541/705/370 82/709/133
f 106/706/172 82/234/133 138/395/223
f 76/710/127 243/711/372 349/712/373
f 76/713/127 242/714/374 243/715/372
f 76/713/127 79/716/130 242/714/374
f 76/710/127 349/712/373 77/717/128
f 244/718/235 63/200/108 180/544/299
f 244/719/235 245/720/238 246/721/375
f 244/718/235 180/544/299 184/549/298
f 244/719/235 246/721/375 63/190/108
f 244/421/235 184/722/298 522/422/236
f 130/376/213 410/723/295 177/5/4
f 130/376/213 276/724/376 410/723/295
f 130/376/213 133/375/212 276/724/376
f 51/433/91 53/162/93 149/434/245
f 247/725/377 291/726/378 348/727/379
f 247/728/377 348/729/379 119/730/192
f 247/728/377 119/730/192 248/731/196
f 247/732/377 422/733/380 249/734/65
f 247/732/377 248/735/196 422/733/380
f 247/725/377 249/736/65 291/726/378
f 190/575/313 192/574/315 395/737/381
f 190/575/313 250/738/382 124/739/203
f 190/575/313 395/737/381 250/738/382
f 190/571/313 124/740/203 191/572/314
f 252/741/383 421/742/384 251/743/385
f 252/744/383 504/745/386 254/746/23
f 252/747/383 251/748/385 253/749/387
f 252/750/383 162/482/266 421/751/384
f 252/750/383 254/752/23 162/482/266
f 252/747/383 253/749/387 504/753/386
f 255/754/388 423/755/389 258/756/390
f 255/757/388 506/758/391 256/759/392
f 255/760/388 256/761/392 257/762/393
f 255/763/388 257/764/393 423/765/389
f 255/757/388 258/766/390 18/68/32
f 255/757/388 18/68/32 506/758/391
f 241/687/362 181/545/300 235/688/363
f 241/687/362 182/546/301 181/545/300
f 241/698/362 238/691/365 128/371/208
f 241/698/362 128/371/208 182/767/301
f 259/768/250 329/769/394 529/770/395
f 259/443/250 376/771/396 378/444/251
f 259/443/250 529/772/395 376/771/396
f 259/443/250 225/449/254 329/773/394
f 260/774/397 368/775/398 261/776/399
f 260/777/397 261/778/399 262/779/400
f 260/774/397 263/780/401 368/775/398
f 260/777/397 262/779/400 263/781/401
f 266/782/402 264/783/259 265/784/263
f 266/782/402 269/785/325 264/783/259
f 266/782/402 265/784/263 35/786/58
f 266/782/402 35/786/58 229/787/356
f 266/788/402 267/789/403 268/790/404
f 266/788/402 268/790/404 269/791/325
f 266/782/402 229/787/356 267/792/403
f 270/793/228 388/794/179 271/795/405
f 270/403/228 272/796/406 142/404/229
f 270/797/228 271/798/405 272/799/406
f 270/419/228 387/418/233 388/800/179
f 273/801/407 396/502/279 168/504/281
f 273/802/407 168/506/281 274/803/408
f 273/801/407 8/31/14 396/502/279
f 273/801/407 371/32/16 8/31/14
f 275/804/409 192/574/315 194/579/318
f 275/805/409 276/806/376 133/807/212
f 275/805/409 133/807/212 192/808/315
f 275/805/409 411/809/410 276/806/376
f 275/804/409 194/579/318 411/810/410
f 279/811/81 282/812/411 277/813/412
f 279/811/81 277/813/412 278/814/82
f 279/815/81 281/816/413 280/817/414
f 279/144/81 46/146/80 281/818/413
f 279/815/81 280/817/414 282/819/411
f 283/820/415 307/821/416 284/822/417
f 283/823/415 321/824/418 285/825/419
f 283/826/415 286/827/420 321/828/418
f 283/823/415 285/825/419 308/829/311
f 283/820/415 284/822/417 286/830/420
f 283/820/415 308/831/311 307/821/416
f 287/832/50 288/833/421 289/834/422
f 287/832/50 289/834/422 455/835/256
f 287/836/50 31/837/52 288/838/421
f 291/839/378 406/840/423 408/841/424
f 291/842/378 408/843/424 348/844/379
f 291/839/378 290/845/64 406/840/423
f 291/846/378 249/116/65 290/115/64
f 292/847/425 293/848/426 215/641/347
f 292/847/425 479/640/346 294/849/427
f 292/847/425 426/850/428 295/851/429
f 292/847/425 295/851/429 293/848/426
f 292/847/425 294/849/427 426/850/428
f 292/847/425 215/641/347 479/640/346
f 297/852/430 296/853/431 217/854/349
f 297/855/430 298/856/432 299/857/105
f 297/855/430 299/857/105 296/858/431
f 297/855/430 218/859/348 298/856/432
f 297/855/430 217/860/349 218/859/348
f 300/861/433 441/862/434 351/863/435
f 300/864/433 301/865/366 302/866/111
f 300/861/433 203/603/110 441/862/434
f 300/861/433 351/863/435 301/867/366
f 300/864/433 302/866/111 203/868/110
f 304/869/304 303/870/436 64/871/115
f 304/872/304 16/873/31 303/874/436
f 307/821/416 306/875/437 284/822/417
f 307/876/416 305/877/438 306/878/437
f 307/879/416 309/880/310 305/881/438
f 307/882/416 308/883/311 309/884/310
f 167/507/277 310/885/439 311/886/341
f 167/507/277 498/503/280 310/885/439
f 312/465/261 343/887/440 157/466/262
f 312/888/261 523/889/441 313/890/442
f 312/888/261 314/891/264 523/889/441
f 312/892/261 313/893/442 343/894/440
f 172/895/289 315/616/335 316/896/443
f 172/517/289 471/897/444 315/898/335
f 172/517/289 173/522/291 471/897/444
f 172/517/289 316/899/443 462/518/290
f 317/900/445 261/776/399 318/901/446
f 317/902/445 176/532/293 319/531/294
f 317/902/445 526/903/447 176/532/293
f 317/900/445 319/904/294 320/905/448
f 317/900/445 320/905/448 261/776/399
f 317/902/445 318/906/446 526/903/447
f 321/828/418 286/827/420 535/907/449
f 321/908/418 535/909/449 322/910/21
f 321/824/418 9/911/20 285/825/419
f 321/908/418 322/910/21 9/912/20
f 323/913/450 452/914/90 472/915/451
f 323/913/450 472/915/451 492/916/452
f 323/917/450 52/918/92 452/919/90
f 323/913/450 324/920/453 531/921/454
f 323/913/450 492/916/452 324/920/453
f 323/917/450 531/922/454 52/918/92
f 327/923/455 22/78/36 23/77/38
f 327/924/455 127/925/207 325/926/210
f 327/923/455 23/77/38 326/927/456
f 327/928/455 325/929/210 22/74/36
f 327/924/455 183/930/302 127/925/207
f 327/931/455 326/932/456 183/548/302
f 329/933/394 328/934/457 529/935/395
f 329/936/394 536/937/353 330/938/165
f 329/936/394 225/939/254 536/937/353
f 329/933/394 330/290/165 328/934/457
f 331/122/68 193/940/317 40/123/69
f 331/941/68 411/942/410 194/943/318
f 331/944/68 194/945/318 193/946/317
f 331/947/68 332/948/11 411/949/410
f 333/950/60 36/951/62 110/310/177
f 333/950/60 110/310/177 109/312/176
f 333/109/60 109/952/176 454/953/458
f 333/109/60 454/953/458 476/110/61
f 334/954/54 232/685/359 382/684/360
f 334/954/54 335/955/459 232/685/359
f 334/956/54 34/957/57 335/958/459
f 334/954/54 382/684/360 383/959/55
f 336/960/460 483/961/461 60/191/109
f 336/962/460 28/963/49 483/964/461
f 336/960/460 114/332/187 117/338/190
f 336/960/460 246/721/375 114/332/187
f 336/960/460 60/191/109 246/721/375
f 336/962/460 117/965/190 28/963/49
f 103/966/168 337/967/462 520/968/169
f 103/969/168 165/970/274 337/971/462
f 338/972/463 339/973/222 340/974/464
f 338/972/463 414/975/465 341/976/466
f 338/972/463 340/974/464 342/977/467
f 338/972/463 341/976/466 339/973/222
f 338/972/463 342/977/467 414/975/465
f 200/597/326 269/599/325 394/978/468
f 200/597/326 343/979/440 519/598/327
f 200/597/326 394/978/468 380/980/469
f 200/597/326 380/980/469 343/979/440
f 346/981/470 419/982/471 344/983/472
f 346/981/470 146/984/239 347/985/473
f 346/981/470 344/983/472 345/986/240
f 346/987/470 274/988/408 419/989/471
f 346/990/470 347/991/473 274/992/408
f 346/981/470 345/986/240 146/984/239
f 348/993/379 408/994/424 311/995/341
f 348/996/379 310/997/439 119/998/192
f 348/999/379 311/886/341 310/885/439
f 77/229/128 523/889/441 78/230/129
f 77/229/128 349/1000/373 523/889/441
f 350/1001/474 425/1002/475 239/1003/367
f 350/1004/474 456/1005/330 425/1006/475
f 350/1001/474 239/1003/367 351/863/435
f 350/1004/474 351/1007/435 456/1005/330
f 26/1008/41 352/1009/101 404/1010/476
f 26/1008/41 404/1010/476 353/1011/42
f 26/87/41 354/1012/477 352/180/101
f 26/87/41 25/86/45 354/1012/477
f 355/1013/478 126/1014/205 31/97/52
f 355/1015/478 30/1016/51 116/336/189
f 355/1013/478 31/97/52 30/96/51
f 355/1015/478 467/1017/479 356/1018/206
f 355/1015/478 356/1018/206 126/1019/205
f 355/1015/478 116/336/189 467/1017/479
f 544/1020/480 357/1021/3 437/1022/481
f 544/1020/480 437/1022/481 358/1023/482
f 36/1024/62 502/1025/63 161/1026/268
f 36/951/62 160/1027/267 110/310/177
f 36/1024/62 161/1026/268 160/1028/267
f 360/1029/483 359/1030/198 256/1031/392
f 360/1032/483 256/1033/392 361/1034/275
f 360/1032/483 361/1034/275 363/1035/273
f 360/1036/483 362/1037/484 503/1038/199
f 360/1036/483 363/1039/273 362/1037/484
f 360/1040/483 503/351/199 359/350/198
f 364/1041/74 328/934/457 99/284/161
f 364/1041/74 365/1042/77 328/934/457
f 364/1041/74 99/284/161 147/283/160
f 282/812/411 179/541/297 277/813/412
f 282/819/411 280/817/414 366/1043/241
f 282/812/411 367/1044/485 179/541/297
f 282/812/411 366/1045/241 367/1044/485
f 368/1046/398 372/1047/486 373/1048/487
f 368/1049/398 373/1050/487 318/906/446
f 368/775/398 263/780/401 369/1051/488
f 368/1046/398 369/1052/488 151/1053/248
f 368/775/398 318/901/446 261/776/399
f 368/1046/398 151/1053/248 372/1047/486
f 352/180/101 354/1012/477 59/181/102
f 352/1009/101 440/1054/104 404/1010/476
f 293/848/426 298/1055/432 218/646/348
f 293/848/426 218/646/348 215/641/347
f 293/848/426 295/851/429 298/1055/432
f 370/1056/489 281/818/413 46/146/80
f 370/1057/489 46/142/80 148/431/243
f 370/1058/489 539/1059/17 371/1060/16
f 370/1057/489 148/431/243 539/1061/17
f 372/1062/486 534/1063/219 373/1064/487
f 372/1062/486 485/1065/247 374/1066/490
f 372/1062/486 374/1066/490 534/1063/219
f 372/1047/486 151/1053/248 485/1067/247
f 376/1068/396 429/1069/491 428/1070/492
f 376/771/396 529/772/395 377/1071/493
f 376/1068/396 428/1070/492 375/1072/494
f 376/1073/396 377/1074/493 429/1075/491
f 376/1068/396 375/1072/494 378/1076/251
f 126/1014/205 288/1077/421 31/97/52
f 126/368/205 379/1078/495 288/1079/421
f 126/368/205 129/372/209 379/1078/495
f 157/467/262 446/1080/496 265/468/263
f 157/1081/262 343/979/440 380/980/469
f 157/467/262 380/1082/469 446/1080/496
f 107/311/174 110/310/177 160/1027/267
f 107/305/174 160/483/267 541/705/370
f 119/341/192 310/1083/439 120/342/193
f 171/509/284 511/1084/497 169/510/285
f 171/1085/284 272/799/406 381/1086/498
f 171/514/284 142/404/229 272/796/406
f 171/1085/284 381/1086/498 511/1087/497
f 237/690/364 379/1078/495 129/372/209
f 237/690/364 129/372/209 238/691/365
f 237/1088/364 240/697/368 379/1089/495
f 383/1090/55 382/1091/360 57/1092/99
f 383/1093/55 538/175/98 527/1094/358
f 383/1095/55 527/673/358 33/1096/56
f 383/1093/55 57/176/99 538/175/98
f 136/389/216 402/388/220 384/1097/499
f 136/381/216 385/1098/500 134/382/217
f 136/389/216 384/1097/499 385/1099/500
f 339/394/222 386/707/371 138/395/223
f 339/1100/222 341/1101/466 386/1102/371
f 339/401/222 516/400/226 340/1103/464
f 388/317/179 387/1104/233 113/318/180
f 388/1105/179 495/1106/183 271/1107/405
f 219/423/237 221/651/188 245/424/238
f 219/423/237 345/426/240 389/1108/350
f 104/1109/170 390/1110/316 391/1111/369
f 104/1109/170 193/940/317 390/1110/316
f 104/1109/170 40/123/69 193/940/317
f 392/1112/175 305/881/438 393/1113/501
f 392/307/175 443/1114/502 109/308/176
f 392/1112/175 459/1115/173 305/881/438
f 392/1116/175 393/1117/501 443/1118/502
f 269/791/325 268/790/404 394/1119/468
f 63/190/108 246/721/375 60/191/109
f 63/200/108 62/199/113 180/544/299
f 207/617/334 315/616/335 471/1120/444
f 207/617/334 471/1120/444 83/1121/136
f 207/614/334 13/1122/25 11/46/24
f 207/617/334 83/1121/136 13/1123/25
f 22/74/36 325/929/210 517/1124/503
f 192/808/315 133/807/212 395/1125/381
f 396/1126/279 496/1127/504 498/1128/280
f 396/1126/279 8/1129/14 496/1127/504
f 224/511/286 101/289/164 536/1130/353
f 224/511/286 169/510/285 101/289/164
f 227/667/355 232/679/359 481/1131/505
f 227/669/355 267/1132/403 229/670/356
f 227/667/355 481/1131/505 267/1133/403
f 397/1134/506 319/904/294 54/265/87
f 397/1134/506 320/905/448 319/904/294
f 397/1135/506 398/1136/507 262/779/400
f 397/1135/506 262/779/400 320/1137/448
f 397/1134/506 54/265/87 398/1138/507
f 399/1139/147 493/1140/96 234/1141/148
f 399/1142/147 90/1143/150 400/1144/508
f 399/1145/147 400/1146/508 493/1147/96
f 277/813/412 179/541/297 326/932/456
f 277/813/412 401/1148/509 278/814/82
f 277/813/412 326/932/456 401/1148/509
f 403/1149/510 210/625/339 211/627/306
f 403/1150/510 434/1151/305 384/1152/499
f 403/1153/510 402/1154/220 210/1155/339
f 403/1156/510 211/1157/306 434/1158/305
f 403/1159/510 384/1097/499 402/388/220
f 404/1010/476 440/1054/104 451/1160/95
f 404/1161/476 451/169/95 353/168/42
f 30/1016/51 28/1162/49 117/339/190
f 30/1016/51 117/339/190 116/336/189
f 358/1023/482 490/1163/511 510/1164/512
f 358/1023/482 437/1022/481 490/1163/511
f 358/1023/482 510/1164/512 509/1165/513
f 406/1166/423 476/1167/61 405/1168/157
f 406/1166/423 405/1168/157 407/1169/156
f 406/1170/423 407/1171/156 408/1172/424
f 406/1173/423 290/115/64 476/114/61
f 250/1174/382 508/1175/514 409/1176/200
f 250/1177/382 507/1178/515 508/1179/514
f 250/1180/382 409/360/200 124/359/203
f 250/1181/382 395/1125/381 507/1182/515
f 410/1183/295 276/1184/376 411/1185/410
f 410/1186/295 411/1187/410 412/1188/6
f 179/541/297 367/1044/485 184/542/298
f 179/541/297 183/548/302 326/932/456
f 210/1155/339 402/1154/220 413/1189/516
f 210/1155/339 413/1189/516 15/1190/28
f 286/827/420 414/1191/465 415/1192/517
f 286/827/420 284/1193/417 414/1191/465
f 286/827/420 415/1192/517 535/907/449
f 135/384/218 134/386/217 416/1194/518
f 135/384/218 373/1195/487 534/385/219
f 135/1196/218 416/1197/518 318/906/446
f 135/1196/218 318/906/446 373/1050/487
f 154/1198/252 153/1199/255 516/400/226
f 154/1198/252 141/399/225 417/1200/519
f 154/1198/252 516/400/226 141/399/225
f 154/1201/252 417/1202/519 222/1203/253
f 419/1204/471 418/1205/520 344/1206/472
f 419/1207/471 274/803/408 168/506/281
f 419/1207/471 168/506/281 420/505/282
f 419/1204/471 420/1208/282 418/1205/520
f 421/1209/384 502/1210/63 422/1211/380
f 421/742/384 422/1212/380 251/743/385
f 421/751/384 162/482/266 161/481/268
f 421/1209/384 161/1213/268 502/1210/63
f 303/1214/436 67/206/116 64/202/115
f 303/1214/436 423/1215/389 67/206/116
f 303/874/436 16/873/31 258/1216/390
f 303/1217/436 258/1218/390 423/1219/389
f 425/1220/475 478/1221/521 240/697/368
f 425/1006/475 456/1005/330 424/1222/522
f 425/1220/475 240/697/368 239/694/367
f 425/1223/475 424/1224/522 478/1225/521
f 354/1226/477 25/1227/45 426/1228/428
f 354/1226/477 426/1228/428 294/1229/427
f 354/1226/477 294/1229/427 59/1230/102
f 429/1231/491 427/1232/337 428/1233/492
f 429/1231/491 431/1234/523 427/1232/337
f 429/1235/491 377/1236/493 430/1237/524
f 429/1238/491 430/1239/524 431/1240/523
f 432/268/152 93/267/153 262/1241/400
f 432/264/152 398/1138/507 54/265/87
f 432/1242/152 262/779/400 398/1136/507
f 408/994/424 433/1243/343 311/995/341
f 408/994/424 407/276/156 433/1243/343
f 328/934/457 365/1042/77 529/935/395
f 328/934/457 330/290/165 99/284/161
f 434/1244/305 520/1245/169 384/1246/499
f 434/1247/305 41/1248/70 520/1249/169
f 435/1250/7 436/1251/10 437/1252/481
f 435/536/7 437/1253/481 357/3/3
f 245/720/238 114/332/187 246/721/375
f 245/720/238 221/333/188 114/332/187
f 438/1254/103 439/1255/44 400/1144/508
f 438/183/103 524/187/106 439/1256/44
f 438/1254/103 90/1143/150 440/1257/104
f 438/1254/103 400/1144/508 90/1143/150
f 441/862/434 203/603/110 204/608/331
f 441/1258/434 456/606/330 351/1259/435
f 441/1258/434 204/607/331 456/606/330
f 67/206/116 423/1215/389 442/1260/525
f 67/204/116 442/1261/525 66/205/117
f 444/211/121 198/1262/320 443/1263/502
f 444/1264/121 443/1118/502 393/1117/501
f 444/1265/121 393/1266/501 72/1267/122
f 444/211/121 73/220/123 198/1262/320
f 418/1205/520 420/1208/282 214/638/278
f 418/1268/520 468/1269/526 344/1270/472
f 418/1205/520 214/638/278 445/637/344
f 418/1268/520 445/1271/344 468/1269/526
f 446/1272/496 34/106/57 35/105/58
f 446/1272/496 35/105/58 265/1273/263
f 446/1272/496 447/1274/527 34/106/57
f 446/1080/496 380/1082/469 447/1275/527
f 315/616/335 208/618/336 316/896/443
f 448/1276/528 337/1277/462 521/1278/271
f 448/1276/528 521/1278/271 88/250/142
f 448/1276/528 385/1099/500 337/1277/462
f 448/1279/528 449/1280/140 385/1098/500
f 448/1276/528 88/250/142 449/1281/140
f 440/1282/104 90/1283/150 450/1284/149
f 440/1282/104 450/1284/149 451/1285/95
f 452/1286/90 85/248/141 86/247/143
f 452/1287/90 86/251/143 472/1288/451
f 401/1289/509 453/1290/37 47/147/83
f 401/1291/509 23/77/38 453/76/37
f 401/1148/509 326/932/456 23/1292/38
f 401/1289/509 47/147/83 278/145/82
f 56/83/43 493/1147/96 400/1146/508
f 56/83/43 400/1146/508 439/84/44
f 147/1293/160 512/1294/162 513/1295/242
f 198/589/320 197/588/322 454/1296/458
f 198/1297/320 454/953/458 443/1298/502
f 232/679/359 335/1299/459 481/1131/505
f 458/1300/529 455/1301/256 456/1302/330
f 458/1300/529 456/1302/330 457/1303/332
f 458/1304/529 457/611/332 155/457/257
f 458/1304/529 155/457/257 455/456/256
f 180/544/299 62/199/113 181/545/300
f 306/878/437 305/877/438 459/1305/173
f 306/875/437 386/1102/371 341/1101/466
f 306/875/437 341/1101/466 284/822/417
f 306/875/437 459/1306/173 386/1102/371
f 310/1307/439 498/1308/280 120/1309/193
f 66/1310/117 460/1311/530 461/1312/531
f 66/205/117 442/1261/525 460/1313/530
f 66/1310/117 461/1312/531 3/18/9
f 464/1314/181 463/1315/532 112/1316/182
f 464/1317/181 462/1318/290 316/896/443
f 464/1317/181 316/896/443 463/1319/532
f 464/1320/181 113/1321/180 462/1322/290
f 175/530/139 176/529/293 449/1323/140
f 465/1324/351 74/226/124 542/225/125
f 465/1324/351 466/1325/533 467/1326/479
f 465/649/351 389/648/350 468/1327/526
f 465/1324/351 467/1326/479 469/1328/186
f 465/1324/351 468/1269/526 74/226/124
f 465/1324/351 542/225/125 466/1325/533
f 222/656/253 144/416/231 518/415/230
f 222/1203/253 417/1202/519 144/409/231
f 471/1329/444 173/521/291 470/1330/134
f 471/1331/444 470/235/134 83/237/136
f 163/1332/270 472/1288/451 86/251/143
f 163/1333/270 506/1334/391 472/1335/451
f 163/495/270 361/494/275 506/1336/391
f 163/1332/270 86/251/143 88/250/142
f 163/1332/270 88/250/142 521/1278/271
f 473/1337/534 474/1338/535 513/1339/242
f 473/1337/534 511/1087/497 381/1086/498
f 473/1337/534 513/1339/242 511/1087/497
f 473/1337/534 381/1086/498 474/1338/535
f 475/1340/321 476/1341/61 197/588/322
f 475/1342/321 405/1168/157 476/1167/61
f 475/1343/321 196/1344/323 97/1345/158
f 475/1342/321 97/1346/158 405/1168/157
f 93/271/153 92/270/151 369/1347/488
f 93/1348/153 263/781/401 262/779/400
f 93/1348/153 369/1349/488 263/781/401
f 134/382/217 385/1098/500 449/1280/140
f 134/386/217 449/1350/140 416/1194/518
f 138/395/223 82/234/133 81/233/132
f 343/979/440 313/1351/442 519/598/327
f 281/816/413 347/985/473 280/817/414
f 187/1352/308 504/753/386 253/749/387
f 187/1353/308 308/1354/311 477/1355/536
f 187/1353/308 477/1355/536 504/1356/386
f 187/1352/308 253/749/387 188/1357/309
f 423/1215/389 257/1358/393 442/1260/525
f 288/1359/421 379/1089/495 478/1221/521
f 288/1360/421 478/1361/521 530/1362/537
f 288/1363/421 530/1364/537 289/1365/422
f 296/853/431 479/1366/346 217/854/349
f 296/853/431 299/1367/105 59/1230/102
f 296/853/431 59/1230/102 294/1229/427
f 296/853/431 294/1229/427 479/1366/346
f 391/1111/369 390/1110/316 362/1368/484
f 391/1369/369 362/1037/484 363/1039/273
f 391/1369/369 363/1039/273 480/1370/272
f 305/881/438 309/880/310 393/1113/501
f 335/958/459 34/957/57 447/1371/527
f 335/958/459 447/1371/527 481/1372/505
f 483/1373/461 28/460/49 155/459/257
f 483/1374/461 482/1375/112 60/1376/109
f 483/1377/461 457/611/332 482/610/112
f 483/1377/461 155/457/257 457/611/332
f 208/618/336 463/1319/532 316/896/443
f 208/1378/336 427/1232/337 431/1234/523
f 208/1378/336 431/1234/523 463/1315/532
f 486/1379/246 15/1380/28 500/1381/538
f 486/1382/246 484/1383/29 15/1384/28
f 486/1382/246 324/920/453 484/1383/29
f 486/1379/246 500/1381/538 485/1385/247
f 486/1386/246 531/1387/454 324/1388/453
f 486/1386/246 149/1389/245 531/1387/454
f 213/636/342 96/1390/155 487/1391/539
f 213/631/342 488/1392/39 20/632/35
f 213/636/342 433/635/343 96/1390/155
f 213/631/342 487/1393/539 488/1392/39
f 25/1394/45 489/1395/46 537/1396/540
f 25/1227/45 537/1397/540 426/1228/428
f 74/226/124 468/1269/526 445/1271/344
f 74/226/124 445/1271/344 20/1398/35
f 490/1399/511 437/1252/481 491/1400/541
f 490/1401/511 122/1402/201 510/1403/512
f 490/1401/511 491/1404/541 122/1402/201
f 81/1405/132 470/1330/134 140/520/224
f 472/1335/451 506/1334/391 492/1406/452
f 234/1407/148 493/1408/96 57/1409/99
f 234/681/148 57/1410/99 382/682/360
f 301/695/366 235/688/363 302/194/111
f 301/867/366 351/863/435 239/1003/367
f 474/1338/535 494/1411/73 513/1339/242
f 474/1338/535 271/798/405 495/1412/183
f 474/1338/535 381/1086/498 271/798/405
f 474/1413/535 495/1414/183 494/1415/73
f 496/1416/504 6/1417/13 497/1418/194
f 496/1416/504 497/1418/194 120/1419/193
f 496/1416/504 8/1420/14 6/1417/13
f 496/1416/504 120/1419/193 498/1421/280
f 298/856/432 295/1422/429 499/1423/542
f 298/856/432 499/1423/542 299/857/105
f 15/1190/28 413/1189/516 500/1424/538
f 414/1425/465 284/822/417 341/1101/466
f 414/1191/465 342/1426/467 415/1192/517
f 289/1365/422 456/1302/330 455/1301/256
f 289/1365/422 530/1364/537 456/1302/330
f 501/1427/543 314/469/264 202/470/260
f 501/1428/543 201/1429/328 242/714/374
f 501/1430/543 242/1431/374 79/231/130
f 501/1427/543 202/470/260 201/1432/328
f 501/1430/543 79/231/130 78/230/129
f 501/1430/543 78/230/129 314/891/264
f 502/1433/63 249/734/65 422/733/380
f 191/1434/314 362/1368/484 390/1110/316
f 191/1434/314 124/1435/203 503/1436/199
f 191/1434/314 503/1436/199 362/1368/484
f 504/1437/386 285/825/419 9/911/20
f 504/745/386 9/1438/20 254/746/23
f 504/1437/386 477/1439/536 285/825/419
f 506/758/391 361/1440/275 256/759/392
f 506/1334/391 505/1441/30 492/1406/452
f 506/1442/391 18/66/32 505/65/30
f 127/370/207 182/767/301 128/371/208
f 127/1443/207 183/548/302 182/547/301
f 508/1444/514 507/1445/515 132/1446/214
f 508/1447/514 510/1448/512 409/1449/200
f 508/1444/514 132/1446/214 509/1450/513
f 508/1451/514 509/1452/513 510/1453/512
f 261/778/399 320/1137/448 262/779/400
f 230/672/357 229/677/356 33/1096/56
f 230/672/357 33/1096/56 527/673/358
f 511/1454/497 512/1455/162 100/1456/163
f 511/1084/497 100/288/163 169/510/285
f 511/1454/497 513/1457/242 512/1455/162
f 6/29/13 71/28/15 70/1458/120
f 6/1459/13 70/209/120 497/700/194
f 188/566/309 514/1460/195 497/699/194
f 188/566/309 253/1461/387 514/1460/195
f 359/1030/198 257/1462/393 256/1031/392
f 359/366/198 123/365/202 257/1358/393
f 379/1089/495 240/697/368 478/1221/521
f 140/520/224 470/1330/134 173/521/291
f 140/398/224 515/1463/232 141/399/225
f 272/799/406 271/798/405 381/1086/498
f 146/984/239 280/817/414 347/985/473
f 146/984/239 366/1043/241 280/817/414
f 439/1256/44 524/187/106 489/1464/46
f 484/1383/29 324/920/453 505/1465/30
f 340/974/464 153/451/255 375/1466/494
f 340/974/464 516/1467/226 153/451/255
f 340/974/464 375/1466/494 342/977/467
f 422/733/380 248/735/196 251/1468/385
f 466/1325/533 517/1469/503 467/1326/479
f 466/1325/533 542/225/125 517/1469/503
f 142/404/229 223/515/287 518/1470/230
f 181/545/300 62/199/113 235/688/363
f 519/598/327 243/1471/372 201/600/328
f 519/1472/327 313/1473/442 243/711/372
f 463/1315/532 431/1234/523 112/1316/182
f 92/1474/151 151/1053/248 369/1052/488
f 96/1390/155 95/148/84 487/1391/539
f 96/275/155 433/1243/343 407/276/156
f 337/1277/462 385/1099/500 384/1097/499
f 337/1475/462 384/1476/499 520/1477/169
f 337/971/462 165/970/274 521/1478/271
f 436/19/10 3/18/9 461/1312/531
f 436/1251/10 461/1479/531 437/1252/481
f 522/422/236 367/1480/485 366/427/241
f 522/1481/236 184/542/298 367/1044/485
f 251/1482/385 514/1460/195 253/1461/387
f 251/1482/385 248/1483/196 514/1460/195
f 523/889/441 314/891/264 78/230/129
f 523/1484/441 349/712/373 313/1473/442
f 478/1361/521 424/1485/522 530/1362/537
f 133/807/212 507/1182/515 395/1125/381
f 133/379/212 132/378/214 507/1486/515
f 494/1487/73 495/1488/183 533/1489/75
f 95/148/84 47/149/83 487/1391/539
f 451/1490/95 450/1491/149 528/1492/97
f 489/1395/46 524/1493/106 537/1396/540
f 285/825/419 477/1439/536 308/829/311
f 460/1313/530 442/1261/525 123/357/202
f 460/1311/530 122/1494/201 491/1495/541
f 460/1311/530 491/1495/541 461/1312/531
f 460/1313/530 123/357/202 122/356/201
f 525/1496/292 462/1322/290 113/1321/180
f 525/524/292 387/1497/233 515/525/232
f 525/1498/292 113/318/180 387/1104/233
f 176/1499/293 526/1500/447 449/1350/140
f 231/1501/146 527/1502/358 528/1503/97
f 231/254/146 528/1504/97 450/259/149
f 53/162/93 52/160/92 149/434/245
f 453/1505/37 488/1392/39 487/1393/539
f 453/1290/37 487/1506/539 47/147/83
f 529/1507/395 365/1508/77 377/1509/493
f 443/1298/502 454/953/458 109/952/176
f 299/186/105 499/1510/542 524/187/106
f 456/1005/330 530/1511/537 424/1222/522
f 71/214/15 540/1512/18 73/215/123
f 344/983/472 389/1513/350 345/986/240
f 344/1270/472 468/1269/526 389/1514/350
f 159/476/135 10/42/22 13/51/25
f 159/1515/135 13/1516/25 83/1517/136
f 427/1232/337 209/1518/338 428/1233/492
f 52/160/92 531/1519/454 149/434/245
f 526/1500/447 416/1194/518 449/1350/140
f 526/903/447 318/906/446 416/1197/518
f 153/451/255 378/453/251 375/1466/494
f 243/715/372 242/714/374 201/1429/328
f 243/711/372 313/1473/442 349/712/373
f 162/475/266 254/43/23 10/42/22
f 16/69/31 18/68/32 258/766/390
f 129/372/209 128/371/208 238/691/365
f 144/409/231 417/1202/519 515/410/232
f 476/1341/61 454/1296/458 197/588/322
f 100/288/163 101/289/164 169/510/285
f 532/1520/76 112/1521/182 430/1522/524
f 532/1523/76 377/1509/493 365/1508/77
f 532/1523/76 430/1524/524 377/1509/493
f 532/1525/76 533/1526/75 112/1527/182
f 402/1528/220 534/1529/219 413/1530/516
f 535/1531/449 428/1233/492 209/1518/338
f 535/909/449 209/1532/338 322/910/21
f 535/907/449 415/1192/517 428/1070/492
f 101/291/164 330/290/165 536/1533/353
f 112/1534/182 431/1240/523 430/1239/524
f 235/688/363 62/199/113 302/194/111
f 257/1358/393 123/365/202 442/1260/525
f 72/1267/122 393/1266/501 309/1535/310
f 411/949/410 332/948/11 412/1536/6
f 324/920/453 492/916/452 505/1465/30
f 426/850/428 537/1537/540 295/851/429
f 409/1538/200 510/1539/512 122/1540/201
f 538/1541/98 528/1542/97 527/1543/358
f 534/1529/219 374/1544/490 413/1530/516
f 141/399/225 515/1463/232 417/1200/519
f 196/1545/323 539/1546/17 148/430/243
f 196/1545/323 540/1547/18 539/1546/17
f 196/1545/323 148/430/243 97/280/158
f 485/1065/247 500/1548/538 374/1066/490
f 467/1549/479 517/1124/503 356/1550/206
f 467/1017/479 116/336/189 469/335/186
f 437/1252/481 461/1479/531 491/1400/541
f 541/705/370 160/483/267 84/473/137
f 541/1551/370 84/238/137 82/234/133
f 428/1070/492 415/1192/517 375/1072/494
f 209/621/338 11/46/24 322/45/21
f 325/929/210 356/1550/206 517/1124/503
f 524/1493/106 499/1552/542 537/1396/540
f 500/1553/538 413/1530/516 374/1544/490
f 35/1554/58 33/1096/56 229/677/356
f 447/1371/527 394/1119/468 481/1372/505
f 447/1555/527 380/980/469 394/978/468
f 267/789/403 394/1119/468 268/790/404
f 267/789/403 481/1372/505 394/1119/468
f 295/1422/429 537/1556/540 499/1423/542
f 415/1192/517 342/1426/467 375/1072/494
f 19/75/34 22/74/36 517/1124/503
f 19/75/34 517/1124/503 542/1557/125
f 371/1060/16 273/802/407 543/1558/544
f 273/802/407 274/803/408 543/1558/544
f 274/992/408 347/991/473 543/1559/544
f 347/991/473 281/818/413 543/1559/544
f 281/818/413 370/1056/489 543/1559/544
f 370/1058/489 371/1060/16 543/1558/544
f 177/5/4 2/4/1 545/1560/545
f 2/1/1 357/3/3 545/1561/545
f 357/3/3 544/1562/480 545/1561/545
f 544/1020/480 358/1023/482 545/1563/545
f 358/1023/482 509/1165/513 545/1563/545
f 509/1450/513 132/1446/214 545/1560/545
f 132/1446/214 131/374/211 545/1560/545
f 131/374/211 130/376/213 545/1560/545
f 130/376/213 177/5/4 545/1560/545
